1
2
3
4
5
6
8
9
10
11
12
13
14
15
16
17
18
19
20
21
22
23
24
25
26
27
29
30
31
32
33
34
35
36
37
38
39
40
41
42
43
44
45
46
47
48
49
50
51
52
53
54
55
56
57
58
59
60
61
62
63
64
65
66
67
68
69
70
71
72
73
74
75
76
77
78
79
80
81
82
83
84
85
86
87
88
89
90
91
92
93
94
95
96
97
98
99
100
101
102
103
104
105
106
107
108
109
110
111
112
113
114
115
116
117
118
119
120
121
122
123
124
125
126
127
128
129
130
131
132
133
134
135
136
138
139
140
141
142
143
144
145
146
147
148
149
150
151
152
153
154
155
156
157
158
159
160
161
162
163
164
165
166
167
168
169
170
171
172
173
174
175
176
177
178
179
180
181
182
183
184
185
186
187
188
189
190
191
192
193
194
195
196
197
198
199
200
201
202
203
204
205
206
207
208
209
210
211
213
214
215
216
217
218
219
220
221
222
223
225
226
227
228
229
230
231
232
233
234
235
236
237
238
239
240
241
242
243
244
245
246
247
252
253
254
255
256
257
258
259
260
262
263
264
265
267
268
269
270
271
272
273
274
275
276
277
278
279
280
281
283
284
285
287
289
290
291
292
293
295
296
297
298
299
300
301
302
303
304
305
306
372
373
374
376
377
379
509
510
511
512
514
515
516
518
519
520
521
522
523
524
525
526
527
530
531
532
533
534
535
536
537
538
539
540
541
542
543
545
546
547
548
549
550
551
552
554
555
556
557
558
560
561
562
563
564
566
567
568
569
570
571
572
573
574
575
576
577
579
580
581
582
583
584
585
586
587
588
589
591
592
594
595
596
597
598
599
600
601
602
603
605
606
609
610
611
612
613
614
615
616
666
667
668
670
671
672
673
674
675
676
677
678
681
682
683
684
685
686
687
688
689
690
691
693
694
698
699
700
701
706
707
708
711
713
714
715
716
717
718
720
721
727
747
748
749
750
751
752
753
754
755
756
757
758
759
762
763
765
767
768
769
770
771
772
773
784
785
787
788
791
792
795
798
799
800
801
802
803
804
805
806
807
808
809
810
811
812
813
814
815
816
817
818
819
820
821
822
823
824
825
826
827
828
829
830
831
832
833
834
835
836
837
838
843
845
846
847
848
849
850
851
852
853
854
855
856
857
886
887
888
889
890
891
892
893
894
895
896
897
898
899
900
901
902
903
904
905
906
907
908
909
910
912
913
914
915
916
917
919
920
922
923
924
925
927
928
929
930
931
932
933
934
936
937
938
939
941
942
943
944
947
948
949
950
951
952
953
954
955
956
957
958
959
960
961
962
963
964
965
966
967
968
969
970
971
972
973
974
975
976
977
978
979
980
981
982
983
984
985
986
987
988
989
990
991
992
993
994
995
996
997
998
999
1000
1001
1002
1003
1004
1005
1006
1007
1008
1009
1010
1011
1012
1013
1014
1015
1019
1020
1021
1022
1023
1024
1025
1026
1027
1028
1029
1030
1031
1032
1033
1034
1035
1036
1037
1038
1039
1040
1041
1042
1043
1044
1045
1046
1048
1049
1050
1051
1052
1053
1054
1055
1056
1057
1058
1060
1061
1062
1064
1065
1066
1067
1068
1069
1070
1071
1072
1073
1074
1075
1076
1077
1078
1079
1080
1081
1082
1083
1084
1085
1086
1087
1088
1089
1096
1097
1098
1099
1100
1201
1202
1204
1206
1207
1208
1209
1210
1211
1212
1214
1215
1216
1217
1218
1219
1220
1221
1222
1223
1224
1225
1226
1227
1228
1229
1230
1231
1232
1233
1236
1237
1238
1239
1240
1242
1243
1244
1245
1246
1247
1249
1250
1251
1252
1254
1255
1256
1258
1259
1260
1261
1262
1263
1264
1265
1266
1276
1278
1280
1281
1282
1283
1284
1285
1286
1287
1288
1289
1291
1292
1293
1294
1295
1296
1298
1310
1311
1312
1313
1314
1315
1316
1317
1319
1320
1321
1341
1343
1344
1345
1346
1347
1348
1349
1350
1351
1354
1355
1356
1357
1358
1359
1360
1361
1362
1363
1364
1365
1366
1367
1368
1369
1370
1371
1372
1373
1374
1375
1376
1377
1378
1379
1380
1381
1396
1397
1398
1399
1400
1401
1402
1403
1404
1406
1407
1408
1409
1410
1411
1412
1414
1415
1416
1417
1418
1419
1420
1421
1422
1423
1424
1426
1427
1428
1429
1430
1431
1432
1433
1434
1436
1437
1438
1439
1440
1441
1442
1443
1444
1445
1446
1447
1448
1449
1450
1451
1457
1458
1461
1462
1464
1466
1467
1469
1471
1473
1474
1478
1480
1481
1482
1483
1484
1485
1486
1488
1490
1491
1492
1494
1496
1498
1500
1503
1504
1505
1506
1507
1508
1509
1511
1512
1513
1519
1520
1521
1522
1527
1528
1529
1531
1532
1533
1534
1548
1550
1602
1603
1604
1605
1606
1607
1608
1609
1610
1611
1612
1613
1614
1615
1616
1617
1620
1621
1622
1623
1625
1626
1627
1628
1630
1631
1632
1633
1634
1635
1637
1638
1639
1640
1641
1642
1643
1644
1645
1646
1647
1648
1649
1650
1651
1652
1655
1656
1657
1658
1659
1660
1661
1662
1664
1665
1666
1667
1668
1669
1670
1671
1672
1673
1674
1675
1676
1677
1678
1679
1681
1682
1683
1684
1685
1686
1687
1688
1689
1690
1691
1692
1693
1694
1695
1696
1697
1698
1699
1700
1701
1702
1703
1704
1705
1706
1727
1728
1730
1731
1733
1734
1735
1736
1737
1740
1742
1743
1744
1745
1746
1747
1749
1750
1751
1753
1757
1758
1760
1761
1762
1763
1765
1766
1767
1768
1772
1775
1777
1778
1779
1781
1784
1785
1786
1787
1788
1789
1790
1791
1792
1793
1794
1795
1796
1797
1798
1799
1800
1801
1802
1803
1804
1805
1806
1807
1808
1809
1810
1816
1817
1818
1819
1820
1821
1822
1823
1824
1825
1826
1827
1828
1829
1830
1831
1832
1834
1838
1839
1840
1842
1843
1848
1851
1852
1855
1856
1857
1858
1859
1860
1861
1862
1863
1864
1865
1866
1867
1868
1869
1870
1871
1872
1873
1874
1875
1876
1904
1905
1906
1907
1908
1909
1910
1915
1916
1917
1918
1919
1920
1924
1925
1927
1928
1929
1931
1932
1933
1934
1956
1957
1958
1959
1963
1964
1965
1966
1968
1969
1970
1971
1972
1973
1974
1975
1976
1977
1978
1979
1980
1981
1982
1983
1984
1985
1986
1987
1988
1989
1990
1991
1992
1993
1994
1995
1996
1997
1998
1999
2000
2001
2002
2003
2005
2006
2007
2008
2009
2010
2011
2013
2014
2015
2018
2019
2020
2021
2022
2023
2024
2025
2030
2031
2032
2033
2034
2035
2037
2041
2042
2044
2046
2048
2050
2051
2052
2053
2054
2055
2056
2137
2138
2139
2140
2141
2142
2143
2144
2145
2146
2149
2150
2151
2152
2153
2154
2274
2275
2276
2277
2378
2379
2381
2382
2383
2384
2385
2386
2489
2490
2491
2492
2493
2495
2496
2497
2531
2532
2533
2534
2535
2536
2537
2538
2539
2540
2543
2544
2545
2548
2549
2550
2551
2552
2553
2554
2555
2556
2557
2558
2559
2560
2561
2562
2563
2564
2565
2566
2567
2568
2569
2571
2572
2573
2574
2575
2576
2577
2579
2580
2581
2582
2584
2615
2616
2621
2622
2623
2624
2625
2626
2627
2628
2629
2630
2631
2632
2633
2634
2635
2636
2637
2638
2639
2640
2641
2642
2644
2645
2646
2648
2649
2650
2651
2684
2685
2695
2696
2697
2698
2699
2700
2701
2702
2703
2704
2705
2706
2707
2708
2709
2710
2711
2712
2713
2714
2715
2716
2717
2718
2719
2720
2721
2722
2723
2724
2725
2726
2727
2728
2729
2731
2732
2733
2734
2735
2737
2738
2739
2740
2741
2742
2743
2744
2745
2746
2747
2748
2749
2750
2751
2752
2753
2754
2755
2756
2757
2758
2759
2760
2761
2763
2764
2765
2767
2768
2769
2770
2771
2772
2823
2824
2825
2826
2828
2829
2880
2881
2882
2883
2885
2886
2887
2888
2889
2890
2891
2892
2893
2894
2896
2897
2898
2899
2900
2901
2902
2903
2904
2905
2906
2907
2908
2909
2910
2911
2912
2913
2914
2915
2916
2918
2919
2920
2922
2923
2924
2925
2927
2928
2929
2930
2931
2932
2933
2934
2935
2936
2938
2939
2940
2941
2942
3042
3043
3044
3045
3046
3047
3048
3049
3050
3051
3052
3053
3054
3055
3056
3057
3059
3060
3061
3062
3063
3064
3065
3066
3067
3068
3069
3070
3071
3072
3073
3074
3075
3076
3077
3078
3079
3080
3081
3082
3110
3111
3112
3113
3114
3115
3116
3117
3119
3120
3127
3128
3129
3131
3132
3133
3134
3135
3136
3137
3138
3139
3140
3141
3143
3144
3145
3146
3147
3148
3149
3150
3152
3153
3208
3354
3355
3356
3357
3358
3359
3360
3361
3362
3363
3364
3365
3366
3367
3369
3379
3380
3381
3382
3383
3384
3385
3386
3387
3388
3389
3390
3391
3392
3393
3394
3395
3396
3397
3398
3400
3401
3402
3403
3404
3405
3406
3407
3408
3409
3410
3411
3416
3417
3418
3419
3420
3421
3422
3423
3424
3425
3445
3446
3447
3448
3449
3450
3451
3452
3453
3454
3455
3456
3457
3458
3459
3460
3461
3462
3463
3464
3465
3466
3467
3468
3469
3470
3471
3472
3473
3474
3475
3476
3477
3478
3479
3480
3481
3482
3483
3484
3485
3486
3487
3488
3489
3490
3491
3492
3493
3494
3495
3496
3497
3498
3499
3500
3501
3502
3504
3505
3506
3507
3508
3509
3510
3511
3512
3513
3514
3515
3525
3526
3527
3528
3529
3530
3531
3532
3533
3534
3535
3536
3537
3538
3539
3540
3541
3542
3543
3544
3545
3546
3547
3548
3549
3550
3551
3552
3553
3554
3555
3556
3557
3558
3559
3560
3561
3562
3563
3564
3565
3566
3567
3568
3569
3570
3571
3572
3573
3574
3575
3576
3577
3578
3579
3580
3581
3582
3583
3584
3585
3586
3587
3588
3589
3590
3591
3592
3593
3594
3595
3596
3597
3598
3599
3600
3601
3602
3603
3604
3605
3606
3607
3608
3609
3610
3611
3612
3616
3617
3625
3627
3628
3631
3632
3633
3634
3635
3636
3637
3638
3639
3640
3641
3642
3643
3644
3645
3646
3647
3648
3649
3650
3651
3652
3653
3654
3655
3656
3657
3658
3659
3660
3661
3662
3663
3664
3668
3669
3670
3671
3672
3673
3674
3675
3676
3677
3678
3679
3680
3681
3682
3683
3684
3685
3686
3687
3688
3689
3694
3695
3696
3697
3698
3699
3700
3701
3702
3703
3704
3705
3706
3707
3708
3709
3710
3711
3712
3713
3714
3715
3716
3717
3718
3719
3720
3721
3722
3723
3724
3725
3726
3727
3728
3729
3730
3731
3733
3734
3735
3736
3737
3738
3739
3740
3741
3742
3743
3745
3746
3747
3748
3749
3750
3751
3752
3753
3754
3757
3758
3759
3760
3761
3762
3763
3764
3765
3766
3767
3768
3769
3770
3771
3772
3773
3774
3775
3776
3777
3778
3779
3780
3781
3782
3783
3784
3785
3786
3787
3788
3789
3790
3791
3792
3793
3794
3795
3796
3797
3798
3799
3800
3801
3802
3803
3804
3805
3806
3807
3808
3809
3810
3811
3812
3813
3814
3815
3816
3817
3818
3819
3820
3821
3822
3823
3825
3826
3827
3828
3829
3830
3831
3832
3833
3834
3835
3836
3837
3838
3839
3840
3841
3842
3844
3845
3846
3847
3848
3849
3850
3851
3853
3854
3855
3856
3857
3858
3859
3898
3899
3900
3901
3902
3903
3904
3905
3906
3907
3908
3909
3910
3911
3912
3913
3914
3916
3919
3921
3922
3923
3924
3925
3926
3928
3929
3930
3931
3932
3933
3934
3935
3936
3943
3944
3945
3946
3950
3951
3952
3953
3954
3955
3956
3957
3958
3959
3960
3961
3962
3963
3964
3965
3966
3967
3968
3969
3971
3972
3973
3974
3975
3976
3977
3993
3994
3995
3996
3997
3998
3999
4000
4006
4007
4008
4009
4010
4011
4012
4013
4014
4015
4016
4017
4018
4019
4020
4040
4041
4042
4043
4044
4045
4046
4047
4048
4049
4050
4051
4052
4053
4054
4056
4057
4058
4059
4060
4061
4062
4063
4064
4065
4126
4127
4129
4130
4131
4132
4133
4134
4135
4136
4137
4138
4139
4140
4141
4142
4143
4144
4145
4146
4147
4149
4150
4151
4158
4159
4160
4161
4165
4166
4167
4168
4169
4170
4171
4172
4173
4174
4176
4177
4178
4179
4180
4181
4182
4183
4184
4185
4186
4187
4188
4189
4190
4191
4192
4193
4194
4195
4196
4197
4198
4199
4200
4201
4202
4203
4204
4205
4206
4207
4208
4209
4210
4211
4212
4213
4214
4222
4223
4224
4225
4226
4227
4228
4229
4230
4232
4233
4234
4235
4236
4237
4238
4239
4240
4241
4242
4243
4244
4245
4246
4247
4248
4249
4250
4251
4252
4253
4254
4255
4256
4257
4258
4259
4260
4261
4262
4270
4271
4272
4273
4274
4275
4276
4277
4278
4279
4281
4282
4283
4284
4285
4286
4287
4288
4289
4290
4291
4292
4293
4294
4295
4296
4297
4298
4299
4302
4303
4304
4305
4306
4307
4308
4309
4310
4311
4312
4313
4314
4315
4316
4317
4318
4319
4320
4321
4322
4323
4324
4325
4326
4327
4328
4352
4353
4354
4355
4356
4357
4358
4359
4360
4361
4362
4363
4364
4365
4366
4367
4368
4369
4370
4371
4372
4373
4374
4375
4376
4377
4378
4379
4380
4381
4382
4383
4384
4385
4386
4387
4388
4389
4390
4391
4392
4393
4394
4431
4432
4433
4434
4435
4436
4437
4438
4439
4440
4441
4442
4443
4444
4445
4446
4447
4448
4449
4450
4451
4452
4453
4454
4456
4459
4460
4463
4464
4465
4466
4467
4468
4469
4470
4471
4472
4473
4474
4475
4476
4477
4478
4479
4480
4481
4482
4483
4484
4485
4486
4487
4488
4489
4490
4491
4493
4494
4495
4496
4497
4498
4499
4500
4501
4502
4503
4505
4506
4507
4508
4509
4511
4512
4513
4514
4515
4516
4518
4519
4520
4521
4522
4523
4525
4526
4527
4528
4529
4530
4531
4532
4533
4534
4535
4536
4537
4538
4539
4540
4541
4542
4543
4544
4545
4546
4547
4548
4549
4550
4551
4552
4553
4554
4556
4557
4558
4559
4560
4561
4562
4563
4564
4565
4566
4567
4568
4569
4570
4571
4572
4573
4574
4575
4576
4577
4578
4579
4580
4581
4582
4583
4584
4585
4586
4587
4590
4591
4592
4593
4594
4595
4596
4597
4599
4600
4602
4603
4604
4605
4606
4607
4608
4609
4610
4611
4612
4613
4614
4615
4616
4617
4618
4619
4620
4621
4622
4623
4624
4625
4626
4627
4628
4629
4630
4631
4632
4633
4634
4635
4636
4637
4638
4639
4640
4641
4642
4643
4644
4645
4646
4647
4648
4649
4650
4651
4653
4654
4655
4656
4657
4658
4659
4660
4661
4662
4663
4664
4665
4666
4667
4668
4669
4670
4671
4672
4682
4683
4736
4737
4738
4739
4740
4741
4742
4743
4744
4745
4746
4747
4748
4749
4750
4751
4752
4753
4754
4755
4756
4757
4758
4759
4760
4761
4762
4763
4764
4765
4766
4767
4768
4769
4770
4771
4773
4774
4775
4776
4777
4778
4779
4780
4785
4786
4787
4788
4789
4790
4794
4796
4797
4798
4799
4800
4801
4802
4803
4804
4805
4806
4808
4809
4811
4812
4814
4815
4817
4818
4819
4820
4821
4822
4823
4824
4825
4826
4827
4828
4829
4830
4831
4832
4834
4835
4836
4837
4838
4839
4841
4842
4843
4844
4845
4847
4848
4849
4850
4851
4852
4853
4854
4855
4857
4858
4859
4860
4861
4862
4863
4864
4865
4866
4867
4868
4869
4872
4873
4874
4875
4876
4877
4878
4880
4881
4882
4884
4886
4887
4888
4889
4890
4891
4892
4893
4894
4895
4897
4898
4899
4900
4901
4902
4903
4904
4905
4906
4907
4908
4909
4910
4911
4912
4913
4914
4915
4916
4917
4918
4921
4922
4923
4924
4925
4926
4927
4928
4929
4930
4931
4932
4933
4934
4935
4936
4937
4938
4939
4940
4941
4942
4943
4944
4945
4946
4947
4948
4950
4951
4952
4953
4954
4955
4956
4957
4958
4959
4960
4961
4962
4963
4964
4965
4966
4967
4968
4970
4971
4972
4973
4975
4976
4977
4978
4979
4980
4981
4982
4983
4984
4985
4986
4987
4988
4989
4990
4991
4995
4996
4997
4998
4999
5000
5001
5002
5003
5004
5005
5006
5007
5008
5009
5010
5011
5012
5013
5014
5015
5016
5017
5019
5020
5021
5022
5023
5024
5025
5026
5027
5028
5029
5030
5031
5033
5034
5035
5036
5037
5038
5039
5040
5042
5043
5044
5046
5047
5048
5049
5050
5051
5052
5053
5054
5055
5056
5057
5058
5059
5062
5063
5065
5066
5067
5068
5069
5070
5071
5072
5073
5074
5075
5076
5077
5078
5079
5080
5081
5082
5083
5084
5085
5086
5087
5088
5090
5091
5092
5093
5094
5095
5097
5098
5099
5100
5101
5102
5103
5104
5105
5106
5107
5108
5109
5110
5111
5112
5113
5114
5115
5117
5118
5119
5120
5536
5632
5633
5634
5635
5636
5637
5638
5639
5640
5641
5642
5643
5644
5645
5646
5647
5648
5649
5650
5651
5652
5653
5654
5655
5656
5657
5658
5659
5660
5661
5662
5663
5664
5665
5666
5667
5668
5669
5670
5671
5682
5683
5684
5685
5686
5687
5688
5689
5690
5691
5692
5693
5694
5695
5696
5697
5698
5699
5700
5701
5702
5703
5704
5705
5706
5707
5708
5709
5710
5711
5712
5713
5714
5715
5716
5717
5718
5719
5720
5721
5722
5723
5724
5725
5726
5727
5728
5729
5730
5731
5732
5733
5734
5735
5736
5737
5738
5739
5740
5741
5742
5743
5744
5745
5747
5748
5749
5750
5751
5752
5753
5754
5755
5756
5757
5758
5759
5760
5761
5762
5763
5764
5765
5766
5767
5768
5769
5770
5771
5772
5773
5774
5775
5776
5777
5778
5779
5780
5781
5782
5783
5784
5785
5786
5787
5788
5789
5790
5791
5792
5793
5794
5795
5796
5797
5798
5799
5800
6056
6057
6058
6059
6060
6061
6062
6063
6066
6068
6069
6070
6071
6072
6073
6074
6075
6076
6077
6078
6079
6080
6082
6083
6084
6086
6087
6088
6089
6090
6091
6092
6093
6094
6095
6096
6097
6098
6099
6100
6101
6102
6103
6104
6105
6106
6107
6108
6109
6110
6111
6112
6113
6114
6115
6116
6117
6118
6119
6120
6121
6122
6123
6124
6125
6126
6127
6128
6129
6130
6131
6132
6133
6134
6136
6137
6138
6139
6140
6141
6142
6143
6144
6145
6146
6147
6149
6150
6151
6153
6154
6155
6156
6157
6158
6159
6160
6161
6162
6163
6164
6165
6166
6167
6169
6170
6171
6172
6173
6174
6175
6176
6177
6178
6179
6180
6181
6182
6183
6184
6185
6186
6187
6188
6189
6190
6191
6192
6193
6194
6195
6196
6197
6198
6199
6200
6201
6202
6203
6207
6208
6209
6210
6211
6212
6213
6214
6215
6216
6217
6218
6219
6220
6221
6222
6223
6224
6225
6226
6227
6228
6229
6230
6231
6232
6233
6234
6235
6236
6237
6238
6239
6240
6241
6242
6243
6244
6245
6246
6247
6248
6249
6250
6251
6252
6253
6254
6255
6256
6257
6258
6259
6260
6261
6262
6263
6264
6265
6266
6267
6268
6269
6270
6271
6272
6273
6274
6275
6276
6277
6278
6279
6280
6281
6282
6283
6284
6285
6286
6287
6288
6289
6290
6291
6292
6293
6294
6295
6296
6297
6298
6299
6300
6301
6302
6303
6304
6305
6306
6307
6308
6309
6310
6311
6312
6313
6314
6315
6316
6317
6318
6319
6321
6322
6323
6324
6325
6326
6327
6328
6329
6330
6331
6332
6333
6334
6335
6336
6337
6338
6339
6340
6341
6342
6343
6344
6345
6346
6347
6348
6349
6350
6351
6352
6353
6354
6355
6356
6357
6358
6360
6361
6362
6363
6364
6365
6366
6367
6368
6369
6370
6371
6372
6373
6374
6375
6376
6377
6378
6379
6380
6390
6391
6392
6393
6394
6395
6396
6397
6398
6399
6400
6401
6402
6403
6404
6405
6406
6407
6408
6409
6410
6411
6413
6414
6415
6416
6417
6418
6419
6420
6421
6422
6423
6425
6426
6427
6428
6429
6430
6431
6432
6433
6434
6435
6436
6437
6438
6439
6440
6441
6442
6443
6444
6445
6446
6447
6448
6449
6450
6451
6452
6453
6454
6455
6456
6457
6458
6459
6460
6461
6462
6463
6464
6465
6466
6467
6468
6469
6470
6471
6472
6473
6474
6475
6476
6477
6478
6479
6480
6481
6482
6483
6484
6486
6487
6488
6489
6490
6491
6492
6493
6494
6495
6496
6497
6498
6499
6500
6501
6502
6503
6504
6505
6506
6507
6508
6509
6510
6511
6512
6513
6514
6515
6516
6517
6518
6519
6520
6521
6522
6523
6524
6525
6526
6527
6528
6529
6530
6531
6532
6533
6534
6535
6536
6537
6538
6539
6540
6541
6542
6544
6545
6546
6547
6548
6549
6550
6551
6552
6553
6554
6555
6556
6557
6558
6559
6560
6561
6562
6563
6564
6566
6567
6568
6569
6571
6572
6573
6574
6575
6576
6577
6578
6579
6580
6581
6582
6583
6584
6585
6586
6587
6588
6589
6590
6591
6592
6593
6594
6595
6596
6597
6598
6599
6600
6601
6602
6603
6604
6605
6606
6607
6608
6609
6610
6611
6612
6613
6614
6615
6616
6617
6618
6619
6620
6621
6622
6623
6624
6625
6626
6627
6628
6629
6631
6632
6633
6634
6635
6636
6637
6638
6639
6640
6641
6643
6644
6645
6646
6647
6648
6649
6650
6651
6652
6653
6654
6655
6685
6713
6879
6912
6916
6917
6918
6919
6920
6921
6922
6923
6924
6925
6926
6927
6928
6929
6930
6931
6932
6933
6934
6935
6936
6937
6938
6939
6940
6941
6942
6943
6944
6945
6946
6947
6948
6949
6950
6951
6952
6953
6954
6955
6956
6957
6958
6959
6960
6961
6962
6963
6964
6965
6966
6967
6968
6969
6970
6971
6972
6973
6974
6975
6976
6977
6978
6979
6980
6981
6982
6983
6984
6985
6986
6987
6988
6989
6990
6991
6992
6993
6994
6995
6996
6997
6998
6999
7000
7001
7002
7003
7004
7005
7006
7008
7009
7010
7011
7012
7013
7014
7015
7016
7017
7018
7019
7020
7021
7022
7023
7024
7025
7026
7027
7028
7029
7030
7031
7032
7033
7034
7035
7036
7037
7038
7039
7040
7041
7043
7044
7045
7046
7047
7048
7049
7050
7051
7052
7053
7054
7055
7056
7057
7058
7059
7060
7061
7062
7063
7065
7066
7067
7068
7069
7070
7071
7072
7078
7080
7081
7086
7087
7088
7089
7090
7091
7092
7093
7094
7095
7096
7097
7098
7099
7100
7101
7102
7104
7105
7106
7107
7108
7109
7110
7111
7112
7113
7114
7115
7116
7117
7118
7119
7120
7121
7122
7123
7124
7125
7126
7127
7128
7129
7130
7131
7132
7133
7134
7135
7136
7137
7138
7139
7140
7141
7142
7143
7144
7145
7146
7147
7148
7149
7150
7151
7152
7153
7154
7155
7156
7157
7158
7159
7160
7161
7162
7163
7164
7165
7166
7167
7168
7169
7170
7171
7172
7173
7174
7175
7176
7177
7178
7179
7180
7181
7182
7183
7184
7185
7186
7188
7189
7190
7191
7192
7193
7194
7195
7196
7197
7198
7199
7200
7201
7202
7203
7204
7205
7206
7207
7208
7209
7210
7211
7212
7213
7214
7215
7216
7217
7218
7219
7220
7221
7222
7223
7224
7225
7226
7227
7228
7229
7230
7231
7232
7233
7234
7235
7236
7237
7238
7239
7240
7241
7242
7243
7244
7245
7246
7247
7248
7249
7250
7251
7252
7253
7254
7255
7256
7257
7258
7259
7260
7261
7262
7263
7264
7265
7266
7267
7268
7269
7270
7271
7272
7273
7274
7275
7276
7277
7278
7279
7280
7281
7282
7283
7284
7285
7286
7289
7290
7295
7296
7297
7298
7299
7300
7301
7302
7303
7304
7305
7306
7307
7308
7309
7310
7311
7312
7313
7314
7315
7316
7317
7318
7319
7320
7321
7322
7323
7324
7325
7326
7327
7328
7329
7330
7331
7332
7333
7334
7335
7336
7337
7338
7339
7340
7341
7342
7343
7344
7345
7346
7347
7348
7349
7350
7351
7352
7353
7354
7355
7356
7357
7358
7359
7360
7361
7362
7364
7365
7366
7367
7368
7369
7370
7371
7372
7373
7374
7375
7376
7377
7378
7379
7380
7381
7382
7383
7384
7385
7386
7387
7388
7389
7390
7391
7392
7393
7394
7395
7396
7397
7398
7399
7400
7401
7402
7403
7404
7405
7406
7407
7408
7409
7410
7411
7412
7413
7415
7416
7417
7418
7419
7420
7421
7422
7423
7424
7425
7426
7427
7429
7430
7431
7432
7433
7434
7435
7436
7437
7438
7439
7440
7441
7442
7443
7444
7445
7446
7447
7448
7449
7450
7451
7452
7453
7454
7455
7456
7457
7458
7459
7460
7461
7462
7463
7464
7465
7466
7467
7468
7470
7471
7472
7473
7474
7475
7477
7478
7479
7481
7484
7485
7486
7487
7488
7489
7490
7491
7492
7493
7494
7495
7496
7497
7498
7499
7500
7532
7540
7541
7542
7543
7544
7545
7546
7547
7549
7550
7551
7552
7553
7554
7555
7556
7557
7565
7566
7567
7568
7569
7576
7577
7578
7579
7581
7582
7583
7584
7585
7586
7587
7588
7589
7590
7591
7593
7594
7595
7596
7597
7598
7599
7600
7602
7603
7604
7605
7606
7607
7608
7609
7610
7611
7612
7613
7614
7615
7616
7617
7618
7619
7620
7628
7629
7630
7631
7632
7633
7634
7635
7636
7637
7638
7642
7643
7644
7645
7646
7647
7648
7649
7650
7652
7653
7654
7655
7657
7658
7659
7660
7692
7693
7694
7695
7696
7697
7698
7700
7701
7702
7705
7706
7707
7708
7712
7713
7714
7715
7716
7717
7718
7719
7720
7721
7722
7723
7724
7725
7726
7727
7728
7729
7730
7731
7732
7733
7734
7735
7736
7737
7738
7739
7740
7741
7742
7743
7744
7745
7746
7747
7748
7749
7750
7751
7752
7753
7754
7755
7756
7757
7758
7759
7760
7761
7762
7763
7764
7765
7766
7767
7768
7769
7770
7771
7772
7773
7774
7775
7776
7777
7778
7779
7780
7781
7782
7783
7784
7785
7786
7787
7788
7789
7790
7791
7792
7793
7794
7795
7796
7797
7798
7799
7800
7801
7802
7803
7804
7805
7806
7807
7808
7809
7810
7811
7812
7813
7814
7815
7816
7817
7818
7819
7820
7821
7822
7823
7824
7825
7826
7827
7828
7829
7830
7831
7832
7833
7834
7835
7836
7837
7838
7839
7840
7841
7842
7843
7844
7845
7846
7847
7848
7849
7850
7851
7852
7853
7854
7855
7856
7857
7858
7859
7860
7861
7862
7863
7865
7866
7867
7868
7869
7870
7871
7872
7873
7874
7875
7876
7877
7878
7879
7880
7881
7882
7883
7884
7885
7886
7887
7888
7889
7890
7891
7895
7896
7898
7899
7900
7901
7902
7903
7904
7905
7906
7907
7908
7909
7911
7912
7913
7914
7915
7917
7918
7919
7920
7921
7922
7923
7924
7925
7926
7927
7928
7929
7930
7931
7932
7933
7934
7935
7936
7937
7938
7939
7940
7941
7942
7943
7944
7945
7946
7947
7948
7949
7950
7951
7952
7953
7954
7955
7956
7957
7958
7959
7960
7961
7962
7963
7964
7965
7966
7967
7968
7969
7970
7971
7972
7973
7974
7975
7976
7977
7978
7979
7980
7981
7982
7983
7985
7986
7987
7988
7989
7990
7991
7992
7993
7994
7995
7996
7997
7998
7999
8000
8001
8002
8003
8004
8005
8006
8007
8008
8009
8010
8011
8012
8013
8014
8015
8016
8017
8018
8019
8020
8021
8022
8023
8024
8025
8026
8027
8028
8029
8030
8036
8037
8038
8039
8040
8041
8042
8043
8044
8045
8046
8047
8048
8049
8050
8051
8052
8053
8054
8055
8056
8057
8058
8059
8060
8064
8065
8066
8067
8068
8076
8077
8078
8079
8080
8081
8082
8083
8084
8085
8086
8087
8088
8089
8090
8091
8092
8094
8095
8096
8098
8099
8100
8101
8102
8103
8104
8105
8106
8111
8112
8116
8117
8118
8119
8120
8121
8122
8123
8124
8125
8126
8127
8128
8129
8130
8131
8132
8133
8134
8135
8136
8137
8138
8139
8140
8141
8142
8143
8144
8145
8146
8147
8148
8149
8150
8151
8152
8153
8154
8155
8156
8157
8158
8159
8160
8161
8162
8163
8164
8165
8166
8167
8168
8169
8170
8171
8172
8173
8174
8175
8176
8177
8178
8179
8181
8182
8183
8184
8185
8186
8187
8188
8189
8190
8191
8524
8796
9129
9216
9217
9218
9219
9220
9221
9222
9223
9224
9225
9226
9227
9228
9229
9230
9231
9232
9233
9234
9235
9236
9237
9238
9239
9241
9242
9243
9244
9245
9246
9247
9249
9250
9251
9252
9253
9254
9255
9257
9258
9259
9260
9261
9262
9263
9264
9265
9266
9267
9268
9269
9270
9278
9279
9280
9281
9282
9283
9284
9285
9286
9287
9288
9289
9290
9291
9292
9293
9294
9295
9296
9297
9298
9299
9300
9301
9302
9303
9304
9305
9309
9311
9312
9313
9314
9315
9316
9324
9325
9326
9327
9328
9329
9330
9331
9332
9333
9334
9335
9336
9337
9338
9339
9340
9341
9342
9343
9344
9345
9346
9347
9348
9349
9381
9382
9383
9384
9385
9386
9387
9388
9396
9397
9398
9400
9401
9408
9409
9410
9411
9412
9413
9414
9415
9416
9417
9418
9419
9420
9421
9422
9423
9424
9425
9426
9427
9430
9431
9432
9433
9434
9435
9436
9437
9438
9439
9440
9441
9442
9443
9444
9445
9446
9447
9448
9449
9450
9451
9452
9460
9461
9462
9463
9464
9465
9466
9467
9468
9469
9470
9471
9472
9473
9474
9475
9476
9477
9478
9479
9480
9481
9482
9483
9484
9485
9486
9487
9495
9496
9497
9498
9499
9500
9501
9502
9503
9505
9506
9507
9508
9509
9510
9511
9512
9513
9514
9516
9517
9518
9519
9520
9521
9533
9534
9535
9536
9537
9539
9540
9541
9542
9543
9544
9545
9546
9547
9548
9549
9550
9551
9552
9553
9554
9555
9556
9557
9558
9559
9560
9561
9562
9563
9564
9565
9566
9567
9568
9580
9581
9583
9584
9585
9586
9587
9588
9589
9590
9591
9623
9624
9625
9626
9627
9628
9648
9649
9650
9651
9652
9653
9654
9655
9656
9657
9658
9659
9660
9661
9662
9664
9665
9666
9667
9668
9669
9670
9671
9672
9673
9674
9682
9683
9713
9714
9715
9716
9717
9718
9720
9721
9722
9723
9724
9725
9726
9727
9728
9729
9730
9731
9732
9733
9734
9735
9736
9737
9738
9739
9740
9741
9742
9743
9744
9745
9746
9747
9748
9749
9750
9751
9752
9753
9785
9786
9787
9788
9789
9790
9791
9792
9793
9794
9795
9796
9797
9798
9799
9800
9808
9809
9820
9821
9822
9823
9824
9825
9826
9827
9828
9829
9830
9831
9832
9834
9835
9836
9837
9838
9839
9840
9872
9873
9874
9875
9876
9877
9878
9879
9880
9881
9882
9884
9885
9886
9887
9888
9889
9890
9891
9892
9893
9894
9895
9896
9897
9898
9899
9900
9901
9902
9903
9904
9905
9906
9908
9909
9910
9911
9912
9913
9914
9915
9925
9926
9927
9928
9929
9930
9931
9932
9933
9934
9935
9936
9937
9938
9939
9940
9941
9942
9943
9983
9984
9985
9986
9987
9988
9989
9990
10022
10023
10024
10025
10026
10027
10028
10029
10030
10031
10032
10033
10034
10074
10075
10076
10077
10078
10079
10080
10081
10082
10083
10084
10085
10086
10087
10088
10089
10090
10091
10092
10093
10094
10095
10096
10098
10099
10100
10101
10102
10103
10104
10105
10106
10107
10108
10109
10110
10111
10112
10113
10114
10115
10116
10117
10118
10119
10120
10121
10122
10123
10124
10125
10126
10127
10128
10129
10130
10131
10132
10133
10134
10135
10136
10137
10138
10139
10140
10141
10142
10143
10144
10145
10146
10147
10148
10149
10150
10152
10153
10154
10199
10200
10201
10202
10203
10204
10205
10206
10207
10208
10209
10210
10211
10212
10213
10214
10215
10216
10217
10218
10219
10220
10221
10222
10223
10224
10225
10226
10227
10228
10229
10230
10231
10232
10234
10235
10236
10237
10238
10239
10240
10241
10242
10243
10244
10245
10246
10247
10248
10249
10250
10251
10252
10253
10254
10255
10256
10257
10258
10259
10260
10261
10262
10263
10264
10265
10266
10267
10268
10269
10270
10271
10272
10273
10274
10275
10276
10277
10278
10279
10280
10281
10282
10283
10284
10285
10286
10287
10288
10289
10290
10291
10292
10293
10294
10295
10296
10297
10298
10299
10300
10302
10303
10304
10305
10306
10307
10308
10309
10310
10311
10312
10313
10314
10315
10316
10317
10318
10319
10320
10321
10322
10323
10324
10325
10326
10327
10328
10329
10330
10331
10332
10333
10334
10335
10336
10337
10338
10339
10340
10341
10342
10343
10344
10345
10346
10347
10348
10349
10350
10351
10352
10353
10354
10355
10356
10357
10358
10359
10360
10361
10362
10363
10364
10365
10366
10367
10368
10369
10370
10371
10372
10377
10378
10379
10380
10381
10382
10383
10384
10385
10386
10387
10388
10389
10390
10391
10392
10393
10394
10395
10396
10397
10398
10399
10400
10401
10402
10403
10404
10405
10406
10407
10408
10409
10410
10411
10412
10413
10414
10415
10416
10417
10418
10419
10420
10421
10422
10423
10424
10426
10427
10428
10429
10430
10431
10432
10433
10434
10435
10436
10437
10438
10439
10440
10441
10442
10443
10444
10445
10446
10447
10448
10449
10450
10451
10452
10453
10454
10455
10456
10457
10458
10459
10460
10461
10462
10463
10464
10465
10466
10467
10468
10469
10470
10471
10472
10473
10474
10476
10477
10478
10479
10480
10481
10482
10483
10484
10485
10486
10487
10488
10489
10490
10491
10492
10493
10494
10496
10497
10498
10499
10500
10501
10502
10503
10504
10505
10506
10507
10508
10509
10510
10511
10512
10513
10514
10515
10516
10517
10518
10519
10520
10521
10522
10523
10524
10525
10526
10527
10528
10529
10530
10531
10532
10533
10534
10535
10536
10537
10538
10539
10540
10541
10542
10543
10544
10545
10546
10547
10548
10549
10550
10551
10552
10553
10554
10555
10556
10557
10558
10559
10560
10561
10562
10563
10564
10565
10566
10567
10568
10569
10570
10571
10572
10573
10574
10575
10576
10577
10578
10579
10580
10581
10582
10583
10584
10585
10586
10587
10588
10589
10590
10591
10592
10593
10594
10595
10596
10597
10598
10599
10601
10603
10604
10605
10606
10607
10608
10609
10610
10611
10612
10613
10614
10615
10616
10617
10618
10619
10620
10621
10622
10623
10624
10625
10626
10627
10628
10629
10631
10632
10633
10634
10635
10636
10637
10638
10639
10640
10641
10642
10643
10644
10645
10646
10647
10648
10650
10651
10652
10653
10654
10655
10656
10657
10658
10659
10660
10661
10662
10663
10664
10665
10666
10667
10668
10669
10670
10671
10672
10673
10674
10675
10676
10677
10678
10679
10680
10681
10682
10683
10684
10685
10686
10687
10688
10689
10690
10691
10692
10693
10694
10695
10696
10697
10698
10699
10700
10701
10702
10703
10704
10705
10706
10707
10708
10709
10710
10711
10712
10713
10714
10715
10716
10717
10718
10719
10721
10722
10723
10724
10725
10726
10727
10728
10729
10730
10731
10732
10733
10734
10735
10736
10737
10738
10739
10740
10741
10742
10743
10744
10745
10746
10747
10748
10749
10750
10751
10752
10753
10754
10755
10756
10757
10758
10760
10761
10762
10763
10764
10765
10766
10767
10768
10769
10770
10775
10776
10777
10778
10779
10780
10781
10782
10783
10784
10785
10786
10787
10788
10789
10790
10791
10792
10793
10794
10795
10796
10797
10798
10799
10800
10801
10802
10804
10805
10806
10807
10808
10809
10810
10811
10812
10813
10814
10815
10816
10817
10818
10819
10820
10821
10822
10823
10824
10825
10826
10827
10828
10829
10830
10831
10832
10833
10834
10835
10836
10837
10838
10839
10840
10841
10842
10843
10844
10845
10846
10847
10848
10849
10850
10851
10852
10853
10854
10855
10856
10857
10858
10859
10860
10861
10862
10863
10864
10865
10866
10867
10868
10869
10870
10871
10872
10873
10874
10875
10876
10877
10878
10879
10880
10881
10882
10883
10884
10885
10886
10887
10888
10889
10890
10891
10892
10893
10894
10895
10896
10897
10898
10899
10900
10901
10902
10903
10904
10905
10906
10907
10908
10909
10910
10914
10915
10916
10917
10919
10920
10921
10923
10924
10925
10927
10928
10929
10930
10932
10933
10934
10935
10936
10937
10938
10939
10940
10941
10942
10943
10944
10945
10946
10947
10948
10949
10950
10951
10952
10953
10954
10955
10956
10957
10958
10959
10960
10961
10962
10963
10964
10965
10966
10967
10968
10969
10970
10971
10972
10973
10974
10975
10976
10979
10980
10981
10982
10983
10984
10985
10987
10988
10989
10990
10991
10992
10993
10994
10995
10996
10997
10998
11003
11004
11005
11006
11007
11008
11009
11010
11012
11013
11014
11015
11016
11017
11018
11019
11020
11021
11022
11023
11024
11025
11026
11027
11028
11029
11030
11031
11032
11033
11034
11035
11036
11037
11038
11039
11040
11041
11042
11045
11046
11047
11048
11049
11050
11051
11052
11054
11055
11056
11057
11058
11059
11060
11061
11062
11063
11064
11065
11066
11067
11068
11069
11070
11071
11073
11074
11075
11076
11077
11078
11079
11080
11081
11082
11083
11084
11085
11086
11087
11088
11089
11090
11092
11094
11095
11097
11098
11100
11101
11102
11103
11104
11105
11106
11107
11108
11109
11110
11111
11112
11113
11114
11115
11116
11117
11118
11119
11120
11121
11122
11123
11124
11125
11126
11127
11128
11129
11130
11131
11133
11134
11135
11136
11137
11138
11139
11140
11141
11142
11143
11144
11145
11151
11152
11154
11155
11156
11157
11158
11159
11160
11161
11162
11163
11164
11165
11166
11167
11168
11169
11170
11171
11172
11173
11174
11175
11176
11177
11178
11179
11180
11181
11182
11183
11184
11185
11186
11187
11188
11189
11190
11191
11192
11193
11194
11195
11196
11197
11198
11199
11200
11202
11203
11204
11205
11206
11207
11208
11209
11210
11211
11212
11213
11214
11215
11216
11217
11218
11219
11220
11221
11222
11224
11225
11226
11227
11228
11229
11230
11231
11232
11233
11234
11235
11236
11237
11238
11239
11240
11241
11242
11243
11244
11245
11246
11247
11248
11249
11250
11251
11252
11253
11255
11256
11257
11258
11259
11260
11261
11262
11263
11264
11266
11267
11268
11269
11270
11271
11272
11273
11274
11275
11276
11277
11278
11279
11280
11281
11282
11283
11284
11285
11286
11287
11288
11289
11290
11291
11292
11293
11294
11295
11296
11297
11298
11299
11300
11301
11302
11303
11304
11305
11306
11307
11308
11309
11310
11311
11312
11313
11315
11317
11318
11319
11320
11321
11322
11323
11324
11325
11326
11327
11328
11329
11330
11331
11332
11333
11334
11335
11336
11337
11338
11340
11342
11343
11344
11345
11346
11347
11348
11349
11350
11351
11352
11353
11354
11355
11356
11357
11358
11359
11360
11361
11362
11363
11364
11365
11366
11367
11368
11369
11370
11371
11372
11373
11374
11375
11376
11377
11378
11379
11381
11382
11383
11384
11385
11386
11387
11388
11389
11390
11391
11392
11393
11394
11395
11396
11397
11398
11399
11400
11401
11402
11403
11404
11405
11406
11407
11408
11409
11410
11411
11412
11413
11414
11415
11416
11417
11418
11419
11420
11422
11424
11425
11426
11427
11428
11429
11430
11431
11432
11433
11434
11435
11436
11437
11438
11440
11441
11442
11443
11444
11445
11446
11448
11449
11451
11452
11453
11454
11455
11456
11457
11458
11459
11460
11461
11462
11463
11464
11465
11466
11467
11468
11469
11470
11471
11472
11473
11474
11475
11476
11477
11478
11479
11481
11482
11483
11484
11485
11486
11487
11488
11489
11491
11492
11493
11494
11495
11496
11498
11499
11500
11501
11502
11504
11505
11506
11507
11508
11509
11510
11511
11512
11513
11514
11515
11516
11517
11518
11519
11520
11521
11522
11523
11524
11525
11526
11527
11528
11529
11530
11532
11533
11534
11535
11536
11537
11538
11539
11540
11541
11542
11543
11544
11545
11546
11547
11548
11549
11550
11551
11552
11553
11554
11555
11556
11557
11558
11559
11560
11561
11562
11563
11564
11565
11566
11567
11568
11569
11570
11571
11572
11573
11576
11577
11578
11579
11580
11581
11582
11583
11584
11585
11586
11587
11588
11589
11590
11591
11592
11593
11594
11595
11596
11597
11598
11599
11601
11602
11603
11604
11605
11606
11607
11608
11609
11611
11612
11613
11614
11615
11616
11617
11619
11620
11621
11622
11623
11624
11625
11626
11627
11628
11629
11630
11631
11632
11633
11634
11635
11637
11638
11639
11640
11641
11642
11643
11644
11645
11646
11647
11648
11649
11650
11651
11652
11653
11654
11655
11656
11657
11658
11659
11661
11662
11663
11664
11665
11666
11667
11668
11669
11670
11671
11672
11673
11674
11675
11676
11677
11678
11679
11680
11681
11682
11683
11684
11685
11686
11687
11688
11689
11690
11691
11692
11693
11694
11695
11696
11697
11698
11699
11700
11701
11702
11703
11705
11706
11707
11708
11709
11710
11711
11712
11713
11714
11715
11716
11717
11718
11719
11720
11721
11722
11723
11724
11725
11726
11727
11728
11729
11730
11731
11732
11733
11734
11735
11736
11737
11738
11739
11740
11741
11742
11743
11744
11745
11746
11747
11748
11749
11750
11752
11753
11754
11755
11756
11757
11758
11759
11760
11762
11763
11764
11765
11766
11767
11768
11769
11770
11771
11772
11773
11774
11775
11776
11777
11778
11779
11780
11781
11782
11783
11784
11785
11786
11787
11788
11789
11790
11791
11792
11793
11794
11795
11796
11797
11798
11799
11801
11802
11803
11804
11805
11806
11807
11808
11809
11810
11811
11812
11813
11814
11815
11816
11817
11818
11820
11821
11822
11823
11824
11825
11826
11827
11828
11829
11830
11831
11832
11833
11834
11836
11837
11838
11839
11840
11841
11842
11843
11844
11845
11846
11847
11848
11849
11850
11851
11852
11853
11856
11857
11858
11860
11861
11862
11863
11864
11865
11866
11867
11869
11870
11871
11872
11873
11874
11875
11876
11877
11878
11879
11880
11881
11882
11883
11884
11885
11886
11887
11888
11889
11890
11891
11892
11893
11894
11895
11896
11897
11898
11899
11900
11901
11902
11903
11904
11905
11906
11907
11908
11910
11911
11912
11913
11914
11915
11916
11917
11918
11919
11920
11921
11922
11923
11924
11925
11926
11927
11928
11929
11930
11931
11932
11933
11934
11935
11936
11937
11938
11939
11940
11941
11942
11943
11944
11945
11946
11947
11948
11949
11950
11951
11952
11953
11954
11955
11956
11957
11958
11959
11960
11961
11962
11963
11964
11965
11966
11967
11968
11970
11971
11972
11973
11974
11975
11976
11977
11978
11979
11980
11981
11982
11984
11985
11986
11987
11988
11989
11990
11991
11992
11993
11994
11995
11996
11997
11998
11999
12000
12001
12002
12003
12004
12005
12006
12007
12008
12009
12010
12011
12012
12013
12014
12015
12016
12018
12019
12020
12021
12022
12023
12024
12025
12026
12027
12028
12029
12030
12031
12032
12033
12035
12036
12037
12038
12039
12040
12041
12042
12043
12044
12045
12047
12048
12049
12050
12051
12052
12053
12054
12055
12056
12057
12058
12059
12060
12061
12062
12063
12064
12065
12066
12067
12068
12069
12070
12072
12073
12074
12075
12076
12077
12078
12079
12080
12081
12082
12083
12084
12085
12086
12087
12088
12089
12090
12091
12092
12093
12094
12095
12096
12097
12098
12099
12100
12101
12102
12103
12104
12105
12106
12107
12108
12109
12110
12111
12112
12113
12115
12116
12117
12118
12119
12120
12121
12122
12123
12124
12125
12127
12128
12129
12130
12131
12132
12133
12134
12136
12137
12138
12139
12141
12142
12143
12144
12145
12146
12147
12148
12150
12151
12152
12153
12154
12155
12156
12157
12158
12159
12160
12161
12162
12163
12164
12166
12167
12168
12169
12170
12171
12172
12173
12174
12175
12176
12177
12178
12183
12184
12185
12186
12187
12188
12189
12190
12191
12192
12193
12194
12196
12197
12198
12199
12200
12201
12202
12203
12204
12205
12206
12207
12208
12209
12210
12211
12212
12213
12214
12215
12216
12217
12218
12219
12220
12221
12222
12223
12224
12225
12226
12227
12228
12229
12231
12233
12234
12235
12236
12237
12238
12239
12241
12242
12243
12244
12245
12246
12247
12248
12249
12250
12251
12252
12253
12254
12255
12256
12257
12258
12259
12260
12261
12262
12263
12264
12265
12266
12267
12268
12269
12270
12271
12272
12273
12274
12275
12276
12277
12278
12279
12280
12281
12282
12283
12284
12285
12287
12455
12556
13312
13313
13314
13315
13316
13318
13319
13321
13322
13323
13324
13325
13326
13327
13328
13329
13330
13331
13332
13333
13334
13335
13336
13337
13338
13340
13341
13343
13344
13345
13346
13347
13348
13349
13350
13351
13352
13354
13355
13356
13357
13358
13359
13360
13361
13363
13364
13365
13366
13367
13368
13369
13370
13371
13372
13373
13374
13375
13376
13377
13378
13379
13380
13381
13382
13383
13384
13385
13386
13388
13389
13390
13391
13392
13393
13394
13395
13396
13397
13398
13399
13400
13401
13403
13404
13405
13406
13407
13408
13409
13410
13411
13412
13413
13414
13415
13418
13419
13420
13421
13422
13423
13424
13425
13426
13427
13428
13429
13430
13431
13432
13433
13434
13435
13436
13437
13438
13439
13440
13441
13442
13443
13444
13445
13446
13447
13448
13450
13451
13452
13453
13454
13455
13456
13457
13458
13459
13460
13461
13462
13463
13464
13466
13467
13468
13469
13470
13471
13472
13473
13474
13475
13476
13477
13479
13480
13481
13482
13483
13484
13485
13486
13487
13488
13489
13490
13491
13493
13494
13495
13496
13497
13498
13499
13501
13502
13504
13505
13506
13507
13508
13509
13510
13511
13512
13513
13514
13515
13516
13517
13518
13520
13521
13522
13523
13524
13525
13526
13527
13528
13529
13530
13531
13532
13533
13534
13535
13536
13537
13538
13539
13540
13541
13542
13543
13545
13546
13547
13548
13549
13550
13551
13552
13553
13554
13555
13556
13557
13558
13559
13560
13561
13562
13563
13564
13565
13566
13567
13568
13570
13571
13572
13573
13574
13575
13576
13577
13578
13579
13580
13581
13582
13583
13584
13585
13586
13587
13588
13589
13590
13591
13592
13593
13596
13597
13598
13599
13600
13601
13602
13603
13604
13605
13606
13607
13608
13609
13610
13611
13612
13613
13614
13615
13616
13617
13618
13619
13620
13621
13622
13623
13624
13625
13626
13627
13628
13629
13630
13631
13632
13633
13634
13636
13637
13638
13639
13640
13641
13642
13643
13644
13645
13646
13647
13648
13649
13650
13651
13652
13653
13654
13655
13656
13657
13658
13659
13660
13661
13672
13676
13677
13678
13679
13680
13681
13682
13683
13684
13685
13686
13687
13688
13689
13690
13691
13692
13693
13694
13695
13696
13697
13698
13699
13701
13702
13703
13704
13705
13706
13707
13708
13709
13710
13711
13712
13713
13714
13715
13716
13717
13718
13720
13721
13722
13723
13724
13725
13726
13727
13728
13729
13730
13731
13733
13734
13735
13736
13737
13738
13739
13740
13741
13742
13743
13744
13745
13746
13747
13748
13749
13750
13751
13752
13753
13754
13755
13756
13757
13758
13759
13760
13764
13765
13766
13767
13768
13769
13770
13771
13772
13773
13774
13775
13776
13777
13778
13779
13780
13781
13782
13783
13784
13785
13786
13787
13788
13789
13793
13794
13795
13796
13797
13798
13799
13800
13801
13802
13803
13804
13805
13806
13807
13808
13809
13810
13811
13812
13813
13814
13815
13816
13817
13819
13820
13821
13822
13823
13824
13825
13826
13827
13828
13829
13830
13831
13832
13833
13834
13835
13836
13837
13838
13839
13840
13841
13842
13843
13844
13845
13846
13847
13848
13849
13850
13851
13852
13853
13854
13855
13856
13857
13858
13859
13860
13861
13862
13863
13864
13865
13866
13867
13868
13869
13870
13871
13872
13873
13874
13875
13876
13877
13878
13880
13881
13882
13883
13884
13885
13886
13887
13888
13889
13890
13891
13892
13893
13894
13895
13896
13897
13898
13899
13900
13901
13902
13903
13904
13905
13906
13907
13908
13909
13910
13911
13912
13913
13914
13915
13916
13917
13918
13919
13920
13921
13922
13923
13924
13925
13926
13927
13928
13929
13930
13931
13932
13933
13934
13936
13937
13938
13939
13940
13942
13943
13944
13945
13946
13947
13948
13949
13950
13951
13952
13953
13954
13955
13956
13957
13958
13959
13960
13961
13962
13963
13964
13965
13966
13967
13968
13969
13970
13971
13972
13973
13974
13975
13976
13977
13978
13979
13981
13982
13983
13984
13985
13986
13987
13988
13989
13990
13991
13992
13993
13994
13995
13996
13997
13998
13999
14000
14001
14002
14003
14004
14005
14006
14007
14008
14009
14010
14011
14012
14013
14014
14015
14016
14017
14018
14019
14020
14021
14022
14023
14024
14025
14026
14027
14028
14030
14031
14032
14033
14034
14035
14036
14037
14038
14039
14040
14041
14042
14043
14044
14045
14046
14047
14048
14049
14050
14051
14052
14053
14055
14056
14057
14058
14059
14060
14061
14062
14063
14064
14065
14066
14067
14068
14069
14070
14071
14072
14073
14074
14075
14076
14077
14078
14079
14080
14081
14082
14083
14084
14085
14086
14088
14089
14090
14091
14092
14093
14094
14095
14096
14097
14098
14099
14100
14101
14102
14103
14104
14105
14106
14107
14109
14110
14111
14112
14113
14114
14115
14116
14117
14118
14119
14120
14121
14122
14123
14124
14125
14126
14127
14128
14129
14130
14131
14132
14133
14134
14135
14136
14137
14138
14139
14140
14141
14142
14143
14144
14145
14146
14147
14148
14149
14150
14151
14152
14153
14154
14155
14156
14157
14158
14159
14160
14161
14162
14163
14164
14165
14166
14168
14169
14170
14171
14172
14173
14174
14175
14176
14177
14178
14179
14180
14181
14182
14183
14184
14185
14187
14188
14189
14190
14191
14192
14193
14194
14195
14196
14197
14198
14199
14200
14201
14203
14204
14205
14206
14207
14208
14209
14210
14211
14212
14213
14214
14215
14216
14217
14218
14219
14220
14221
14222
14223
14224
14225
14226
14228
14229
14230
14231
14232
14233
14234
14235
14236
14237
14238
14239
14240
14241
14242
14243
14244
14245
14246
14247
14248
14249
14251
14252
14253
14254
14255
14256
14257
14258
14259
14260
14261
14262
14263
14264
14265
14266
14267
14268
14270
14271
14272
14273
14274
14275
14276
14277
14278
14279
14280
14281
14282
14283
14284
14285
14286
14287
14288
14289
14290
14291
14292
14294
14295
14296
14297
14298
14299
14300
14301
14302
14303
14304
14305
14306
14307
14308
14309
14310
14311
14312
14313
14314
14315
14316
14317
14318
14319
14320
14321
14322
14323
14324
14325
14326
14327
14328
14329
14330
14331
14332
14333
14334
14335
14336
14337
14338
14339
14340
14342
14343
14344
14345
14346
14347
14348
14349
14351
14352
14353
14354
14355
14356
14357
14358
14359
14360
14361
14362
14363
14364
14365
14366
14367
14368
14369
14370
14371
14372
14373
14374
14375
14376
14377
14378
14379
14380
14381
14382
14383
14384
14385
14386
14387
14388
14389
14390
14391
14392
14393
14394
14395
14396
14397
14398
14399
14400
14401
14402
14403
14404
14405
14406
14407
14408
14409
14410
14411
14412
14413
14414
14415
14416
14417
14418
14419
14420
14421
14422
14424
14425
14426
14427
14428
14430
14431
14432
14433
14434
14435
14436
14437
14438
14439
14440
14441
14442
14443
14444
14445
14446
14447
14448
14449
14450
14451
14452
14453
14454
14455
14456
14457
14458
14459
14460
14462
14463
14464
14465
14466
14467
14468
14469
14470
14471
14472
14473
14474
14475
14476
14477
14478
14479
14480
14481
14482
14483
14484
14485
14486
14487
14488
14490
14491
14492
14493
14494
14495
14496
14497
14498
14499
14500
14501
14502
14503
14504
14505
14506
14507
14508
14509
14510
14511
14512
14513
14514
14515
14516
14517
14518
14519
14520
14521
14522
14523
14525
14526
14527
14528
14529
14530
14531
14532
14533
14534
14535
14536
14537
14538
14539
14540
14541
14542
14543
14544
14545
14546
14547
14548
14549
14550
14551
14553
14554
14555
14556
14557
14558
14559
14560
14561
14562
14563
14564
14565
14566
14567
14568
14569
14570
14571
14572
14573
14574
14575
14576
14577
14578
14579
14580
14581
14582
14583
14584
14585
14586
14587
14588
14589
14590
14591
14592
14593
14594
14595
14596
14597
14598
14599
14600
14601
14602
14603
14604
14606
14607
14608
14609
14610
14611
14612
14613
14614
14615
14616
14617
14618
14619
14620
14621
14622
14623
14624
14625
14626
14627
14628
14629
14630
14631
14632
14633
14634
14635
14636
14637
14638
14639
14640
14641
14642
14643
14644
14645
14646
14647
14648
14649
14650
14651
14652
14653
14654
14655
14657
14658
14659
14660
14661
14662
14663
14664
14665
14666
14667
14668
14669
14671
14672
14673
14674
14675
14676
14677
14678
14679
14680
14681
14682
14683
14684
14685
14686
14687
14688
14689
14690
14691
14693
14694
14695
14696
14697
14698
14699
14701
14702
14703
14704
14705
14706
14707
14708
14709
14710
14711
14712
14713
14715
14716
14717
14718
14719
14720
14721
14722
14723
14724
14725
14726
14727
14728
14729
14730
14731
14732
14733
14734
14735
14736
14737
14738
14739
14740
14741
14742
14746
14747
14748
14749
14750
14751
14752
14753
14754
14755
14756
14757
14758
14759
14760
14761
14762
14763
14764
14765
14766
14767
14768
14769
14770
14771
14772
14773
14774
14776
14782
14783
14784
14785
14786
14787
14788
14789
14790
14791
14792
14793
14794
14795
14796
14798
14799
14800
14801
14802
14803
14804
14805
14806
14807
14809
14810
14811
14812
14813
14814
14815
14816
14817
14818
14819
14820
14821
14822
14823
14824
14825
14826
14827
14828
14829
14830
14831
14832
14833
14834
14835
14836
14837
14838
14839
14840
14841
14842
14843
14844
14845
14846
14847
14848
14849
14850
14851
14852
14853
14854
14855
14856
14857
14858
14859
14860
14861
14862
14863
14864
14865
14866
14867
14868
14869
14870
14871
14872
14873
14874
14875
14876
14877
14878
14879
14880
14881
14882
14883
14884
14885
14886
14887
14888
14889
14890
14891
14892
14893
14894
14895
14896
14897
14898
14899
14900
14901
14903
14904
14905
14906
14907
14909
14910
14911
14912
14913
14914
14915
14916
14917
14918
14919
14920
14921
14922
14923
14924
14925
14926
14927
14928
14929
14930
14931
14932
14933
14934
14935
14936
14937
14938
14939
14940
14941
14942
14943
14944
14945
14946
14947
14948
14949
14950
14951
14952
14953
14954
14955
14956
14957
14958
14959
14961
14962
14963
14964
14965
14966
14967
14968
14969
14970
14971
14972
14973
14974
14975
14976
14977
14978
14979
14980
14981
14982
14983
14984
14985
14987
14988
14989
14990
14991
14992
14993
14994
14995
14996
14997
14998
14999
15000
15001
15002
15003
15004
15005
15006
15007
15008
15009
15010
15011
15012
15013
15014
15015
15016
15017
15018
15019
15020
15021
15022
15023
15024
15025
15026
15027
15028
15029
15031
15032
15033
15034
15035
15036
15037
15038
15039
15040
15041
15042
15043
15044
15045
15046
15047
15048
15049
15050
15051
15052
15053
15054
15055
15056
15057
15058
15059
15060
15061
15062
15063
15064
15065
15066
15067
15068
15069
15070
15071
15072
15073
15074
15075
15076
15077
15078
15079
15080
15081
15082
15083
15084
15085
15086
15087
15088
15089
15090
15091
15092
15093
15094
15095
15097
15098
15099
15100
15101
15102
15103
15104
15105
15106
15107
15108
15109
15110
15111
15112
15113
15114
15115
15116
15117
15118
15119
15120
15121
15122
15123
15124
15125
15126
15127
15128
15129
15130
15131
15132
15133
15134
15135
15136
15137
15138
15139
15140
15141
15142
15143
15144
15145
15146
15147
15148
15149
15150
15151
15152
15153
15154
15155
15156
15157
15158
15160
15161
15162
15163
15164
15165
15166
15167
15168
15169
15170
15171
15172
15173
15174
15175
15176
15177
15179
15180
15182
15183
15184
15185
15186
15187
15188
15189
15190
15191
15192
15193
15194
15195
15196
15197
15198
15199
15201
15202
15203
15204
15205
15206
15207
15208
15209
15210
15211
15212
15213
15214
15215
15216
15217
15218
15219
15221
15222
15223
15224
15225
15226
15227
15228
15229
15230
15231
15232
15233
15234
15235
15236
15237
15238
15239
15240
15241
15242
15243
15244
15245
15247
15248
15249
15250
15251
15252
15253
15254
15255
15256
15257
15258
15259
15260
15261
15262
15263
15264
15265
15266
15267
15268
15269
15270
15271
15272
15273
15274
15275
15276
15277
15278
15279
15280
15281
15282
15283
15284
15285
15286
15287
15288
15289
15290
15291
15292
15293
15294
15295
15296
15297
15298
15299
15300
15301
15302
15303
15304
15305
15306
15307
15308
15309
15310
15311
15313
15314
15315
15316
15317
15318
15319
15320
15321
15322
15323
15324
15325
15326
15327
15328
15329
15330
15331
15332
15333
15334
15335
15336
15337
15338
15339
15340
15341
15342
15343
15344
15345
15346
15347
15348
15349
15350
15351
15352
15353
15354
15355
15356
15357
15358
15359
15399
15475
15706
15718
15825
15964
16058
16214
16284
16315
16384
16385
16386
16387
16388
16389
16390
16391
16392
16393
16394
16395
16396
16397
16398
16399
16400
16401
16402
16403
16404
16405
16406
16407
16408
16409
16410
16411
16412
16413
16414
16415
16417
16418
16419
16420
16421
16422
16423
16424
16425
16426
16427
16428
16429
16430
16431
16432
16433
16434
16435
16436
16437
16438
16439
16440
16455
16456
16461
16462
16463
16464
16466
16467
16468
16469
16470
16471
16472
16473
16474
16475
16476
16477
16478
16479
16480
16481
16482
16484
16485
16486
16487
16488
16489
16490
16491
16492
16493
16494
16495
16496
16497
16498
16499
16500
16501
16502
16503
16504
16505
16507
16508
16509
16510
16513
16514
16515
16516
16517
16518
16519
16520
16521
16523
16524
16525
16526
16527
16528
16529
16530
16531
16532
16533
16534
16535
16536
16537
16538
16539
16540
16541
16542
16543
16544
16545
16548
16549
16550
16551
16552
16553
16554
16555
16556
16557
16558
16559
16560
16561
16562
16563
16564
16565
16566
16567
16568
16569
16570
16571
16572
16573
16574
16575
16576
16577
16578
16579
16580
16581
16582
16583
16584
16585
16586
16587
16588
16589
16590
16591
16592
16593
16594
16595
16596
16597
16598
16599
16600
16601
16602
16603
16604
16605
16607
16608
16609
16610
16611
16612
16613
16614
16616
16617
16618
16619
16620
16621
16622
16623
16624
16625
16626
16627
16628
16629
16631
16632
16633
16634
16635
16636
16637
16638
16639
16640
16641
16642
16643
16644
16645
16646
16647
16648
16649
16650
16651
16652
16653
16654
16655
16656
16657
16658
16659
16660
16661
16662
16663
16664
16665
16667
16668
16669
16670
16671
16672
16673
16674
16675
16676
16677
16678
16679
16680
16681
16682
16683
16684
16685
16686
16687
16688
16689
16690
16691
16692
16693
16694
16695
16696
16697
16698
16699
16700
16701
16702
16703
16704
16705
16706
16707
16708
16709
16710
16711
16713
16714
16715
16716
16717
16718
16719
16720
16721
16722
16723
16724
16725
16726
16727
16728
16729
16730
16731
16732
16733
16734
16735
16737
16738
16739
16741
16742
16743
16744
16745
16746
16747
16748
16749
16750
16751
16752
16753
16754
16756
16757
16758
16759
16760
16761
16762
16763
16764
16765
16766
16767
16768
16769
16770
16771
16772
16773
16774
16775
16776
16777
16778
16779
16780
16781
16782
16783
16784
16785
16786
16787
16788
16789
16790
16791
16792
16793
16794
16795
16796
16797
16798
16799
16800
16801
16802
16803
16804
16805
16806
16807
16808
16809
16810
16811
16812
16813
16814
16815
16816
16817
16818
16819
16820
16821
16822
16823
16824
16825
16826
16827
16828
16829
16830
16831
16832
16833
16834
16835
16836
16837
16838
16839
16840
16841
16842
16843
16844
16845
16846
16847
16848
16849
16850
16851
16852
16854
16855
16856
16857
16858
16859
16860
16861
16862
16863
16865
16866
16867
16868
16869
16870
16871
16872
16873
16874
16875
16876
16877
16878
16879
16880
16881
16882
16883
16884
16885
16886
16887
16888
16889
16890
16891
16892
16893
16894
16895
16896
16897
16898
16899
16900
16901
16902
16903
16904
16905
16906
16907
16908
16909
16910
16911
16912
16913
16914
16915
16916
16917
16918
16919
16920
16921
16922
16923
16924
16925
16927
16928
16931
16932
16933
16934
16936
16937
16938
16939
16940
16941
16942
16943
16944
16945
16947
16948
16949
16950
16951
16952
16953
16954
16955
16956
16957
16958
16959
16960
16961
16962
16963
16964
16965
16966
16967
16969
16970
16971
16972
16973
16974
16975
16976
16977
16978
16979
16980
16981
16982
16983
16984
16985
16986
16987
16988
16989
16990
16991
16992
16993
16994
16995
16996
16997
16998
16999
17000
17001
17002
17003
17004
17005
17006
17007
17008
17009
17010
17011
17012
17013
17014
17015
17016
17017
17018
17019
17020
17021
17022
17023
17024
17025
17026
17027
17028
17029
17030
17031
17032
17033
17034
17035
17036
17037
17038
17039
17040
17041
17042
17043
17044
17045
17046
17047
17048
17049
17050
17051
17052
17053
17054
17055
17056
17058
17059
17060
17061
17062
17063
17064
17065
17066
17067
17068
17069
17070
17071
17072
17073
17074
17075
17076
17077
17078
17079
17080
17081
17082
17083
17084
17085
17086
17087
17088
17089
17090
17091
17092
17093
17094
17095
17096
17097
17098
17099
17100
17101
17102
17103
17104
17105
17106
17107
17108
17109
17110
17111
17112
17113
17114
17115
17116
17117
17118
17119
17120
17121
17122
17123
17124
17125
17126
17127
17128
17129
17130
17131
17132
17133
17134
17135
17136
17137
17138
17139
17140
17141
17142
17143
17144
17145
17146
17147
17148
17149
17150
17151
17152
17153
17154
17155
17156
17157
17158
17159
17160
17161
17162
17163
17164
17165
17166
17167
17168
17169
17170
17171
17172
17173
17174
17175
17176
17177
17178
17179
17180
17181
17182
17183
17184
17185
17186
17187
17188
17189
17190
17191
17192
17194
17195
17196
17197
17198
17199
17200
17201
17202
17203
17204
17205
17206
17207
17208
17209
17210
17211
17212
17213
17214
17215
17216
17218
17221
17222
17223
17224
17234
17235
17236
17237
17238
17239
17240
17241
17242
17243
17244
17245
17246
17247
17248
17249
17250
17251
17252
17253
17254
17255
17256
17257
17258
17259
17261
17262
17263
17264
17265
17266
17267
17268
17269
17270
17271
17272
17273
17274
17275
17276
17277
17278
17279
17280
17281
17282
17284
17285
17286
17287
17288
17289
17290
17291
17292
17293
17295
17296
17297
17298
17300
17301
17302
17303
17304
17305
17306
17307
17308
17309
17310
17311
17313
17314
17315
17316
17317
17318
17319
17320
17321
17322
17323
17324
17326
17327
17328
17330
17331
17332
17333
17334
17335
17336
17337
17338
17339
17340
17341
17342
17343
17344
17345
17346
17347
17348
17349
17350
17351
17352
17353
17354
17355
17356
17357
17358
17359
17360
17361
17362
17363
17364
17365
17366
17367
17368
17369
17370
17371
17372
17373
17374
17375
17376
17377
17378
17379
17380
17381
17382
17383
17384
17385
17386
17387
17388
17389
17390
17391
17392
17393
17394
17395
17396
17397
17399
17400
17401
17402
17403
17404
17405
17406
17407
17408
17409
17410
17411
17412
17413
17423
17424
17425
17426
17428
17433
17434
17435
17436
17437
17438
17439
17440
17441
17442
17443
17444
17445
17446
17447
17448
17449
17450
17451
17452
17453
17454
17455
17456
17457
17458
17459
17460
17461
17462
17463
17464
17465
17466
17467
17468
17469
17470
17471
17472
17473
17474
17475
17476
17477
17478
17479
17480
17481
17482
17483
17484
17485
17486
17487
17488
17490
17491
17492
17493
17494
17495
17496
17497
17498
17500
17501
17502
17503
17535
17536
17537
17538
17539
17540
17541
17542
17543
17544
17545
17546
17547
17548
17549
17550
17551
17552
17553
17554
17555
17556
17557
17558
17559
17560
17561
17562
17563
17564
17565
17566
17567
17617
17618
17619
17620
17624
17625
17626
17627
17628
17629
17630
17631
17632
17633
17635
17636
17637
17638
17639
17640
17641
17642
17644
17645
17646
17647
17648
17649
17650
17651
17652
17653
17654
17655
17656
17658
17659
17660
17661
17662
17663
17664
17665
17666
17667
17668
17669
17670
17672
17673
17705
17706
17707
17708
17709
17719
17720
17721
17722
17724
17725
17726
17727
17728
17729
17730
17731
17732
17733
17734
17735
17736
17737
17738
17739
17740
17741
17742
17743
17744
17745
17746
17747
17749
17750
17751
17752
17753
17754
17755
17756
17757
17758
17759
17761
17762
17763
17764
17765
17766
17767
17768
17769
17770
17771
17772
17782
17783
17784
17785
17786
17787
17788
17792
17793
17794
17795
17796
17797
17799
17800
17801
17802
17803
17804
17805
17806
17807
17808
17809
17810
17811
17812
17813
17814
17816
17817
17819
17820
17821
17823
17824
17825
17826
17827
17828
17829
17832
17882
17883
17884
17885
17886
17887
17888
17889
17890
17891
17892
17893
17894
17895
17896
17898
17899
17900
17901
17902
17903
17904
17905
17906
17907
17908
17909
17910
17911
17912
17913
17914
17915
17916
17917
17918
17921
17922
17923
17924
17926
17927
17928
17929
17930
17962
17970
17971
17972
17973
17974
17975
17976
17977
17978
17979
17980
17981
17982
17983
17984
17985
17986
17987
17988
17990
17992
17993
17994
17995
17996
17997
17998
17999
18000
18001
18002
18003
18004
18005
18006
18007
18008
18009
18010
18011
18012
18013
18014
18015
18016
18018
18019
18020
18021
18022
18023
18024
18025
18026
18028
18030
18031
18036
18037
18038
18040
18050
18051
18052
18053
18054
18055
18056
18057
18058
18059
18060
18061
18062
18063
18064
18065
18066
18067
18084
18085
18099
18100
18101
18102
18103
18104
18105
18106
18107
18108
18109
18110
18111
18112
18113
18114
18115
18116
18117
18118
18119
18120
18121
18153
18154
18155
18156
18157
18159
18160
18162
18163
18165
18166
18167
18168
18169
18172
18173
18174
18176
18177
18186
18187
18188
18189
18190
18191
18192
18193
18194
18195
18196
18197
18198
18199
18200
18201
18202
18203
18204
18205
18206
18207
18208
18209
18210
18211
18212
18213
18214
18217
18218
18219
18220
18221
18222
18223
18224
18225
18226
18227
18228
18229
18230
18231
18232
18233
18234
18236
18237
18238
18248
18249
18250
18251
18252
18254
18255
18256
18257
18258
18259
18289
18290
18291
18292
18293
18294
18344
18345
18346
18347
18348
18349
18350
18352
18353
18354
18355
18356
18357
18358
18359
18360
18361
18362
18364
18365
18366
18371
18372
18373
18374
18375
18376
18377
18378
18379
18380
18381
18383
18384
18385
18386
18387
18388
18389
18390
18391
18392
18393
18395
18396
18397
18398
18399
18400
18401
18402
18403
18404
18405
18406
18407
18408
18409
18410
18430
18431
18432
18433
18434
18435
18436
18437
18438
18439
18440
18441
18442
18443
18444
18445
18446
18447
18448
18449
18450
18451
18452
18453
18454
18455
18456
18457
18458
18459
18460
18461
18463
18464
18465
18466
18467
18468
18469
18470
18471
18472
18474
18475
18476
18477
18478
18479
18480
18481
18482
18483
18484
18492
18493
18494
18495
18496
18497
18498
18499
18500
18501
18502
18503
18504
18505
18506
18507
18508
18509
18510
18511
18512
18514
18515
18516
18517
18518
18519
18520
18521
18522
18523
18524
18525
18526
18527
18528
18529
18530
18531
18532
18533
18534
18535
18536
18537
18538
18539
18540
18541
18542
18543
18544
18545
18546
18547
18549
18550
18551
18552
18553
18554
18555
18556
18557
18558
18559
18560
18561
18562
18563
18564
18565
18566
18567
18568
18569
18570
18571
18572
18573
18574
18575
18576
18577
18578
18579
18580
18581
18582
18583
18584
18585
18586
18587
18588
18589
18590
18592
18593
18594
18595
18596
18597
18598
18599
18600
18601
18602
18603
18604
18605
18606
18608
18609
18610
18611
18612
18613
18614
18615
18616
18617
18618
18619
18620
18621
18622
18623
18624
18625
18626
18627
18628
18629
18630
18631
18632
18633
18634
18635
18637
18638
18639
18640
18641
18642
18643
18644
18645
18646
18647
18648
18649
18650
18651
18652
18655
18656
18657
18658
18659
18660
18661
18662
18663
18664
18665
18666
18667
18668
18669
18670
18671
18672
18673
18674
18675
18676
18677
18678
18679
18680
18681
18682
18683
18684
18686
18687
18688
18689
18690
18691
18692
18693
18694
18695
18696
18697
18698
18699
18700
18701
18702
18703
18704
18705
18706
18707
18708
18709
18711
18712
18713
18714
18715
18716
18717
18718
18719
18720
18721
18722
18723
18724
18725
18726
18727
18728
18729
18730
18731
18733
18734
18735
18736
18737
18738
18739
18740
18741
18742
18743
18744
18745
18746
18747
18748
18749
18750
18751
18752
18753
18754
18755
18756
18757
18758
18759
18760
18761
18762
18763
18771
18772
18773
18774
18776
18777
18778
18779
18780
18781
18782
18783
18784
18785
18786
18787
18788
18789
18790
18791
18792
18793
18794
18795
18797
18798
18799
18800
18801
18802
18803
18804
18806
18807
18808
18809
18810
18811
18812
18813
18814
18815
18816
18817
18818
18819
18820
18821
18822
18823
18824
18825
18826
18827
18828
18829
18830
18831
18832
18833
18834
18835
18836
18837
18838
18839
18840
18841
18842
18843
18844
18845
18846
18847
18848
18849
18850
18851
18852
18853
18854
18855
18856
18857
18858
18859
18860
18861
18862
18863
18864
18865
18866
18867
18868
18869
18870
18871
18872
18873
18874
18875
18876
18877
18878
18879
18880
18881
18882
18883
18884
18885
18886
18887
18888
18889
18890
18891
18892
18893
18894
18895
18896
18897
18898
18899
18900
18901
18902
18903
18904
18905
18906
18907
18908
18909
18910
18911
18912
18913
18914
18915
18916
18917
18919
18920
18921
18922
18923
18924
18925
18926
18927
18928
18929
18930
18931
18932
18933
18934
18935
18936
18937
18938
18939
18940
18941
18942
18943
18944
18945
18946
18948
18949
18950
18951
18952
18953
18954
18955
18956
18957
18958
18959
18960
18961
18962
18963
18964
18965
18966
18967
18968
18969
18970
18971
18972
18973
18974
18975
18976
18977
18978
18979
18980
18981
18982
18983
18984
18985
18986
18987
18988
18989
18990
18991
18992
18993
18994
18995
18996
18997
18998
18999
19000
19001
19002
19003
19004
19005
19006
19008
19009
19010
19011
19012
19013
19014
19015
19016
19017
19018
19019
19020
19021
19022
19023
19024
19025
19026
19027
19028
19029
19030
19031
19032
19033
19034
19035
19036
19037
19038
19039
19040
19041
19042
19043
19044
19045
19046
19047
19048
19049
19050
19051
19052
19053
19054
19055
19056
19057
19058
19059
19060
19061
19063
19064
19065
19066
19067
19068
19069
19070
19071
19072
19073
19074
19075
19076
19077
19078
19079
19080
19082
19083
19084
19085
19086
19087
19088
19089
19091
19092
19093
19094
19095
19096
19097
19098
19099
19100
19101
19102
19103
19104
19105
19106
19107
19108
19109
19110
19111
19112
19113
19114
19115
19116
19117
19118
19119
19120
19121
19122
19123
19124
19125
19126
19127
19128
19129
19130
19131
19133
19134
19135
19137
19138
19139
19140
19141
19142
19143
19144
19145
19146
19147
19148
19149
19150
19151
19152
19153
19154
19155
19156
19157
19158
19159
19160
19161
19162
19163
19164
19165
19166
19167
19168
19169
19170
19171
19172
19173
19174
19175
19177
19179
19180
19181
19182
19184
19185
19186
19187
19188
19189
19190
19191
19192
19193
19194
19195
19196
19197
19198
19199
19200
19201
19203
19205
19206
19207
19208
19209
19210
19211
19212
19213
19214
19215
19216
19217
19218
19219
19220
19221
19222
19223
19224
19225
19226
19227
19228
19229
19230
19231
19232
19233
19234
19235
19236
19237
19238
19239
19240
19241
19242
19243
19244
19245
19246
19247
19248
19249
19250
19251
19252
19253
19254
19255
19256
19257
19258
19259
19260
19261
19262
19263
19264
19265
19266
19268
19269
19270
19271
19272
19273
19274
19275
19276
19277
19279
19281
19282
19283
19284
19285
19286
19287
19288
19289
19290
19291
19292
19293
19294
19295
19296
19297
19298
19299
19300
19301
19302
19303
19304
19305
19306
19307
19308
19309
19310
19311
19312
19313
19314
19315
19316
19317
19318
19319
19320
19321
19322
19323
19324
19325
19326
19327
19328
19329
19330
19331
19332
19333
19334
19335
19336
19337
19338
19339
19340
19341
19342
19343
19344
19345
19346
19347
19348
19349
19350
19351
19352
19353
19354
19355
19356
19357
19358
19359
19360
19362
19363
19364
19365
19366
19367
19368
19369
19370
19371
19372
19373
19374
19375
19377
19378
19379
19380
19381
19382
19383
19384
19385
19386
19387
19389
19390
19391
19392
19393
19394
19395
19397
19398
19400
19401
19402
19403
19404
19405
19406
19407
19408
19409
19410
19411
19412
19413
19414
19415
19416
19417
19418
19419
19420
19421
19422
19423
19424
19425
19426
19427
19428
19429
19430
19431
19432
19433
19434
19435
19437
19438
19439
19440
19441
19442
19443
19444
19445
19446
19447
19448
19449
19450
19451
19452
19453
19454
19455
19456
19457
19458
19459
19460
19461
19462
19463
19464
19465
19466
19467
19468
19469
19470
19471
19472
19473
19474
19475
19476
19477
19478
19479
19480
19481
19482
19483
19499
19500
19501
19502
19503
19504
19505
19506
19508
19509
19510
19511
19512
19513
19514
19515
19516
19517
19518
19519
19520
19521
19522
19523
19524
19525
19526
19527
19528
19529
19530
19531
19532
19534
19535
19536
19537
19538
19539
19540
19541
19542
19543
19544
19545
19546
19547
19548
19549
19550
19551
19552
19553
19554
19555
19556
19557
19558
19559
19560
19561
19562
19563
19564
19565
19566
19567
19568
19569
19570
19571
19572
19573
19574
19575
19576
19577
19578
19579
19580
19581
19582
19583
19584
19585
19586
19587
19588
19589
19590
19591
19592
19593
19594
19595
19596
19597
19598
19599
19600
19601
19602
19603
19604
19605
19606
19607
19608
19609
19610
19611
19612
19613
19614
19615
19616
19617
19618
19619
19621
19622
19623
19624
19625
19626
19627
19628
19630
19631
19632
19633
19635
19636
19637
19638
19639
19640
19641
19642
19643
19644
19645
19646
19647
19648
19649
19650
19651
19652
19653
19654
19655
19656
19657
19658
19659
19660
19661
19662
19663
19664
19665
19666
19667
19668
19669
19670
19671
19673
19674
19675
19676
19677
19678
19679
19680
19681
19682
19683
19684
19685
19686
19687
19688
19689
19690
19691
19692
19693
19694
19696
19697
19698
19700
19701
19702
19703
19704
19705
19707
19709
19710
19711
19712
19713
19714
19715
19716
19717
19718
19719
19720
19721
19722
19723
19724
19725
19726
19727
19728
19729
19730
19731
19732
19733
19734
19735
19736
19737
19738
19739
19740
19741
19742
19743
19744
19745
19746
19747
19748
19749
19750
19751
19752
19753
19754
19755
19756
19757
19758
19759
19760
19761
19762
19763
19764
19765
19766
19767
19768
19769
19770
19771
19772
19773
19774
19775
19776
19777
19778
19779
19780
19781
19782
19783
19784
19785
19786
19787
19788
19789
19791
19792
19794
19795
19796
19797
19798
19799
19800
19801
19802
19803
19811
19812
19813
19814
19815
19816
19817
19818
19819
19820
19821
19822
19823
19824
19825
19826
19827
19828
19829
19830
19831
19832
19833
19834
19835
19836
19837
19838
19839
19840
19841
19842
19843
19844
19845
19846
19848
19850
19851
19852
19853
19855
19856
19857
19858
19859
19860
19861
19862
19863
19864
19865
19866
19867
19868
19869
19870
19871
19872
19874
19875
19876
19877
19878
19879
19880
19881
19882
19883
19884
19885
19886
19887
19888
19889
19890
19891
19893
19895
19897
19898
19899
19900
19901
19902
19903
19904
19905
19906
19907
19908
19909
19910
19911
19912
19913
19914
19915
19916
19917
19918
19919
19920
19921
19922
19923
19924
19925
19927
19928
19929
19930
19931
19932
19933
19934
19935
19936
19937
19938
19939
19940
19941
19942
19943
19944
19945
19946
19947
19948
19949
19950
19951
19952
19954
19955
19956
19957
19958
19959
19961
19962
19963
19964
19965
19966
19967
19968
19969
19970
19971
19972
19973
19974
19975
19976
19977
19978
19979
19980
19981
19982
19983
19984
19985
19986
19987
19988
19990
19991
19992
19993
19994
19995
19996
19997
19998
19999
20000
20001
20002
20003
20004
20005
20006
20007
20009
20010
20011
20012
20013
20014
20015
20016
20017
20018
20019
20020
20021
20022
20027
20028
20029
20030
20031
20032
20033
20034
20035
20036
20037
20038
20039
20040
20041
20042
20043
20044
20045
20046
20047
20048
20049
20050
20051
20052
20053
20054
20055
20056
20057
20058
20059
20060
20061
20062
20063
20064
20065
20066
20067
20068
20069
20070
20071
20072
20073
20074
20075
20076
20077
20078
20080
20081
20082
20083
20085
20087
20088
20089
20091
20092
20093
20094
20096
20097
20098
20099
20100
20101
20102
20103
20104
20105
20106
20107
20108
20109
20110
20111
20112
20113
20114
20115
20116
20117
20118
20119
20120
20121
20122
20123
20124
20125
20126
20127
20128
20129
20130
20131
20132
20133
20134
20135
20136
20137
20138
20139
20140
20141
20143
20144
20145
20146
20147
20148
20149
20150
20151
20152
20153
20154
20155
20156
20157
20158
20159
20160
20161
20162
20163
20164
20165
20166
20167
20168
20169
20170
20171
20172
20173
20174
20175
20176
20177
20178
20179
20180
20181
20182
20183
20184
20185
20186
20187
20188
20189
20190
20191
20192
20193
20194
20195
20196
20197
20198
20199
20200
20201
20202
20203
20204
20205
20207
20208
20209
20212
20213
20214
20215
20216
20217
20218
20219
20220
20221
20222
20223
20224
20225
20226
20228
20229
20230
20231
20233
20234
20235
20236
20237
20238
20239
20240
20241
20242
20243
20244
20245
20246
20247
20248
20249
20250
20251
20252
20253
20254
20255
20256
20257
20258
20259
20260
20261
20262
20264
20265
20267
20268
20269
20270
20272
20273
20274
20275
20276
20277
20278
20279
20280
20281
20282
20283
20284
20285
20286
20287
20288
20289
20290
20291
20293
20294
20295
20296
20297
20298
20299
20300
20301
20302
20303
20304
20305
20306
20307
20308
20309
20310
20311
20312
20313
20314
20315
20316
20317
20318
20319
20320
20321
20322
20324
20325
20326
20327
20328
20329
20330
20331
20332
20333
20334
20335
20336
20337
20338
20339
20340
20341
20342
20343
20344
20345
20346
20347
20348
20349
20350
20351
20352
20353
20354
20355
20356
20357
20358
20359
20360
20361
20362
20363
20364
20365
20366
20367
20368
20369
20370
20371
20372
20373
20374
20375
20376
20377
20378
20379
20380
20381
20383
20384
20385
20386
20387
20388
20389
20390
20391
20392
20393
20394
20395
20396
20397
20398
20399
20400
20401
20402
20403
20404
20405
20406
20407
20408
20409
20410
20411
20412
20413
20414
20415
20416
20417
20418
20419
20420
20421
20423
20424
20425
20426
20427
20428
20429
20430
20431
20432
20433
20434
20435
20436
20437
20438
20439
20440
20441
20442
20443
20444
20445
20446
20447
20448
20449
20450
20451
20452
20453
20454
20455
20456
20457
20458
20459
20460
20461
20462
20463
20464
20465
20466
20467
20468
20469
20470
20471
20472
20473
20474
20475
20476
20477
20478
20479
20858
20928
21003
21242
21271
21280
21391
21504
21505
21506
21507
21508
21509
21510
21511
21512
21513
21514
21515
21516
21517
21518
21519
21520
21521
21522
21523
21524
21525
21526
21527
21528
21529
21530
21531
21533
21534
21535
21536
21537
21538
21539
21540
21541
21542
21543
21544
21545
21546
21547
21548
21549
21550
21551
21552
21553
21554
21555
21556
21557
21558
21559
21560
21561
21562
21563
21564
21565
21566
21567
21568
21569
21570
21571
21572
21573
21574
21575
21576
21577
21578
21579
21580
21581
21582
21583
21584
21585
21586
21587
21588
21589
21590
21591
21592
21593
21594
21595
21596
21597
21598
21599
21600
21601
21602
21603
21604
21605
21606
21607
21608
21609
21610
21611
21612
21613
21614
21615
21616
21617
21618
21619
21620
21621
21622
21623
21624
21625
21626
21627
21628
21629
21630
21631
21632
21633
21634
21635
21636
21637
21638
21639
21640
21641
21642
21643
21644
21645
21646
21647
21648
21650
21651
21652
21653
21654
21655
21656
21657
21658
21659
21660
21661
21662
21663
21664
21665
21666
21667
21668
21669
21670
21671
21672
21673
21675
21676
21677
21678
21679
21680
21681
21682
21683
21684
21685
21686
21687
21688
21689
21690
21691
21692
21693
21694
21696
21697
21698
21699
21700
21701
21702
21703
21704
21705
21706
21707
21708
21709
21710
21711
21712
21713
21714
21715
21716
21717
21718
21719
21720
21721
21722
21723
21724
21725
21726
21727
21728
21729
21730
21731
21732
21733
21734
21735
21736
21737
21738
21739
21740
21741
21742
21743
21744
21745
21746
21747
21748
21749
21750
21751
21752
21753
21754
21755
21756
21757
21758
21759
21760
21761
21762
21763
21764
21765
21766
21767
21768
21769
21770
21771
21772
21773
21774
21775
21776
21777
21778
21779
21780
21781
21782
21783
21784
21785
21786
21787
21788
21789
21790
21791
21792
21793
21794
21795
21796
21797
21798
21799
21800
21801
21802
21803
21804
21805
21806
21807
21808
21809
21810
21811
21812
21813
21814
21815
21816
21817
21818
21821
21822
21823
21824
21825
21826
21827
21828
21829
21830
21831
21832
21833
21834
21835
21836
21837
21838
21839
21840
21841
21842
21843
21844
21845
21846
21847
21848
21849
21850
21851
21852
21853
21854
21855
21856
21857
21858
21859
21860
21862
21863
21864
21865
21866
21868
21869
21870
21871
21872
21873
21874
21875
21876
21877
21878
21879
21880
21881
21882
21883
21885
21886
21887
21889
21890
21891
21892
21893
21894
21895
21896
21897
21898
21899
21900
21901
21902
21903
21904
21905
21906
21907
21908
21909
21910
21911
21912
21913
21914
21915
21916
21918
21919
21920
21921
21922
21923
21924
21925
21926
21927
21928
21929
21930
21931
21932
21933
21934
21935
21936
21937
21938
21939
21940
21941
21943
21944
21945
21946
21947
21948
21949
21950
21951
21952
21953
21954
21955
21956
21957
21958
21959
21960
21961
21962
21963
21964
21965
21966
21967
21968
21969
21970
21971
21972
21973
21974
21975
21976
21977
21978
21979
21980
21981
21982
21984
21985
21986
21987
21988
21989
21991
21992
21993
21994
21995
21996
21997
21998
21999
22000
22001
22002
22003
22004
22005
22006
22007
22008
22009
22010
22011
22012
22013
22014
22015
22016
22017
22018
22020
22021
22022
22023
22024
22025
22026
22027
22028
22029
22030
22031
22032
22033
22034
22035
22036
22037
22038
22039
22040
22041
22042
22043
22044
22046
22047
22048
22049
22050
22051
22052
22053
22054
22055
22056
22057
22058
22059
22060
22061
22062
22063
22064
22065
22066
22067
22068
22069
22070
22071
22072
22073
22074
22075
22076
22077
22078
22079
22080
22081
22082
22083
22084
22085
22086
22087
22088
22089
22090
22091
22092
22093
22094
22095
22096
22097
22098
22099
22100
22101
22102
22103
22104
22105
22106
22107
22109
22110
22111
22112
22113
22114
22115
22116
22117
22119
22120
22121
22122
22123
22124
22125
22126
22127
22128
22129
22130
22131
22132
22133
22134
22135
22136
22137
22138
22139
22140
22141
22142
22143
22144
22145
22146
22147
22148
22149
22150
22151
22152
22153
22154
22155
22156
22157
22158
22159
22160
22161
22162
22163
22164
22165
22166
22167
22168
22169
22170
22171
22172
22173
22174
22175
22176
22177
22178
22179
22180
22181
22182
22183
22184
22185
22186
22187
22188
22189
22190
22191
22192
22193
22194
22195
22196
22197
22198
22199
22200
22201
22202
22203
22204
22205
22206
22207
22208
22209
22210
22211
22212
22213
22214
22215
22216
22217
22218
22219
22220
22221
22222
22223
22224
22225
22226
22227
22228
22229
22230
22231
22232
22233
22234
22235
22236
22237
22238
22239
22240
22241
22242
22243
22244
22245
22246
22247
22248
22249
22250
22251
22252
22253
22254
22255
22256
22257
22258
22259
22260
22261
22262
22263
22264
22265
22266
22267
22268
22269
22270
22273
22274
22275
22276
22277
22278
22279
22280
22281
22282
22283
22284
22285
22286
22287
22289
22290
22291
22292
22293
22294
22295
22296
22297
22298
22299
22300
22301
22302
22303
22304
22305
22306
22307
22308
22309
22310
22311
22312
22313
22314
22315
22316
22317
22318
22319
22320
22321
22322
22323
22324
22325
22326
22327
22328
22329
22330
22331
22332
22333
22334
22335
22336
22337
22338
22339
22340
22341
22342
22343
22344
22345
22346
22347
22348
22349
22350
22351
22352
22353
22354
22355
22356
22357
22358
22359
22360
22361
22362
22363
22364
22365
22366
22367
22368
22369
22370
22371
22372
22373
22374
22375
22376
22377
22378
22379
22380
22381
22382
22383
22384
22385
22386
22387
22388
22389
22390
22391
22392
22393
22394
22395
22396
22397
22398
22399
22400
22401
22402
22403
22404
22405
22406
22407
22408
22409
22410
22411
22412
22413
22414
22415
22416
22417
22418
22419
22420
22421
22422
22423
22424
22425
22426
22427
22428
22429
22430
22431
22432
22433
22434
22435
22436
22437
22438
22439
22440
22441
22442
22443
22444
22445
22446
22447
22448
22450
22451
22452
22453
22454
22455
22456
22457
22458
22459
22460
22461
22462
22463
22464
22465
22466
22467
22468
22469
22470
22471
22472
22473
22474
22475
22476
22477
22478
22479
22480
22481
22482
22483
22485
22486
22487
22488
22489
22490
22491
22492
22493
22494
22495
22496
22497
22498
22499
22500
22501
22502
22504
22505
22506
22507
22508
22509
22510
22511
22512
22513
22514
22515
22516
22517
22518
22519
22520
22521
22522
22523
22524
22525
22526
22527
22528
22529
22530
22531
22532
22533
22534
22535
22536
22537
22540
22541
22542
22543
22544
22545
22546
22547
22548
22549
22550
22551
22552
22553
22554
22555
22556
22557
22558
22559
22560
22561
22562
22563
22564
22565
22566
22567
22568
22569
22570
22571
22572
22573
22574
22575
22576
22577
22578
22579
22580
22581
22582
22583
22584
22585
22586
22587
22588
22589
22590
22591
22592
22593
22594
22595
22596
22597
22598
22599
22600
22601
22602
22603
22604
22605
22606
22607
22608
22609
22610
22611
22612
22613
22614
22615
22616
22617
22618
22619
22620
22621
22622
22623
22624
22625
22626
22628
22629
22630
22631
22632
22633
22634
22635
22636
22637
22638
22639
22640
22641
22642
22643
22644
22645
22646
22647
22648
22649
22650
22651
22652
22653
22654
22655
22656
22657
22658
22659
22660
22661
22663
22664
22666
22667
22668
22669
22670
22671
22672
22673
22674
22675
22676
22677
22678
22679
22680
22681
22682
22684
22685
22686
22687
22688
22689
22690
22691
22692
22693
22694
22695
22696
22697
22699
22700
22701
22702
22703
22704
22705
22706
22707
22708
22709
22710
22711
22712
22713
22714
22715
22716
22717
22718
22719
22720
22721
22722
22723
22724
22725
22726
22727
22728
22729
22730
22731
22732
22734
22735
22737
22738
22739
22741
22742
22743
22744
22745
22746
22747
22748
22749
22750
22751
22752
22753
22754
22755
22756
22757
22758
22759
22760
22761
22762
22763
22764
22765
22766
22767
22768
22769
22770
22771
22772
22773
22775
22776
22777
22778
22780
22781
22782
22783
22784
22785
22786
22787
22788
22789
22790
22792
22793
22794
22795
22796
22797
22798
22799
22800
22802
22803
22804
22805
22806
22807
22808
22809
22810
22811
22812
22813
22814
22815
22817
22819
22820
22821
22822
22824
22825
22826
22827
22828
22829
22831
22832
22833
22834
22835
22836
22837
22838
22839
22840
22841
22842
22843
22844
22845
22846
22847
22848
22849
22850
22851
22852
22853
22854
22855
22856
22857
22858
22859
22860
22861
22862
22863
22864
22865
22866
22867
22868
22869
22870
22872
22873
22874
22875
22876
22877
22878
22879
22880
22881
22882
22883
22884
22885
22886
22887
22888
22889
22890
22891
22892
22893
22894
22895
22896
22897
22898
22899
22900
22901
22902
22903
22904
22905
22906
22907
22908
22909
22910
22911
22912
22913
22914
22916
22917
22918
22919
22920
22921
22922
22923
22924
22925
22926
22927
22928
22929
22930
22931
22932
22933
22934
22935
22936
22937
22938
22940
22941
22942
22943
22944
22945
22946
22947
22948
22949
22950
22951
22952
22953
22954
22955
22956
22957
22958
22959
22960
22961
22962
22963
22964
22965
22966
22967
22968
22969
22970
22971
22972
22973
22974
22975
22976
22977
22978
22979
22980
22982
22983
22984
22985
22986
22987
22988
22989
22990
22991
22992
22993
22994
22995
22996
22997
22998
22999
23000
23001
23002
23003
23004
23005
23006
23007
23008
23009
23010
23011
23012
23013
23014
23015
23016
23017
23018
23019
23022
23023
23024
23025
23026
23027
23028
23029
23030
23031
23032
23033
23034
23035
23036
23037
23038
23039
23040
23041
23042
23043
23044
23045
23046
23047
23048
23049
23050
23051
23052
23053
23054
23055
23056
23057
23058
23059
23060
23061
23062
23063
23064
23065
23066
23067
23068
23069
23070
23071
23072
23073
23074
23075
23076
23077
23078
23079
23080
23081
23082
23083
23084
23085
23086
23087
23088
23089
23090
23092
23094
23095
23096
23097
23098
23099
23100
23101
23102
23103
23104
23105
23106
23107
23109
23110
23111
23114
23115
23116
23117
23118
23120
23121
23122
23123
23124
23125
23126
23127
23128
23129
23130
23131
23132
23133
23134
23135
23136
23137
23138
23139
23140
23141
23142
23143
23144
23145
23146
23147
23148
23149
23150
23151
23152
23153
23154
23155
23156
23157
23158
23159
23160
23161
23162
23163
23164
23165
23166
23167
23168
23169
23170
23171
23172
23173
23174
23175
23176
23177
23178
23179
23180
23181
23182
23183
23184
23185
23186
23187
23188
23189
23191
23193
23194
23195
23196
23197
23198
23199
23200
23201
23202
23203
23204
23205
23206
23207
23208
23209
23210
23211
23212
23213
23214
23215
23216
23217
23218
23219
23221
23222
23223
23225
23226
23227
23228
23229
23230
23231
23232
23233
23234
23235
23236
23237
23238
23240
23241
23243
23244
23245
23246
23247
23248
23249
23250
23251
23252
23253
23254
23255
23256
23257
23258
23259
23260
23261
23263
23264
23265
23266
23267
23268
23269
23270
23271
23272
23273
23274
23275
23276
23277
23278
23279
23280
23281
23282
23283
23284
23285
23286
23287
23289
23290
23291
23292
23293
23294
23295
23296
23297
23298
23299
23300
23301
23302
23303
23304
23305
23306
23307
23308
23309
23310
23311
23312
23313
23314
23315
23316
23317
23318
23319
23320
23321
23322
23323
23324
23325
23326
23327
23328
23329
23330
23331
23332
23333
23334
23335
23336
23337
23338
23339
23340
23341
23342
23343
23344
23345
23346
23347
23348
23349
23350
23351
23352
23353
23354
23356
23358
23359
23360
23361
23362
23363
23364
23365
23366
23367
23368
23369
23370
23371
23372
23373
23374
23375
23376
23377
23379
23380
23381
23382
23383
23384
23385
23386
23387
23388
23389
23390
23391
23392
23393
23394
23395
23396
23397
23398
23400
23402
23403
23404
23405
23406
23407
23408
23409
23410
23412
23413
23414
23415
23416
23417
23418
23419
23420
23421
23422
23423
23425
23426
23427
23428
23429
23430
23431
23432
23433
23434
23435
23436
23437
23438
23439
23440
23441
23442
23443
23444
23445
23446
23447
23449
23450
23451
23452
23453
23454
23455
23457
23458
23459
23460
23461
23462
23463
23464
23465
23466
23467
23468
23469
23470
23471
23472
23473
23474
23475
23477
23478
23479
23480
23481
23482
23483
23484
23485
23486
23487
23488
23489
23490
23491
23492
23493
23494
23495
23496
23497
23498
23499
23500
23501
23502
23503
23504
23505
23506
23507
23508
23509
23510
23511
23512
23513
23514
23515
23516
23517
23518
23519
23520
23521
23522
23523
23524
23525
23526
23527
23528
23529
23530
23531
23532
23533
23534
23535
23536
23537
23538
23539
23540
23542
23543
23544
23545
23546
23547
23548
23549
23550
23551
23552
23602
23603
23605
23606
23607
23608
23609
23610
23611
23612
23644
23645
23646
23647
23648
23649
23650
23651
23652
23653
23654
23655
23656
23657
23659
23660
23661
23662
23663
23664
23665
23666
23667
23668
23669
23670
23671
23672
23673
23674
23675
23676
23677
23678
23679
23680
23681
23682
23683
23684
23686
23687
23688
23689
23690
23691
23701
23702
23703
23705
23706
23707
23708
23709
23710
23711
23712
23713
23714
23715
23716
23717
23718
23719
23720
23721
23722
23723
23724
23726
23727
23728
23729
23730
23731
23732
23733
23734
23735
23736
23737
23738
23739
23741
23742
23743
23744
23745
23746
23747
23748
23749
23750
23751
23752
23753
23754
23756
23758
23759
23760
23761
23762
23763
23764
23765
23767
23769
23770
23771
23772
23773
23838
23839
23854
23855
23856
23857
23858
23859
23860
23861
23862
23863
23864
23865
23866
23867
23868
23869
23870
23871
23872
23874
23875
23876
23877
23878
23879
23881
23882
23883
23884
23885
23886
23887
23888
23889
23890
23891
23892
23893
23894
23895
23896
23897
23898
23899
23900
23901
23902
23903
23904
23905
23906
23907
23908
23909
23910
23911
23913
23914
23915
23916
23917
23918
23919
23920
23921
23922
23923
23924
23925
23926
23927
23928
23929
23930
23931
23932
23933
23934
23935
23936
23938
23939
23940
23941
23942
23943
23944
23945
23955
23956
23957
23958
23959
23960
23961
23962
23965
23966
23967
23968
23969
23970
23971
23972
23973
23974
23975
23976
23977
23978
23979
23980
23984
23986
23988
23989
23991
23993
23994
23995
23996
23997
23998
23999
24000
24001
24002
24003
24004
24005
24006
24007
24008
24009
24011
24012
24013
24014
24015
24016
24017
24018
24019
24020
24021
24022
24023
24024
24025
24026
24028
24029
24030
24031
24032
24033
24034
24035
24036
24037
24038
24039
24040
24041
24042
24043
24044
24045
24046
24047
24048
24049
24050
24051
24053
24054
24055
24056
24057
24058
24059
24060
24061
24062
24063
24064
24065
24066
24067
24068
24069
24070
24072
24074
24076
24077
24078
24079
24081
24082
24083
24084
24085
24090
24091
24092
24093
24095
24096
24097
24098
24099
24100
24101
24102
24103
24105
24106
24107
24108
24109
24110
24111
24112
24113
24114
24116
24118
24120
24121
24122
24123
24124
24126
24127
24128
24129
24130
24132
24133
24144
24145
24153
24173
24178
24179
24180
24181
24182
24183
24184
24185
24186
24187
24188
24189
24190
24192
24193
24194
24214
24215
24216
24218
24219
24220
24221
24222
24223
24224
24225
24226
24227
24228
24229
24230
24231
24232
24233
24234
24235
24236
24237
24238
24239
24240
24242
24243
24245
24248
24298
24299
24300
24301
24302
24303
24304
24305
24306
24307
24309
24310
24311
24312
24313
24314
24315
24316
24318
24319
24320
24321
24322
24323
24324
24325
24326
24327
24328
24330
24331
24332
24333
24334
24335
24336
24337
24338
24340
24341
24342
24343
24344
24345
24346
24347
24348
24373
24374
24375
24376
24377
24378
24379
24380
24381
24382
24384
24389
24390
24391
24392
24393
24394
24395
24396
24397
24398
24399
24400
24401
24431
24432
24433
24434
24435
24436
24438
24439
24440
24441
24442
24443
24444
24446
24447
24448
24449
24451
24452
24453
24454
24455
24456
24457
24458
24459
24460
24461
24462
24463
24464
24465
24466
24467
24468
24469
24470
24471
24473
24474
24475
24476
24477
24478
24479
24480
24481
24482
24483
24484
24485
24486
24488
24489
24491
24492
24493
24494
24495
24496
24498
24499
24500
24501
24502
24503
24504
24505
24506
24507
24508
24509
24510
24511
24512
24513
24514
24515
24516
24517
24518
24538
24539
24540
24541
24542
24543
24544
24545
24546
24547
24548
24549
24550
24551
24552
24553
24554
24555
24556
24557
24558
24559
24560
24561
24563
24565
24566
24567
24568
24569
24570
24571
24572
24573
24574
24575
24736
24757
24788
24835
24863
24878
24987
25163
25250
25364
25543
25576
25601
25602
25603
25604
25605
25606
25607
25608
25609
25610
25611
25612
25613
25614
25615
25617
25618
25619
25620
25621
25622
25623
25624
25625
25626
25627
25628
25629
25630
25631
25632
25633
25634
25635
25636
25637
25638
25639
25640
25642
25643
25644
25645
25646
25648
25649
25650
25651
25652
25653
25654
25655
25656
25657
25658
25659
25660
25661
25662
25663
25664
25665
25667
25668
25669
25670
25671
25672
25673
25674
25675
25676
25677
25678
25679
25680
25681
25682
25683
25684
25685
25686
25687
25688
25689
25690
25691
25692
25693
25694
25695
25696
25697
25698
25699
25700
25701
25702
25703
25704
25705
25706
25707
25708
25709
25710
25711
25712
25713
25714
25715
25716
25717
25718
25719
25720
25721
25722
25723
25724
25725
25726
25727
25728
25729
25731
25732
25733
25735
25736
25737
25738
25739
25740
25741
25742
25743
25744
25745
25746
25747
25748
25749
25751
25752
25753
25754
25755
25756
25757
25758
25759
25760
25762
25763
25764
25765
25766
25767
25768
25769
25770
25771
25772
25773
25774
25775
25776
25777
25778
25780
25781
25782
25783
25784
25785
25786
25787
25788
25789
25790
25791
25792
25793
25794
25795
25796
25797
25798
25799
25801
25802
25803
25804
25805
25806
25807
25808
25809
25810
25811
25812
25813
25814
25815
25816
25817
25818
25819
25820
25821
25822
25823
25824
25825
25826
25827
25828
25829
25830
25832
25833
25834
25835
25836
25837
25838
25840
25841
25842
25843
25844
25845
25846
25847
25848
25850
25851
25852
25853
25854
25855
25856
25857
25858
25859
25860
25861
25862
25863
25864
25865
25866
25867
25869
25870
25871
25872
25873
25874
25875
25876
25877
25878
25879
25881
25882
25883
25884
25885
25886
25887
25888
25889
25890
25891
25892
25893
25894
25895
25896
25897
25898
25899
25900
25901
25902
25903
25904
25905
25906
25907
25909
25910
25911
25912
25913
25914
25915
25916
25917
25918
25919
25921
25922
25923
25924
25925
25926
25927
25928
25929
25931
25932
25933
25934
25935
25936
25937
25938
25939
25940
25941
25942
25943
25944
25945
25946
25947
25948
25949
25950
25951
25952
25953
25954
25955
25956
25957
25958
25959
25960
25961
25962
25963
25964
25965
25966
25967
25968
25969
25970
25971
25972
25973
25974
25975
25976
25977
25978
25979
25980
25981
25982
25983
25984
25985
25986
25987
25988
25989
25990
25991
25992
25993
25994
25995
25996
25997
25998
25999
26000
26001
26002
26003
26004
26005
26006
26007
26008
26009
26010
26011
26012
26013
26014
26015
26017
26018
26019
26020
26021
26022
26023
26024
26025
26026
26027
26028
26029
26030
26031
26032
26033
26034
26035
26036
26037
26038
26039
26040
26041
26042
26043
26044
26045
26046
26047
26048
26049
26050
26051
26052
26053
26054
26055
26056
26057
26058
26059
26060
26062
26063
26064
26065
26066
26067
26068
26069
26070
26071
26072
26073
26074
26075
26076
26077
26078
26079
26080
26081
26082
26083
26084
26085
26086
26087
26088
26089
26091
26092
26093
26094
26095
26096
26097
26098
26099
26100
26101
26102
26103
26104
26105
26106
26108
26109
26110
26111
26113
26114
26115
26117
26118
26119
26120
26121
26123
26124
26125
26126
26127
26128
26129
26130
26131
26132
26133
26134
26135
26136
26137
26138
26139
26140
26141
26142
26143
26144
26145
26146
26147
26148
26149
26150
26151
26152
26153
26154
26155
26156
26157
26158
26159
26160
26161
26162
26163
26164
26165
26166
26167
26168
26170
26172
26173
26174
26175
26176
26177
26178
26179
26180
26181
26182
26183
26184
26185
26186
26187
26188
26189
26190
26191
26192
26193
26194
26195
26196
26197
26198
26199
26200
26201
26202
26203
26204
26205
26206
26207
26208
26209
26210
26211
26212
26213
26214
26215
26216
26217
26218
26219
26220
26221
26222
26223
26224
26225
26226
26227
26228
26229
26230
26231
26232
26233
26234
26235
26236
26237
26238
26239
26240
26241
26242
26243
26244
26245
26247
26248
26249
26251
26252
26253
26254
26255
26256
26257
26258
26259
26260
26261
26262
26263
26264
26265
26266
26267
26268
26269
26271
26272
26273
26274
26275
26276
26277
26278
26279
26280
26281
26282
26283
26284
26285
26286
26287
26288
26289
26291
26292
26293
26294
26296
26297
26298
26299
26300
26301
26302
26303
26304
26305
26306
26307
26308
26309
26310
26311
26312
26313
26314
26315
26316
26317
26318
26319
26320
26321
26322
26323
26324
26325
26326
26327
26328
26329
26330
26331
26332
26333
26334
26335
26336
26337
26338
26339
26340
26341
26342
26343
26344
26346
26347
26348
26349
26350
26351
26352
26353
26354
26355
26356
26357
26359
26360
26361
26362
26363
26364
26365
26366
26367
26368
26369
26370
26371
26372
26373
26374
26375
26376
26377
26378
26379
26380
26381
26382
26383
26384
26385
26386
26387
26388
26389
26390
26391
26392
26393
26394
26395
26396
26397
26398
26399
26400
26401
26402
26403
26404
26405
26406
26407
26408
26409
26410
26411
26413
26414
26415
26416
26417
26418
26419
26420
26421
26422
26423
26424
26425
26426
26427
26428
26429
26430
26431
26432
26433
26434
26435
26436
26437
26438
26439
26440
26441
26442
26444
26445
26446
26447
26448
26449
26450
26451
26452
26454
26455
26456
26457
26458
26459
26460
26461
26462
26463
26464
26465
26466
26467
26468
26469
26470
26471
26472
26474
26475
26476
26477
26478
26479
26480
26481
26482
26484
26485
26486
26487
26488
26489
26490
26491
26492
26493
26494
26495
26496
26497
26498
26499
26500
26501
26502
26503
26504
26505
26506
26507
26508
26509
26510
26511
26512
26513
26514
26515
26516
26517
26518
26520
26521
26522
26523
26524
26525
26526
26527
26528
26529
26530
26531
26532
26533
26534
26535
26536
26537
26538
26539
26540
26541
26542
26543
26544
26545
26546
26547
26548
26549
26550
26551
26552
26553
26554
26555
26556
26557
26558
26559
26560
26561
26562
26563
26564
26565
26566
26567
26568
26569
26570
26571
26572
26573
26574
26575
26576
26577
26578
26579
26580
26581
26583
26584
26585
26586
26587
26588
26589
26590
26591
26592
26593
26594
26595
26598
26599
26600
26601
26602
26603
26604
26605
26606
26607
26608
26609
26610
26611
26612
26613
26614
26615
26616
26617
26618
26619
26620
26621
26622
26623
26624
26626
26627
26628
26629
26630
26631
26632
26633
26634
26635
26636
26637
26638
26639
26640
26641
26642
26644
26645
26646
26647
26648
26649
26650
26651
26652
26654
26655
26656
26657
26658
26659
26660
26661
26662
26663
26664
26665
26666
26667
26669
26670
26671
26672
26673
26674
26675
26676
26677
26678
26679
26680
26681
26682
26683
26684
26685
26686
26687
26688
26689
26691
26692
26693
26694
26695
26696
26697
26698
26699
26700
26701
26702
26703
26704
26705
26706
26707
26708
26709
26710
26711
26713
26714
26715
26716
26717
26718
26719
26720
26721
26722
26723
26724
26725
26726
26727
26728
26729
26730
26731
26732
26733
26734
26735
26736
26737
26738
26739
26740
26741
26742
26743
26744
26745
26746
26747
26748
26749
26750
26751
26752
26753
26755
26756
26757
26759
26760
26761
26762
26763
26764
26765
26766
26767
26768
26769
26770
26771
26772
26773
26774
26775
26776
26777
26778
26779
26780
26781
26782
26783
26784
26785
26786
26787
26788
26789
26790
26791
26792
26793
26794
26795
26796
26797
26798
26800
26801
26802
26803
26804
26805
26806
26807
26808
26809
26810
26811
26812
26813
26814
26815
26816
26817
26818
26819
26820
26821
26822
26823
26824
26825
26826
26827
26828
26829
26830
26831
26832
26833
26834
26835
26836
26837
26838
26839
26840
26841
26842
26844
26845
26846
26847
26848
26849
26850
26851
26852
26853
26854
26855
26856
26857
26858
26859
26860
26861
26862
26863
26864
26865
26866
26867
26868
26869
26870
26871
26872
26873
26874
26875
26876
26877
26878
26879
26880
26881
26882
26883
26884
26885
26886
26887
26888
26889
26890
26891
26892
26893
26894
26895
26896
26897
26900
26901
26902
26903
26904
26905
26906
26907
26908
26909
26910
26911
26912
26913
26914
26915
26916
26917
26918
26919
26920
26921
26922
26923
26924
26925
26926
26928
26929
26930
26931
26932
26933
26934
26935
26936
26937
26938
26939
26940
26941
26942
26943
26944
26945
26946
26947
26948
26949
26950
26951
26952
26953
26954
26955
26956
26957
26958
26959
26960
26962
26963
26964
26965
26966
26967
26968
26969
26970
26972
26973
26974
26975
26976
26977
26978
26979
26980
26981
26982
26983
26984
26985
26986
26987
26988
26989
26990
26991
26992
26993
26994
26995
26996
26997
26998
26999
27000
27001
27002
27003
27004
27005
27006
27007
27008
27009
27010
27011
27012
27013
27014
27015
27016
27017
27018
27019
27020
27021
27022
27023
27024
27025
27026
27027
27028
27029
27030
27031
27032
27160
27161
27162
27163
27164
27165
27166
27167
27168
27169
27170
27171
27172
27173
27174
27175
27176
27177
27178
27179
27180
27181
27182
27183
27184
27185
27186
27187
27188
27189
27191
27192
27193
27194
27195
27196
27197
27198
27199
27200
27201
27202
27203
27204
27205
27206
27207
27208
27209
27210
27211
27212
27213
27214
27215
27216
27217
27218
27219
27220
27221
27222
27223
27224
27225
27226
27227
27228
27229
27230
27231
27232
27233
27234
27235
27236
27237
27238
27239
27240
27241
27242
27243
27244
27245
27246
27248
27249
27251
27252
27253
27254
27255
27256
27257
27258
27259
27260
27261
27262
27263
27264
27265
27266
27267
27268
27269
27270
27271
27272
27273
27274
27275
27276
27277
27278
27279
27280
27281
27282
27283
27284
27285
27286
27287
27288
27290
27291
27292
27293
27294
27295
27296
27297
27298
27299
27300
27301
27302
27303
27304
27305
27306
27307
27308
27309
27310
27311
27312
27313
27314
27315
27316
27318
27323
27324
27325
27326
27327
27328
27329
27330
27331
27332
27333
27334
27335
27336
27337
27338
27339
27340
27341
27342
27343
27344
27345
27346
27347
27348
27349
27350
27351
27352
27353
27354
27355
27356
27357
27358
27359
27360
27362
27363
27364
27365
27366
27367
27368
27369
27370
27371
27372
27373
27374
27376
27377
27378
27379
27380
27381
27382
27383
27384
27385
27386
27387
27388
27389
27390
27391
27392
27393
27394
27395
27396
27397
27398
27399
27400
27401
27402
27403
27404
27405
27406
27407
27408
27409
27410
27411
27412
27413
27414
27415
27417
27418
27419
27420
27421
27422
27423
27424
27425
27426
27427
27428
27429
27430
27431
27432
27433
27434
27435
27437
27438
27439
27440
27441
27442
27443
27444
27445
27446
27447
27448
27449
27450
27451
27452
27453
27454
27455
27456
27457
27458
27459
27460
27461
27462
27463
27464
27465
27466
27467
27468
27469
27471
27472
27473
27474
27475
27476
27477
27478
27479
27480
27481
27482
27483
27484
27485
27486
27487
27488
27489
27490
27491
27492
27493
27494
27495
27496
27497
27498
27499
27500
27501
27502
27503
27504
27505
27506
27507
27508
27509
27510
27511
27512
27513
27514
27515
27516
27517
27518
27519
27520
27521
27522
27523
27524
27525
27526
27527
27528
27529
27530
27531
27532
27533
27534
27535
27536
27537
27538
27539
27540
27541
27542
27543
27544
27545
27546
27547
27548
27549
27550
27551
27552
27553
27554
27555
27556
27557
27558
27559
27560
27561
27562
27563
27564
27565
27566
27567
27568
27569
27570
27571
27572
27573
27574
27575
27576
27577
27578
27579
27580
27581
27582
27583
27584
27585
27587
27588
27589
27590
27592
27594
27595
27596
27597
27598
27599
27600
27601
27602
27603
27604
27605
27606
27607
27608
27609
27610
27611
27613
27614
27615
27616
27617
27618
27619
27620
27621
27622
27623
27624
27625
27626
27627
27628
27629
27630
27631
27632
27633
27634
27635
27636
27637
27638
27639
27640
27641
27642
27643
27644
27645
27646
27647
27648
27649
27650
27651
27652
27653
27654
27655
27656
27658
27659
27660
27661
27662
27663
27665
27666
27667
27668
27669
27670
27671
27672
27673
27674
27675
27676
27677
27678
27679
27680
27681
27683
27684
27686
27687
27688
27689
27690
27691
27692
27693
27694
27695
27696
27697
27698
27699
27700
27701
27702
27704
27705
27708
27709
27710
27711
27712
27713
27714
27715
27716
27717
27718
27719
27720
27721
27723
27725
27726
27727
27728
27729
27730
27731
27732
27733
27734
27735
27736
27737
27738
27739
27740
27741
27742
27744
27745
27746
27747
27748
27749
27750
27751
27752
27753
27754
27755
27756
27757
27758
27759
27760
27761
27762
27763
27764
27766
27768
27770
27771
27773
27774
27775
27776
27777
27778
27779
27780
27781
27782
27783
27784
27785
27786
27787
27788
27789
27790
27791
27792
27793
27794
27795
27796
27797
27798
27799
27800
27802
27803
27804
27805
27806
27807
27808
27809
27810
27811
27812
27813
27814
27817
27818
27819
27820
27822
27823
27824
27825
27826
27827
27828
27830
27831
27832
27833
27834
27835
27836
27837
27838
27839
27841
27842
27843
27844
27845
27847
27848
27850
27851
27852
27853
27854
27855
27856
27858
27859
27860
27862
27864
27865
27866
27867
27870
27871
27872
27873
27874
27875
27876
27877
27879
27880
27881
27882
27883
27884
27885
27886
27887
27888
27889
27890
27891
27892
27893
27894
27895
27896
27897
27898
27899
27900
27901
27902
27903
27904
27905
27907
27908
27909
27910
27911
27912
27913
27914
27915
27916
27917
27918
27919
27920
27921
27922
27923
27924
27925
27926
27927
27928
27929
27930
27931
27932
27933
27934
27935
27936
27937
27938
27939
27940
27941
27942
27943
27944
27945
27946
27947
27948
27949
27950
27951
27952
27953
27955
27956
27957
27958
27959
27960
27961
27962
27964
27965
27966
27967
27968
27969
27970
27971
27972
27974
27975
27976
27977
27978
27979
27980
27981
27983
27984
27986
27987
27988
27989
27991
27992
27993
27994
27995
27996
27997
27998
27999
28000
28001
28002
28006
28007
28008
28009
28011
28012
28013
28015
28017
28018
28019
28020
28021
28022
28023
28024
28025
28026
28027
28028
28029
28030
28031
28032
28033
28034
28035
28036
28037
28038
28039
28040
28041
28043
28044
28045
28046
28047
28048
28049
28050
28051
28052
28053
28054
28055
28056
28058
28059
28060
28061
28062
28063
28064
28065
28066
28067
28068
28069
28070
28071
28072
28073
28074
28075
28077
28078
28079
28080
28081
28082
28083
28084
28085
28086
28087
28088
28089
28091
28093
28094
28096
28097
28098
28099
28100
28103
28104
28105
28107
28109
28110
28111
28112
28113
28114
28115
28116
28117
28118
28119
28120
28121
28122
28124
28125
28126
28127
28128
28129
28130
28131
28132
28133
28135
28136
28137
28138
28139
28140
28142
28143
28144
28145
28146
28148
28149
28150
28151
28153
28154
28156
28157
28158
28159
28160
28163
28164
28165
28166
28169
28170
28171
28172
28173
28175
28176
28177
28178
28180
28181
28182
28183
28184
28186
28187
28188
28189
28190
28191
28193
28194
28195
28196
28197
28198
28201
28202
28203
28204
28205
28207
28209
28210
28211
28212
28213
28215
28216
28218
28219
28220
28222
28223
28224
28225
28226
28227
28229
28230
28231
28232
28233
28234
28236
28238
28239
28240
28241
28243
28246
28247
28248
28249
28250
28251
28252
28253
28254
28255
28256
28257
28258
28260
28261
28262
28263
28264
28265
28267
28269
28270
28271
28272
28273
28274
28275
28276
28277
28278
28279
28283
28285
28287
28291
28292
28293
28294
28295
28296
28297
28298
28299
28300
28301
28304
28305
28306
28308
28309
28310
28315
28316
28317
28318
28319
28320
28321
28323
28324
28326
28327
28328
28329
28332
28333
28334
28335
28336
28337
28338
28342
28343
28344
28345
28346
28349
28351
28352
28356
28357
28358
28359
28360
28361
28362
28366
28368
28369
28370
28371
28372
28373
28374
28375
28376
28377
28378
28381
28382
28383
28384
28385
28386
28387
28390
28391
28392
28393
28394
28395
28396
28397
28398
28399
28400
28403
28404
28405
28406
28407
28408
28409
28410
28411
28412
28413
28414
28415
28417
28418
28419
28420
28421
28422
28423
28424
28425
28428
28429
28431
28432
28433
28434
28435
28436
28437
28438
28439
28440
28441
28442
28443
28444
28445
28446
28447
28448
28449
28451
28452
28453
28454
28455
28456
28457
28458
28459
28460
28461
28462
28463
28464
28465
28466
28467
28468
28469
28472
28474
28475
28476
28477
28478
28479
28480
28481
28482
28483
28484
28485
28486
28487
28488
28489
28490
28491
28492
28493
28494
28495
28496
28497
28498
28499
28500
28501
28502
28503
28504
28505
28506
28507
28508
28509
28510
28511
28512
28513
28514
28515
28516
28517
28518
28519
28520
28521
28522
28523
28524
28525
28526
28529
28530
28531
28532
28533
28534
28535
28536
28537
28538
28539
28540
28541
28543
28544
28545
28546
28547
28548
28549
28550
28551
28552
28553
28554
28555
28556
28557
28558
28559
28560
28561
28563
28564
28566
28567
28569
28570
28571
28572
28573
28574
28576
28577
28579
28580
28581
28582
28583
28584
28585
28586
28587
28588
28589
28590
28591
28592
28593
28594
28595
28596
28597
28598
28599
28601
28602
28603
28604
28605
28606
28608
28609
28610
28613
28614
28615
28616
28618
28619
28620
28621
28623
28624
28626
28627
28628
28629
28630
28631
28633
28634
28635
28636
28637
28638
28639
28640
28641
28642
28644
28646
28647
28649
28650
28652
28653
28654
28656
28657
28658
28660
28661
28662
28663
28664
28665
28666
28667
28668
28669
28670
28683
28698
29091
29340
29428
29544
29571
29614
29674
29696
29697
29698
29699
29700
29701
29702
29703
29704
29705
29706
29707
29708
29709
29710
29711
29712
29713
29714
29715
29716
29717
29718
29719
29720
29721
29722
29723
29724
29725
29726
29727
29728
29729
29730
29731
29732
29733
29734
29735
29736
29737
29738
29739
29740
29741
29742
29743
29744
29745
29746
29747
29748
29749
29750
29751
29752
29753
29755
29756
29757
29758
29759
29760
29761
29762
29764
29765
29766
29767
29768
29769
29770
29771
29772
29773
29774
29775
29776
29777
29778
29779
29780
29781
29782
29783
29784
29785
29786
29787
29788
29789
29790
29791
29792
29793
29794
29795
29796
29797
29798
29799
29800
29801
29802
29803
29804
29805
29806
29807
29808
29809
29810
29811
29812
29813
29814
29815
29816
29817
29818
29819
29821
29822
29823
29824
29825
29826
29827
29828
29830
29831
29832
29833
29834
29835
29836
29837
29838
29839
29840
29841
29842
29843
29844
29845
29846
29847
29848
29849
29850
29851
29852
29853
29854
29855
29856
29857
29858
29859
29860
29861
29862
29863
29864
29865
29866
29867
29868
29869
29870
29871
29872
29873
29874
29875
29876
29877
29878
29879
29880
29881
29882
29883
29884
29885
29886
29887
29888
29889
29890
29891
29892
29893
29894
29895
29896
29897
29898
29899
29900
29901
29902
29903
29904
29905
29906
29907
29908
29909
29910
29911
29912
29913
29914
29915
29916
29917
29918
29919
29920
29921
29922
29923
29924
29925
29926
29928
29929
29930
29931
29932
29933
29934
29935
29936
29937
29938
29939
29940
29941
29942
29943
29944
29945
29946
29947
29948
29949
29950
29951
29952
29953
29954
29955
29956
29957
29958
29959
29960
29961
29962
29963
29964
29965
29966
29967
29968
29969
29970
29971
29972
29973
29974
29975
29976
29977
29978
29979
29980
29981
29982
29983
29984
29985
29986
29987
29988
29989
29990
29991
29992
29993
29995
29996
29997
29998
29999
30000
30001
30002
30003
30005
30006
30007
30008
30009
30010
30011
30012
30013
30014
30015
30016
30017
30018
30019
30020
30021
30022
30023
30024
30025
30026
30027
30028
30029
30030
30031
30032
30033
30034
30035
30036
30037
30038
30039
30040
30041
30042
30043
30044
30045
30046
30047
30048
30049
30050
30051
30052
30053
30054
30055
30056
30057
30058
30059
30060
30061
30062
30063
30064
30065
30066
30067
30068
30069
30070
30071
30072
30074
30075
30076
30077
30078
30079
30080
30081
30082
30083
30085
30086
30087
30088
30089
30090
30091
30092
30093
30094
30095
30096
30097
30098
30099
30100
30101
30102
30103
30104
30105
30106
30107
30108
30109
30110
30111
30112
30113
30114
30115
30116
30117
30118
30119
30120
30121
30122
30135
30136
30137
30138
30139
30140
30141
30142
30143
30144
30145
30146
30147
30148
30149
30150
30151
30153
30154
30155
30156
30157
30158
30159
30160
30161
30162
30163
30164
30165
30166
30167
30169
30170
30171
30172
30173
30174
30175
30176
30177
30178
30181
30182
30183
30184
30185
30186
30187
30188
30189
30190
30191
30192
30193
30194
30195
30196
30197
30198
30199
30200
30201
30202
30203
30204
30205
30206
30207
30208
30209
30210
30211
30212
30213
30214
30215
30216
30217
30219
30220
30221
30222
30223
30224
30225
30226
30227
30228
30229
30230
30231
30232
30233
30234
30235
30236
30237
30238
30239
30240
30241
30242
30243
30244
30245
30246
30247
30249
30250
30251
30252
30255
30256
30257
30258
30259
30260
30261
30262
30263
30264
30265
30266
30267
30268
30269
30270
30271
30272
30273
30274
30275
30276
30277
30278
30279
30280
30281
30282
30283
30284
30286
30287
30288
30289
30290
30291
30292
30294
30295
30296
30297
30298
30299
30300
30301
30302
30303
30304
30305
30307
30308
30309
30310
30311
30312
30313
30314
30315
30316
30317
30318
30319
30320
30321
30322
30323
30324
30325
30326
30327
30328
30329
30330
30331
30332
30333
30334
30335
30336
30337
30338
30339
30340
30341
30342
30343
30344
30345
30346
30347
30348
30349
30350
30351
30352
30353
30354
30355
30356
30357
30358
30359
30360
30361
30362
30363
30364
30365
30366
30367
30368
30369
30370
30371
30372
30373
30374
30375
30376
30377
30378
30379
30380
30382
30383
30385
30386
30387
30388
30389
30390
30391
30392
30393
30394
30395
30396
30397
30398
30399
30400
30401
30402
30403
30404
30405
30406
30407
30408
30409
30410
30411
30412
30413
30414
30415
30416
30417
30418
30419
30420
30421
30422
30423
30424
30425
30427
30428
30430
30431
30432
30433
30434
30436
30437
30438
30439
30440
30441
30443
30444
30445
30446
30447
30448
30449
30450
30451
30452
30453
30454
30455
30456
30458
30459
30460
30461
30462
30463
30464
30465
30466
30467
30470
30471
30472
30473
30474
30475
30476
30477
30478
30479
30480
30481
30482
30483
30484
30485
30486
30487
30488
30489
30490
30491
30492
30493
30494
30495
30496
30497
30498
30499
30500
30501
30502
30503
30504
30505
30506
30507
30508
30509
30510
30511
30512
30513
30514
30515
30516
30517
30518
30519
30520
30521
30522
30523
30524
30525
30526
30527
30528
30529
30530
30531
30532
30533
30534
30535
30536
30537
30538
30539
30540
30541
30542
30543
30544
30545
30546
30547
30548
30549
30551
30552
30553
30554
30556
30557
30558
30559
30560
30561
30562
30563
30564
30565
30566
30567
30568
30569
30570
30571
30572
30573
30574
30575
30576
30577
30578
30579
30580
30581
30582
30583
30584
30585
30586
30587
30589
30590
30591
30592
30593
30595
30596
30597
30598
30599
30600
30601
30602
30603
30604
30605
30606
30607
30608
30609
30610
30611
30612
30613
30614
30615
30616
30617
30618
30619
30620
30621
30622
30623
30624
30625
30626
30627
30628
30629
30630
30631
30632
30633
30634
30635
30636
30637
30638
30639
30640
30641
30642
30643
30644
30645
30647
30648
30649
30650
30651
30652
30653
30654
30655
30656
30657
30658
30659
30660
30661
30662
30663
30664
30665
30666
30667
30668
30669
30670
30671
30672
30673
30674
30675
30676
30677
30678
30679
30680
30681
30682
30683
30684
30685
30686
30687
30688
30689
30690
30691
30692
30693
30694
30695
30696
30697
30698
30699
30700
30701
30702
30703
30704
30705
30706
30707
30708
30709
30710
30711
30712
30713
30714
30715
30716
30717
30718
30896
30982
30983
30984
30985
30986
30987
30988
30990
30992
30993
30994
30995
30997
30998
30999
31065
31245
31619
31744
31745
31746
31747
31748
31749
31750
31751
31752
31753
31754
31755
31756
31757
31758
31759
31760
31761
31762
31763
31764
31765
31766
31767
31768
31769
31770
31771
31772
31773
31774
31775
31776
31777
31778
31779
31780
31782
31783
31784
31785
31786
31787
31788
31789
31790
31791
31792
31793
31794
31795
31796
31797
31798
31799
31800
31801
31802
31803
31804
31805
31807
31808
31810
31811
31812
31813
31814
31815
31816
31817
31818
31819
31820
31821
31822
31823
31824
31825
31826
31827
31828
31829
31830
31831
31832
31833
31834
31835
31836
31837
31838
31839
31840
31841
31842
31843
31844
31845
31846
31847
31848
31849
31850
31851
31852
31853
31854
31855
31856
31857
31858
31859
31860
31861
31862
31863
31864
31865
31866
31867
31868
31869
31870
31871
31872
31873
31874
31875
31876
31877
31878
31879
31881
31882
31883
31884
31885
31886
31887
31888
31889
31890
31891
31892
31893
31894
31895
31896
31897
31898
31899
31900
31901
31902
31903
31904
31905
31906
31907
31910
31911
31912
31913
31914
31915
31916
31917
31918
31919
31920
31921
31922
31923
31925
31926
31927
31928
31929
31930
31931
31932
31933
31934
31935
31936
31937
31939
31940
31941
31942
31947
31948
31949
31950
31951
31952
31953
31954
31955
31956
31957
31958
31959
31960
31961
31962
31963
31964
31965
31966
31967
31968
31969
31970
31971
31972
31973
31974
31975
31976
31977
31978
31979
31980
31981
31982
31983
31984
31985
31986
31987
31988
31989
31990
31991
31992
31993
31994
31995
31996
31997
31998
31999
32000
32001
32002
32003
32004
32005
32006
32007
32008
32009
32010
32012
32013
32014
32015
32016
32017
32018
32019
32020
32021
32022
32023
32024
32025
32026
32027
32028
32029
32030
32031
32032
32033
32034
32035
32036
32037
32038
32039
32040
32041
32043
32045
32046
32054
32055
32056
32057
32058
32059
32060
32061
32062
32063
32064
32065
32066
32067
32069
32070
32071
32072
32073
32074
32075
32076
32077
32078
32079
32080
32081
32082
32083
32084
32085
32086
32088
32089
32090
32091
32092
32093
32094
32095
32096
32097
32098
32099
32100
32101
32102
32103
32104
32105
32106
32107
32108
32109
32110
32111
32112
32113
32114
32115
32116
32117
32118
32119
32120
32121
32122
32123
32124
32125
32126
32127
32128
32129
32130
32131
32132
32133
32134
32135
32136
32137
32138
32139
32140
32141
32142
32143
32144
32145
32146
32147
32148
32149
32150
32151
32152
32153
32154
32155
32156
32157
32158
32159
32160
32161
32162
32163
32164
32165
32166
32167
32168
32169
32170
32171
32172
32173
32174
32176
32177
32178
32179
32180
32181
32182
32183
32184
32185
32186
32188
32189
32190
32191
32192
32193
32194
32195
32196
32197
32198
32200
32201
32202
32203
32204
32205
32206
32207
32208
32209
32210
32211
32212
32213
32214
32215
32216
32217
32218
32219
32220
32221
32222
32223
32224
32225
32226
32227
32228
32229
32230
32231
32232
32233
32234
32235
32236
32237
32238
32239
32240
32241
32242
32243
32244
32245
32246
32247
32248
32249
32250
32251
32252
32253
32254
32255
32256
32257
32258
32259
32260
32261
32262
32263
32264
32265
32266
32267
32268
32269
32270
32271
32272
32273
32274
32275
32276
32277
32278
32279
32280
32281
32282
32284
32285
32286
32287
32288
32289
32290
32291
32292
32293
32294
32295
32296
32297
32298
32299
32300
32301
32303
32304
32305
32306
32307
32308
32309
32310
32311
32312
32313
32314
32315
32316
32317
32318
32319
32320
32321
32322
32323
32324
32325
32326
32327
32328
32329
32330
32331
32333
32334
32335
32337
32338
32340
32341
32342
32343
32344
32345
32346
32347
32348
32349
32350
32351
32352
32353
32354
32355
32356
32357
32358
32359
32360
32361
32362
32363
32364
32365
32366
32367
32368
32369
32370
32371
32372
32373
32374
32375
32376
32377
32378
32379
32380
32381
32382
32383
32384
32385
32386
32387
32388
32389
32390
32391
32392
32393
32394
32395
32397
32398
32399
32400
32401
32402
32403
32404
32405
32407
32408
32409
32410
32411
32412
32413
32414
32415
32416
32417
32418
32419
32420
32421
32422
32423
32424
32425
32426
32427
32428
32429
32430
32431
32432
32433
32434
32435
32436
32437
32438
32439
32440
32441
32442
32443
32444
32445
32446
32447
32448
32450
32451
32452
32453
32454
32455
32456
32457
32458
32459
32460
32461
32462
32463
32464
32465
32466
32467
32468
32469
32470
32471
32472
32473
32474
32475
32476
32477
32478
32479
32480
32481
32482
32483
32484
32485
32486
32487
32488
32489
32490
32491
32492
32493
32494
32495
32496
32497
32498
32499
32500
32501
32502
32503
32504
32505
32506
32507
32508
32509
32511
32512
32513
32514
32515
32516
32517
32518
32519
32520
32521
32522
32523
32524
32525
32526
32527
32528
32529
32530
32531
32532
32533
32535
32536
32537
32538
32539
32540
32541
32542
32543
32544
32545
32546
32547
32548
32549
32550
32551
32552
32554
32555
32556
32557
32558
32559
32560
32561
32562
32563
32564
32565
32566
32567
32568
32569
32571
32572
32573
32574
32575
32576
32577
32578
32579
32580
32581
32582
32583
32584
32585
32586
32587
32588
32589
32590
32591
32592
32593
32594
32595
32597
32598
32599
32601
32602
32603
32604
32605
32606
32607
32608
32609
32610
32611
32612
32613
32614
32615
32616
32617
32619
32620
32621
32622
32623
32624
32625
32626
32627
32628
32629
32630
32631
32632
32633
32634
32635
32636
32637
32638
32639
32640
32641
32642
32643
32644
32645
32646
32647
32648
32649
32650
32651
32652
32653
32654
32655
32656
32657
32658
32659
32660
32661
32662
32663
32664
32665
32666
32667
32668
32669
32670
32671
32672
32673
32674
32675
32676
32677
32678
32679
32680
32681
32682
32683
32684
32685
32686
32687
32688
32689
32690
32691
32692
32693
32694
32695
32696
32697
32698
32699
32700
32701
32702
32703
32704
32705
32706
32707
32709
32710
32711
32712
32713
32714
32715
32716
32717
32718
32719
32720
32721
32722
32723
32724
32725
32726
32727
32728
32730
32731
32732
32733
32734
32735
32736
32737
32738
32739
32740
32741
32742
32743
32744
32745
32746
32747
32748
32749
32750
32751
32752
32753
32754
32755
32756
32757
32758
32759
32760
32761
32762
32763
32764
32765
32766
32767
32768
32769
32770
32771
32772
32773
32774
32775
32776
32777
32778
32779
32780
32781
32782
32783
32784
32785
32786
32787
32788
32789
32790
32791
32792
32793
32794
32795
32796
32797
32798
32799
32800
32801
32802
32803
32804
32805
32806
32807
32808
32809
32810
32811
32812
32813
32814
32815
32816
32817
32818
32819
32820
32821
32822
32823
32824
32825
32826
32827
32828
32829
32830
32831
32832
32833
32834
32835
32836
32837
32838
32839
32840
32841
32843
32844
32845
32846
32847
32848
32849
32850
32851
32852
32853
32854
32855
32857
32858
32859
32860
32861
32862
32863
32864
32865
32866
32867
32868
32869
32870
32871
32872
32873
32874
32875
32876
32877
32878
32879
32880
32881
32882
32883
32884
32885
32886
32887
32888
32889
32890
32891
32892
32893
32894
32895
32896
32897
32898
32899
32900
32901
32902
32903
32904
32905
32906
32907
32908
32909
32910
32911
32912
32913
32914
32915
32917
32918
32919
32920
32921
32922
32923
32924
32925
32926
32927
32928
32929
32930
32931
32932
32933
32934
32935
32936
32937
32938
32939
32940
32941
32942
32943
32944
32945
32946
32947
32948
32949
32950
32951
32952
32953
32954
32955
32956
32957
32958
32959
32960
32961
32962
32963
32964
32965
32966
32967
32968
32969
32970
32971
32972
32973
32974
32975
32976
32977
32978
32979
32980
32981
32982
32983
32984
32985
32986
32987
32988
32989
32990
32991
32992
32993
32994
32995
32996
32997
32998
32999
33000
33001
33002
33003
33004
33005
33006
33007
33008
33009
33010
33011
33012
33013
33014
33015
33016
33017
33018
33019
33020
33021
33022
33023
33024
33025
33026
33027
33028
33029
33030
33031
33032
33033
33034
33037
33038
33039
33040
33041
33042
33043
33044
33045
33046
33047
33048
33049
33050
33052
33053
33054
33055
33056
33057
33058
33059
33060
33061
33062
33063
33064
33065
33066
33067
33068
33069
33070
33071
33072
33073
33074
33075
33076
33077
33078
33079
33080
33081
33082
33083
33084
33085
33086
33087
33088
33089
33090
33091
33092
33093
33094
33095
33096
33097
33098
33099
33100
33101
33102
33103
33105
33107
33108
33109
33110
33111
33112
33113
33114
33115
33116
33117
33118
33119
33120
33121
33122
33125
33126
33127
33128
33129
33130
33131
33132
33133
33134
33135
33136
33137
33138
33139
33140
33141
33142
33143
33144
33145
33146
33147
33148
33149
33150
33151
33152
33153
33154
33155
33156
33157
33158
33159
33160
33161
33162
33163
33164
33165
33166
33167
33168
33169
33170
33172
33173
33174
33175
33176
33177
33178
33179
33180
33181
33182
33183
33184
33185
33186
33187
33188
33189
33190
33191
33192
33193
33194
33195
33196
33197
33198
33200
33201
33202
33203
33204
33205
33206
33207
33208
33209
33210
33211
33212
33213
33214
33215
33216
33217
33218
33219
33220
33221
33222
33224
33225
33226
33227
33228
33229
33230
33231
33232
33233
33234
33235
33236
33237
33238
33239
33240
33241
33242
33243
33245
33246
33247
33248
33250
33251
33252
33253
33254
33255
33256
33257
33258
33259
33260
33261
33262
33263
33264
33265
33266
33267
33268
33269
33270
33271
33272
33273
33274
33275
33276
33277
33278
33279
33280
33281
33282
33283
33284
33285
33286
33287
33288
33289
33290
33291
33292
33293
33294
33295
33296
33297
33300
33301
33302
33303
33304
33305
33306
33307
33308
33309
33310
33311
33312
33313
33314
33315
33316
33317
33318
33319
33320
33321
33322
33323
33324
33325
33326
33327
33328
33329
33330
33331
33332
33333
33334
33335
33336
33337
33338
33339
33340
33341
33342
33343
33344
33345
33346
33347
33348
33349
33350
33351
33353
33354
33356
33357
33358
33359
33360
33361
33362
33363
33364
33365
33366
33367
33368
33369
33370
33371
33372
33373
33374
33375
33376
33377
33378
33379
33380
33381
33382
33383
33384
33385
33386
33387
33388
33389
33390
33391
33392
33393
33394
33395
33396
33397
33398
33399
33401
33402
33403
33404
33405
33406
33407
33408
33409
33410
33411
33412
33413
33414
33415
33416
33418
33419
33420
33421
33422
33423
33424
33425
33426
33427
33428
33429
33430
33431
33432
33433
33434
33435
33436
33437
33438
33439
33440
33442
33443
33444
33445
33446
33447
33448
33449
33450
33451
33452
33453
33454
33455
33456
33457
33458
33459
33460
33461
33462
33463
33464
33465
33466
33467
33468
33469
33470
33471
33472
33473
33474
33475
33476
33477
33478
33479
33480
33481
33482
33483
33485
33486
33487
33488
33489
33490
33491
33492
33493
33494
33495
33496
33497
33498
33499
33500
33501
33502
33503
33504
33505
33506
33507
33508
33509
33510
33511
33512
33513
33514
33515
33516
33517
33518
33519
33520
33521
33522
33523
33524
33525
33526
33527
33528
33529
33530
33531
33532
33533
33534
33535
33536
33537
33538
33539
33540
33541
33542
33543
33544
33545
33547
33548
33549
33550
33551
33552
33553
33554
33555
33556
33557
33558
33559
33560
33561
33562
33563
33564
33565
33566
33567
33568
33569
33570
33571
33572
33573
33574
33575
33576
33577
33578
33579
33580
33581
33582
33583
33584
33586
33587
33588
33589
33590
33591
33593
33594
33595
33596
33597
33598
33599
33600
33601
33602
33603
33604
33605
33606
33607
33608
33609
33610
33611
33612
33613
33614
33615
33616
33618
33619
33620
33621
33622
33623
33624
33626
33627
33628
33629
33630
33631
33632
33633
33634
33635
33636
33637
33638
33639
33641
33642
33643
33644
33645
33646
33647
33648
33649
33650
33651
33652
33653
33654
33655
33656
33657
33658
33659
33660
33661
33662
33663
33664
33665
33666
33667
33668
33669
33670
33671
33672
33673
33674
33675
33676
33677
33678
33679
33680
33681
33682
33683
33686
33687
33688
33689
33690
33691
33692
33693
33694
33695
33696
33697
33698
33699
33700
33701
33702
33703
33704
33705
33706
33707
33708
33709
33710
33711
33712
33713
33714
33715
33716
33717
33718
33719
33720
33721
33722
33723
33724
33725
33726
33727
33728
33729
33730
33731
33732
33733
33734
33735
33736
33737
33738
33739
33740
33741
33742
33743
33744
33745
33746
33747
33748
33749
33750
33751
33752
33753
33754
33755
33756
33757
33758
33759
33760
33761
33762
33763
33764
33765
33766
33767
33768
33769
33770
33771
33773
33774
33777
33778
33779
33781
33782
33785
33786
33788
33789
33791
34437
34553
34985
35008
35251
35619
35777
35820
35841
35842
35843
35844
35845
35846
35847
35848
35849
35850
35851
35852
35853
35854
35855
35856
35857
35858
35859
35860
35861
35862
35863
35864
35865
35866
35867
35868
35869
35870
35871
35872
35873
35874
35875
35876
35877
35878
35879
35880
35881
35882
35883
35884
35885
35886
35887
35888
35889
35890
35891
35892
35893
35894
35895
35896
35897
35898
35900
35902
35903
35904
35905
35906
35907
35908
35909
35910
35911
35912
35913
35914
35915
35916
35917
35918
35919
35920
35921
35922
35923
35924
35925
35926
35927
35928
35929
35930
35931
35932
35933
35934
35935
35936
35937
35938
35939
35940
35941
35942
35944
35945
35946
35947
35948
35949
35950
35951
35952
35953
35954
35955
35956
35957
35958
35959
35960
35961
35962
35963
35964
35965
35966
35967
35968
35969
35970
35971
35972
35973
35974
35975
35977
35978
35979
35980
35981
35982
35983
35984
35985
35986
35987
35988
35989
35990
35991
35992
35993
35994
35995
35996
35997
35998
35999
36000
36001
36002
36003
36004
36005
36006
36007
36008
36009
36010
36011
36012
36013
36014
36015
36016
36017
36018
36019
36020
36021
36022
36023
36024
36025
36026
36027
36028
36029
36030
36031
36032
36033
36034
36035
36036
36037
36038
36039
36040
36041
36042
36043
36044
36045
36046
36047
36048
36049
36050
36051
36052
36054
36055
36056
36057
36058
36059
36060
36061
36062
36063
36064
36065
36066
36067
36068
36069
36070
36071
36072
36073
36074
36075
36076
36077
36078
36079
36080
36081
36082
36083
36084
36085
36086
36087
36088
36089
36090
36091
36092
36093
36094
36095
36097
36098
36099
36100
36101
36103
36104
36105
36106
36107
36108
36109
36110
36111
36112
36113
36114
36115
36116
36117
36118
36119
36120
36121
36122
36123
36124
36125
36126
36127
36128
36129
36130
36131
36132
36133
36134
36135
36136
36137
36138
36140
36141
36142
36143
36144
36145
36146
36148
36149
36151
36152
36153
36154
36155
36156
36157
36158
36159
36160
36161
36162
36163
36164
36165
36166
36167
36168
36169
36170
36171
36172
36173
36174
36175
36176
36177
36178
36179
36180
36181
36182
36183
36184
36185
36186
36187
36188
36189
36190
36191
36192
36193
36194
36195
36196
36197
36198
36199
36200
36201
36202
36203
36204
36205
36206
36207
36208
36209
36210
36211
36213
36214
36215
36216
36217
36219
36220
36221
36222
36223
36224
36225
36226
36227
36228
36229
36230
36231
36232
36233
36234
36235
36236
36237
36238
36239
36240
36241
36242
36243
36244
36245
36246
36248
36249
36250
36251
36252
36253
36254
36255
36256
36257
36258
36259
36260
36261
36262
36263
36265
36266
36267
36268
36269
36270
36271
36272
36273
36274
36275
36276
36277
36278
36279
36280
36282
36283
36284
36285
36286
36287
36288
36289
36290
36291
36292
36293
36294
36295
36296
36297
36298
36299
36300
36301
36302
36303
36305
36306
36307
36309
36310
36311
36312
36313
36314
36315
36316
36317
36318
36319
36321
36322
36323
36324
36325
36326
36327
36328
36329
36330
36331
36333
36335
36336
36337
36338
36339
36340
36341
36342
36343
36344
36345
36346
36347
36348
36349
36350
36351
36352
36353
36354
36355
36356
36357
36358
36359
36360
36361
36362
36363
36364
36365
36366
36367
36368
36369
36370
36371
36372
36373
36374
36375
36376
36377
36378
36379
36380
36381
36382
36383
36384
36385
36386
36387
36388
36389
36390
36391
36392
36393
36394
36395
36396
36397
36398
36399
36400
36401
36402
36403
36404
36405
36406
36407
36408
36409
36410
36411
36412
36413
36414
36415
36416
36417
36418
36419
36420
36421
36422
36423
36425
36426
36427
36428
36429
36430
36431
36432
36433
36434
36435
36436
36437
36438
36439
36440
36441
36442
36443
36444
36445
36446
36447
36448
36449
36450
36451
36452
36453
36455
36456
36457
36458
36459
36460
36461
36462
36463
36464
36466
36467
36468
36469
36470
36471
36472
36473
36474
36475
36476
36477
36478
36479
36480
36481
36482
36483
36484
36485
36486
36487
36488
36489
36490
36491
36492
36493
36494
36495
36496
36497
36498
36499
36500
36501
36502
36503
36504
36505
36506
36507
36508
36509
36510
36511
36512
36513
36514
36515
36516
36517
36518
36519
36520
36521
36522
36523
36524
36525
36526
36527
36529
36530
36531
36532
36533
36534
36535
36536
36537
36538
36539
36541
36542
36543
36544
36545
36546
36547
36548
36549
36550
36551
36552
36553
36554
36555
36556
36557
36559
36560
36561
36562
36563
36564
36565
36566
36567
36568
36569
36570
36571
36572
36573
36574
36575
36576
36577
36578
36579
36580
36581
36582
36583
36584
36585
36586
36587
36588
36589
36590
36591
36592
36593
36594
36595
36596
36597
36598
36599
36600
36601
36602
36603
36604
36605
36606
36607
36608
36609
36610
36611
36612
36613
36614
36615
36616
36617
36618
36619
36620
36621
36622
36623
36624
36625
36626
36627
36628
36629
36630
36631
36632
36633
36634
36635
36636
36637
36638
36639
36640
36641
36642
36643
36644
36645
36646
36647
36648
36649
36650
36651
36652
36653
36654
36655
36656
36657
36658
36659
36660
36661
36662
36663
36664
36665
36666
36667
36668
36669
36670
36671
36672
36673
36674
36675
36676
36677
36678
36680
36681
36682
36683
36684
36685
36686
36687
36688
36689
36690
36691
36692
36693
36694
36695
36696
36697
36698
36699
36700
36701
36702
36703
36704
36705
36706
36707
36708
36709
36710
36711
36712
36713
36714
36715
36716
36717
36718
36719
36720
36721
36722
36723
36724
36725
36726
36727
36728
36729
36730
36731
36732
36733
36734
36735
36736
36737
36738
36739
36740
36741
36742
36743
36744
36745
36746
36747
36748
36749
36750
36751
36752
36753
36754
36756
36757
36758
36759
36760
36761
36762
36763
36764
36765
36766
36767
36768
36769
36770
36771
36772
36773
36774
36775
36776
36778
36779
36780
36781
36782
36783
36784
36785
36786
36787
36788
36789
36790
36791
36792
36794
36795
36796
36797
36798
36799
36800
36801
36802
36803
36804
36805
36806
36807
36808
36809
36810
36811
36812
36813
36814
36815
36816
36817
36818
36819
36820
36821
36822
36823
36824
36825
36826
36827
36828
36829
36830
36831
36832
36833
36834
36835
36836
36837
36838
36839
36840
36841
36842
36843
36844
36845
36846
36847
36848
36849
36850
36851
36852
36853
36854
36855
36856
36857
36858
36859
36860
36861
36862
36863
36864
36865
36866
36867
36868
36870
36871
36872
36873
36874
36875
36876
36877
36881
36884
36885
36889
36890
36891
36892
36894
36898
36901
36902
36903
36904
36905
36906
36907
36908
36909
36910
36912
36913
36914
36915
36916
36917
36920
36922
36923
36924
36925
36926
36929
36930
36932
36933
36934
36935
36936
36937
36938
36939
36940
36941
36942
36943
36944
36945
36946
36947
36948
36951
36953
36955
36956
36957
36958
36959
36960
36962
36963
36965
36967
36968
36969
36970
36971
36972
36974
36975
36976
36977
36978
36979
36980
36982
36983
36985
36986
36987
36988
36990
36991
36992
36993
36994
36995
36996
36997
36998
36999
37001
37002
37003
37004
37005
37006
37007
37008
37009
37010
37011
37012
37013
37014
37016
37017
37018
37019
37020
37024
37025
37026
37027
37028
37030
37031
37032
37035
37036
37037
37042
37044
37045
37046
37049
37051
37052
37053
37054
37055
37056
37057
37058
37059
37060
37061
37062
37063
37066
37067
37069
37070
37072
37073
37074
37075
37076
37077
37078
37081
37084
37085
37087
37088
37089
37090
37091
37094
37096
37098
37100
37102
37104
37105
37106
37107
37108
37109
37110
37112
37113
37114
37116
37117
37118
37119
37121
37123
37124
37125
37126
37127
37129
37130
37133
37136
37137
37138
37139
37140
37141
37143
37144
37145
37146
37147
37148
37150
37153
37154
37156
37157
37159
37160
37163
37164
37165
37166
37167
37168
37170
37172
37173
37175
37177
37178
37179
37180
37181
37182
37183
37184
37185
37186
37187
37188
37189
37190
37191
37192
37193
37194
37195
37196
37197
37199
37200
37201
37203
37204
37205
37206
37207
37208
37209
37210
37211
37212
37215
37218
37219
37221
37222
37223
37224
37225
37228
37229
37230
37231
37232
37233
37235
37236
37238
37239
37244
37247
37248
37249
37250
37251
37252
37253
37254
37255
37256
37257
37258
37261
37263
37264
37266
37267
37269
37271
37272
37273
37274
37275
37276
37277
37279
37280
37281
37282
37284
37286
37287
37288
37289
37292
37294
37296
37297
37298
37299
37301
37302
37303
37304
37305
37307
37308
37309
37310
37311
37312
37313
37314
37315
37316
37317
37318
37319
37322
37323
37324
37326
37327
37328
37329
37331
37332
37333
37334
37336
37337
37339
37340
37342
37343
37344
37345
37346
37347
37348
37349
37350
37351
37352
37353
37354
37355
37356
37357
37358
37359
37362
37363
37364
37366
37368
37369
37371
37373
37374
37376
37377
37379
37381
37383
37384
37385
37386
37387
37390
37391
37392
37394
37395
37398
37399
37402
37403
37404
37405
37406
37407
37408
37410
37411
37412
37413
37414
37415
37417
37418
37419
37420
37421
37424
37425
37426
37427
37428
37429
37430
37431
37432
37433
37436
37437
37438
37439
37440
37441
37443
37444
37445
37447
37449
37450
37451
37452
37453
37454
37455
37457
37459
37460
37461
37462
37463
37467
37468
37470
37472
37473
37474
37477
37478
37479
37480
37481
37482
37483
37484
37485
37487
37488
37489
37490
37491
37492
37495
37496
37497
37499
37501
37503
37504
37505
37506
37508
37510
37511
37512
37513
37515
37517
37518
37519
37520
37521
37522
37523
37524
37525
37526
37527
37528
37529
37531
37532
37534
37535
37538
37539
37540
37541
37542
37545
37546
37547
37548
37549
37550
37551
37552
37556
37557
37558
37559
37560
37561
37563
37564
37565
37566
37567
37568
37569
37570
37571
37575
37576
37577
37578
37579
37580
37582
37583
37584
37585
37587
37588
37589
37590
37593
37594
37596
37597
37598
37599
37601
37603
37604
37605
37607
37608
37610
37611
37612
37613
37614
37616
37617
37618
37619
37621
37622
37627
37628
37629
37630
37634
37635
37637
37638
37639
37640
37641
37642
37644
37645
37647
37648
37649
37650
37651
37652
37653
37654
37656
37657
37658
37659
37660
37661
37662
37663
37664
37665
37667
37668
37670
37671
37672
37673
37674
37675
37676
37677
37678
37679
37680
37682
37683
37684
37685
37686
37687
37688
37689
37691
37692
37693
37694
37695
37696
37697
37698
37699
37700
37701
37704
37705
37707
37708
37709
37710
37711
37712
37713
37714
37715
37716
37717
37718
37719
37720
37721
37722
37723
37724
37725
37726
37727
37728
37729
37731
37732
37734
37735
37736
37737
37738
37739
37740
37769
37770
37771
37773
37774
37775
37776
37777
37778
37779
37780
37781
37782
37783
37784
37785
37786
37787
37788
37789
37790
37791
37792
37793
37794
37795
37796
37797
37798
37799
37800
37801
37802
37803
37804
37805
37806
37887
37888
37928
37929
37930
37931
37932
37934
37935
37936
37944
37945
37951
37952
37971
37973
37975
37976
37977
37978
37979
37981
37982
37983
37984
37985
37986
37987
37988
37989
37990
37991
37992
37993
37994
37996
37997
37998
37999
38000
38001
38002
38003
38004
38005
38006
38007
38008
38009
38011
38012
38013
38014
38015
38016
38017
38018
38019
38020
38021
38022
38023
38024
38026
38027
38028
38029
38030
38031
38032
38033
38034
38035
38036
38037
38038
38039
38040
38042
38043
38044
38045
38046
38047
38049
38050
38051
38052
38053
38054
38056
38057
38058
38059
38060
38061
38062
38063
38064
38065
38066
38067
38069
38070
38071
38072
38074
38075
38076
38077
38078
38079
38080
38081
38083
38084
38085
38086
38136
38137
38138
38139
38141
38166
38167
38169
38170
38171
38172
38174
38175
38176
38177
38178
38180
38182
38183
38184
38185
38186
38187
38188
38189
38190
38191
38193
38194
38195
38196
38197
38198
38199
38200
38201
38202
38203
38204
38205
38206
38207
38208
38209
38210
38211
38212
38214
38215
38216
38217
38218
38220
38222
38223
38224
38225
38226
38227
38228
38229
38230
38231
38232
38233
38234
38235
38236
38238
38240
38241
38242
38243
38244
38254
38255
38256
38257
38258
38259
38260
38261
38262
38263
38264
38265
38266
38268
38269
38270
38271
38272
38273
38274
38275
38276
38277
38278
38280
38282
38283
38284
38285
38286
38287
38289
38290
38291
38292
38293
38294
38295
38296
38297
38298
38299
38300
38301
38302
38303
38304
38305
38306
38307
38309
38310
38312
38313
38314
38315
38316
38317
38318
38319
38320
38321
38322
38323
38324
38325
38326
38327
38328
38329
38330
38331
38332
38333
38334
38335
38385
38386
38387
38437
38438
38439
38442
38443
38444
38445
38447
38448
38450
38451
38452
38454
38455
38456
38457
38458
38460
38461
38462
38463
38465
38466
38467
38468
38469
38470
38471
38472
38473
38474
38475
38476
38477
38478
38479
38480
38481
38482
38483
38484
38485
38486
38488
38489
38491
38492
38493
38494
38495
38496
38528
38529
38531
38532
38533
38534
38536
38538
38541
38543
38544
38545
38546
38547
38549
38551
38553
38554
38555
38556
38557
38559
38560
38561
38562
38564
38565
38566
38567
38568
38569
38570
38571
38572
38573
38574
38577
38578
38580
38582
38583
38584
38585
38586
38587
38588
38589
38591
38592
38593
38594
38596
38597
38598
38599
38600
38601
38603
38605
38606
38609
38610
38611
38612
38614
38615
38616
38617
38618
38620
38621
38622
38623
38624
38625
38626
38627
38658
38659
38660
38710
38711
38712
38713
38714
38715
38716
38718
38719
38720
38722
38724
38725
38740
38741
38742
38743
38744
38746
38748
38749
38750
38790
38791
38792
38793
38794
38795
38796
38797
38798
38799
38800
38801
38802
38803
38804
38805
38806
38808
38809
38810
38811
38812
38813
38814
38815
38816
38817
38818
38819
38820
38822
38823
38825
38826
38827
38829
38830
38831
38834
38835
38836
38837
38857
38858
38859
38860
38861
38862
38863
38864
38865
38866
38867
38868
38869
38870
38871
38872
38873
38874
38875
38876
38877
38880
38881
38882
38883
38884
38885
38886
38887
38888
38889
38891
38892
38894
38895
38896
38900
38901
38902
38903
38905
38906
38909
38910
38911
39600
39936
39937
39938
39939
39940
39941
39942
39943
39944
39945
39946
39947
39948
39949
39950
39951
39952
39953
39954
39955
39956
39957
39958
39959
39960
39961
39962
39963
39964
39965
39966
39967
39968
39969
39970
39971
39972
39973
39974
39975
39976
39977
39978
39979
39980
39981
39982
39983
39984
39985
39986
39987
39989
39990
39992
39993
39994
39995
39996
39997
39998
39999
40000
40001
40002
40003
40004
40005
40007
40008
40009
40010
40011
40012
40013
40014
40015
40016
40017
40018
40019
40020
40021
40022
40023
40024
40025
40026
40027
40028
40029
40031
40032
40033
40034
40035
40036
40037
40038
40039
40040
40041
40042
40043
40044
40045
40046
40047
40048
40049
40050
40051
40052
40053
40054
40055
40056
40057
40058
40059
40060
40061
40062
40063
40064
40065
40066
40067
40068
40069
40070
40071
40072
40073
40074
40075
40076
40078
40079
40080
40081
40082
40084
40085
40086
40087
40088
40089
40090
40091
40092
40093
40094
40095
40096
40097
40098
40099
40100
40101
40102
40103
40104
40106
40107
40108
40109
40110
40111
40112
40113
40114
40115
40116
40117
40118
40119
40120
40121
40122
40123
40124
40125
40126
40127
40128
40129
40130
40131
40132
40133
40134
40135
40136
40137
40138
40139
40140
40141
40142
40143
40144
40145
40146
40147
40148
40149
40150
40151
40152
40153
40154
40155
40156
40157
40158
40159
40160
40161
40162
40163
40164
40165
40166
40167
40168
40169
40170
40171
40172
40173
40174
40175
40176
40177
40178
40179
40180
40181
40182
40183
40184
40185
40187
40188
40189
40190
40191
40192
40193
40194
40195
40196
40197
40198
40199
40200
40201
40202
40203
40204
40205
40206
40207
40208
40210
40211
40212
40213
40214
40215
40216
40217
40218
40219
40220
40221
40222
40223
40224
40225
40226
40227
40228
40229
40230
40231
40232
40233
40234
40235
40236
40237
40238
40239
40240
40241
40242
40243
40244
40245
40246
40247
40248
40249
40250
40251
40252
40254
40255
40256
40257
40258
40259
40260
40261
40262
40263
40264
40265
40266
40267
40268
40269
40270
40271
40272
40273
40274
40275
40276
40277
40278
40279
40280
40281
40282
40283
40284
40285
40286
40287
40288
40289
40290
40291
40292
40293
40294
40295
40296
40297
40298
40299
40300
40301
40302
40303
40304
40305
40317
40318
40319
40320
40321
40322
40323
40324
40325
40326
40327
40328
40329
40330
40331
40332
40333
40334
40335
40336
40337
40338
40339
40340
40341
40342
40343
40344
40345
40346
40347
40348
40349
40350
40351
40353
40354
40355
40358
40360
40361
40362
40363
40364
40365
40366
40367
40368
40369
40370
40371
40372
40373
40374
40375
40376
40377
40378
40379
40381
40382
40383
40384
40385
40386
40387
40389
40390
40391
40392
40393
40394
40395
40396
40397
40398
40399
40400
40401
40402
40403
40404
40405
40406
40407
40408
40409
40410
40411
40412
40413
40414
40415
40416
40417
40418
40419
40420
40421
40422
40423
40424
40425
40426
40427
40428
40429
40430
40431
40432
40433
40434
40435
40436
40437
40438
40439
40440
40441
40442
40443
40444
40445
40446
40448
40449
40450
40451
40452
40453
40454
40455
40456
40457
40458
40459
40460
40461
40462
40463
40464
40465
40466
40467
40468
40469
40470
40471
40472
40473
40474
40475
40476
40477
40478
40479
40480
40481
40482
40483
40484
40485
40486
40487
40488
40489
40490
40491
40492
40493
40494
40495
40496
40497
40498
40499
40500
40501
40502
40503
40504
40505
40506
40507
40508
40509
40510
40511
40512
40513
40514
40515
40516
40517
40518
40519
40520
40521
40522
40523
40524
40525
40526
40527
40528
40529
40530
40531
40532
40533
40534
40535
40536
40537
40538
40539
40540
40541
40542
40543
40544
40545
40546
40547
40548
40549
40550
40551
40552
40553
40554
40555
40556
40557
40558
40559
40560
40561
40562
40563
40564
40565
40566
40567
40568
40569
40570
40571
40572
40573
40575
40576
40577
40578
40579
40580
40581
40582
40583
40584
40585
40586
40587
40588
40589
40590
40591
40592
40593
40594
40595
40596
40597
40598
40599
40602
40603
40604
40605
40606
40607
40608
40609
40610
40611
40612
40613
40614
40615
40616
40617
40618
40619
40620
40621
40622
40623
40624
40625
40626
40627
40628
40629
40630
40631
40632
40633
40634
40635
40636
40637
40638
40639
40640
40641
40642
40644
40645
40646
40647
40648
40649
40650
40651
40652
40653
40655
40656
40657
40658
40659
40660
40661
40662
40663
40664
40665
40666
40667
40668
40669
40670
40671
40672
40673
40674
40675
40676
40677
40678
40679
40680
40681
40682
40683
40684
40685
40686
40688
40689
40690
40691
40692
40693
40694
40695
40696
40697
40698
40699
40700
40701
40702
40703
40704
40705
40706
40707
40708
40709
40710
40711
40712
40713
40714
40715
40716
40717
40718
40719
40720
40721
40722
40723
40724
40725
40727
40728
40729
40730
40731
40732
40733
40734
40735
40736
40737
40738
40739
40740
40741
40742
40743
40744
40745
40746
40747
40748
40749
40750
40752
40753
40754
40755
40756
40757
40758
40759
40760
40761
40762
40763
40764
40765
40766
40767
40768
40769
40770
40771
40772
40773
40774
40776
40777
40778
40779
40780
40781
40782
40783
40784
40785
40786
40787
40788
40789
40790
40791
40793
40794
40795
40796
40797
40798
40799
40800
40801
40802
40803
40805
40808
40810
40811
40812
40813
40814
40815
40816
40817
40818
40819
40820
40821
40822
40823
40824
40825
40826
40827
40828
40829
40830
40831
40832
40833
40834
40835
40836
40837
40838
40839
40840
40841
40842
40843
40844
40845
40846
40847
40848
40849
40850
40851
40853
40854
40855
40856
40857
40858
40859
40860
40861
40862
40863
40864
40865
40866
40867
40868
40869
40870
40871
40872
40873
40874
40875
40876
40877
40878
40879
40880
40881
40882
40883
40884
40885
40886
40887
40888
40889
40890
40892
40893
40894
40895
40896
40897
40898
40899
40900
40901
40902
40903
40904
40905
40906
40907
40908
40909
40910
40911
40912
40913
40914
40915
40916
40917
40918
40919
40921
40922
40923
40924
40925
40926
40927
40928
40929
40930
40931
40932
40933
40934
40935
40936
40937
40938
40939
40940
40941
40942
40943
40944
40945
40946
40947
40948
40949
40950
40951
40952
40953
40954
40955
40956
40957
40958
40959
42172
42382
42960
43074
44169
44570
45056
45116
45117
45118
45119
45120
45121
45125
45126
45127
45128
45131
45133
45134
45135
45136
45138
45139
45140
45142
45143
45144
45145
45146
45148
45150
45152
45153
45154
45156
45157
45158
45159
45160
45162
45163
45164
45165
45166
45167
45168
45170
45171
45172
45173
45175
45177
45178
45179
45182
45184
45186
45187
45188
45189
45190
45191
45192
45193
45194
45195
45197
45198
45200
45201
45204
45205
45206
45207
45208
45209
45211
45212
45213
45214
45215
45217
45218
45219
45220
45221
45222
45223
45224
45226
45227
45228
45229
45230
45232
45235
45237
45239
45240
45241
45243
45244
45245
45246
45248
45249
45250
45251
45252
45254
45255
45256
45259
45261
45263
45264
45265
45267
45268
45269
45270
45271
45272
45273
45274
45275
45276
45277
45278
45279
45280
45282
45284
45285
45286
45326
45327
45328
45330
45331
45333
45334
45335
45337
45338
45340
45341
45342
45343
45344
45345
45347
45348
45349
45350
45351
45352
45353
45355
45356
45357
45359
45360
45410
45411
45412
45413
45414
45415
45417
45418
45419
45420
45422
45424
45425
45426
45427
45428
45430
45431
45432
45433
45434
45436
45437
45441
45442
45444
45445
45446
45447
45449
45453
45454
45455
45456
45457
45458
45459
45460
45461
45462
45463
45466
45467
45469
45470
45471
45472
45473
45474
45475
45476
45477
45480
45481
45483
45484
45485
45487
45489
45490
45493
45494
45495
45496
45498
45499
45500
45501
45502
45503
45504
45505
45506
45508
45509
45510
45511
45512
45513
45514
45517
45518
45519
45522
45525
45526
45527
45528
45530
45531
45532
45533
45534
45535
45536
45537
45538
45558
45559
45560
45561
45562
45563
45566
45567
45570
45572
45573
45575
45576
45577
45578
45580
45581
45582
45583
45584
45585
45586
45587
45588
45589
45590
45591
45592
45593
45594
45595
45596
45597
45599
45600
45601
45603
45604
45605
45607
45608
45609
45610
45611
45616
45620
45621
45622
45623
45624
45625
45626
45627
45629
45630
45631
45633
45634
45635
45636
45637
45638
45640
45641
45642
45644
45648
45649
45650
45651
45652
45653
45654
45655
45657
45658
45660
45661
45662
45663
45664
45665
45666
45667
45668
45669
45671
45672
45692
45693
45696
45701
45702
45736
45738
45741
45742
45744
45746
45747
45748
45749
45750
45752
45753
45754
45755
45757
45758
45759
45760
45761
45762
45763
45764
45765
45766
45767
45768
45769
45770
45772
45773
45775
45776
45779
45780
45781
45782
45783
45785
45786
45787
45788
45789
45792
45793
45794
45795
45796
45797
45798
45799
45800
45801
45802
45803
45804
45805
45806
45808
45809
45810
45811
45813
45814
45815
45817
45819
45820
45821
45822
45824
45825
45826
45827
45829
45830
45832
45833
45834
45837
45838
45839
45841
45842
45843
45844
45845
45846
45847
45848
45850
45851
45852
45854
45855
45856
45857
45858
45859
45861
45863
45864
45865
45867
45868
45870
45871
45873
45874
45875
45876
45878
45879
45881
45884
45885
45887
45888
45891
45892
45893
45894
45904
45905
45906
45908
45909
45910
45911
45912
45913
45915
45916
45918
45919
45920
45921
45922
45924
45925
45926
45927
45929
45930
45931
45935
45937
45938
45939
45940
45941
45942
45943
45944
45945
45946
45947
45949
45950
45953
45954
45955
45956
45958
45959
45960
45961
45962
45963
46014
46015
46016
46066
46067
46068
46069
46070
46071
46073
46075
46078
46079
46080
46081
46082
46083
46084
46085
46087
46088
46089
46090
46091
46092
46093
46094
46095
46096
46097
46098
46099
46100
46101
46102
46103
46104
46105
46106
46107
46108
46109
46110
46111
46112
46113
46114
46115
46116
46117
46118
46119
46120
46121
46122
46124
46125
46126
46127
46128
46129
46130
46131
46132
46133
46134
46135
46136
46137
46138
46139
46140
46141
46142
46143
46144
46145
46146
46147
46148
46149
46150
46151
46152
46153
46154
46155
46156
46157
46158
46159
46160
46161
46162
46163
46164
46165
46166
46168
46169
46170
46171
46172
46173
46174
46175
46176
46177
46178
46179
46180
46181
46182
46183
46184
46185
46186
46187
46188
46189
46190
46191
46192
46193
46194
46195
46196
46197
46198
46199
46200
46201
46202
46203
46204
46205
46206
46207
46208
46209
46210
46213
46214
46215
46216
46217
46218
46219
46220
46221
46222
46223
46225
46226
46227
46229
46230
46231
46232
46233
46234
46235
46236
46237
46238
46240
46241
46242
46243
46244
46245
46246
46247
46248
46249
46250
46251
46252
46253
46254
46255
46256
46257
46258
46259
46260
46261
46262
46263
46264
46265
46266
46267
46269
46270
46271
46272
46273
46274
46275
46276
46277
46278
46279
46280
46281
46282
46283
46284
46285
46286
46287
46288
46289
46290
46291
46292
46293
46294
46295
46296
46297
46298
46299
46300
46301
46302
46303
46304
46305
46306
46307
46308
46309
46310
46311
46312
46313
46314
46315
46316
46317
46318
46319
46320
46321
46322
46323
46324
46325
46326
46327
46328
46329
46330
46331
46332
46333
46334
46335
46336
46337
46338
46339
46340
46341
46342
46343
46344
46345
46346
46347
46348
46349
46350
46351
46352
46353
46354
46355
46356
46357
46358
46359
46360
46361
46362
46363
46365
46366
46367
46368
46369
46370
46371
46372
46373
46374
46375
46376
46377
46378
46379
46380
46381
46382
46383
46384
46385
46386
46387
46388
46389
46390
46391
46392
46393
46394
46395
46396
46397
46398
46399
46400
46401
46402
46403
46404
46405
46406
46407
46408
46409
46410
46411
46412
46413
46414
46415
46416
46417
46418
46419
46420
46421
46422
46423
46424
46425
46426
46427
46428
46429
46430
46431
46432
46433
46434
46435
46436
46437
46438
46439
46440
46441
46442
46443
46444
46445
46446
46447
46449
46450
46451
46452
46453
46454
46455
46456
46457
46458
46459
46460
46461
46462
46463
46465
46466
46467
46468
46469
46470
46471
46473
46474
46475
46476
46477
46478
46479
46480
46481
46482
46483
46484
46485
46486
46487
46488
46489
46490
46491
46492
46493
46494
46495
46496
46497
46498
46500
46501
46502
46503
46504
46505
46506
46507
46508
46509
46510
46512
46513
46514
46515
46516
46517
46518
46519
46520
46521
46522
46523
46524
46525
46526
46527
46528
46529
46530
46531
46532
46533
46534
46535
46536
46537
46538
46539
46540
46541
46542
46543
46544
46545
46546
46547
46548
46549
46550
46551
46552
46554
46555
46556
46557
46558
46559
46560
46561
46562
46563
46564
46565
46566
46567
46568
46569
46570
46571
46572
46573
46574
46575
46576
46577
46578
46579
46580
46581
46582
46583
46584
46585
46586
46587
46588
46589
46590
46591
46592
46593
46594
46595
46596
46597
46598
46599
46600
46601
46602
46603
46604
46605
46606
46607
46608
46609
46610
46611
46612
46613
46614
46615
46616
46617
46618
46619
46620
46621
46622
46623
46624
46625
46626
46627
46628
46629
46630
46631
46632
46633
46634
46635
46636
46637
46638
46639
46640
46641
46642
46643
46644
46645
46646
46647
46648
46649
46650
46651
46652
46653
46654
46655
46656
46657
46658
46659
46660
46661
46662
46663
46664
46665
46666
46667
46668
46669
46670
46671
46672
46674
46675
46677
46678
46679
46680
46681
46682
46683
46684
46685
46686
46687
46688
46689
46690
46691
46692
46693
46694
46695
46696
46697
46698
46699
46700
46701
46702
46703
46704
46705
46706
46707
46708
46709
46710
46711
46712
46713
46714
46715
46716
46717
46718
46719
46721
46722
46723
46724
46725
46726
46727
46728
46729
46730
46732
46733
46734
46735
46736
46737
46738
46739
46740
46741
46742
46743
46744
46745
46746
46747
46748
46749
46750
46751
46752
46753
46754
46755
46756
46757
46758
46759
46760
46761
46762
46763
46764
46765
46766
46767
46768
46769
46770
46771
46773
46774
46775
46776
46778
46779
46780
46781
46782
46783
46784
46785
46786
46787
46788
46789
46790
46791
46792
46793
46794
46795
46796
46797
46798
46799
46800
46801
46802
46803
46804
46806
46807
46808
46809
46810
46811
46812
46813
46814
46816
46817
46818
46819
46820
46821
46822
46823
46824
46825
46826
46827
46828
46829
46830
46831
46832
46833
46834
46835
46836
46837
46838
46839
46840
46841
46842
46843
46844
46845
46846
46847
46848
46849
46850
46851
46852
46853
46854
46855
46856
46857
46858
46859
46860
46861
46862
46863
46864
46865
46866
46867
46868
46869
46870
46871
46872
46873
46874
46875
46877
46878
46879
46880
46881
46882
46883
46884
46885
46886
46887
46888
46889
46890
46891
46892
46893
46894
46895
46896
46897
46898
46899
46900
46901
46902
46903
46904
46905
46906
46907
46908
46909
46910
46911
46912
46914
46915
46917
46918
46919
46920
46921
46922
46923
46924
46925
46926
46927
46928
46929
46930
46931
46932
46933
46934
46935
46936
46937
46939
46940
46941
46942
46943
46944
46945
46946
46947
46948
46949
46950
46951
46952
46953
46954
46955
46956
46957
46958
46959
46960
46961
46962
46963
46964
46965
46966
46967
46968
46969
46970
46971
46972
46973
46974
46975
46976
46977
46978
46979
46980
46981
46982
46983
46984
46985
46986
46987
46988
46989
46990
46991
46992
46993
46994
46995
46996
46997
46998
46999
47000
47001
47002
47003
47004
47005
47006
47007
47008
47009
47010
47011
47012
47013
47014
47015
47016
47017
47018
47019
47020
47021
47022
47023
47024
47025
47026
47027
47028
47029
47030
47031
47032
47033
47034
47035
47036
47037
47038
47039
47040
47041
47042
47043
47045
47046
47047
47048
47049
47050
47051
47052
47053
47054
47055
47056
47057
47058
47059
47060
47061
47062
47063
47064
47065
47066
47067
47068
47069
47070
47071
47072
47073
47074
47075
47076
47077
47078
47079
47080
47081
47082
47083
47084
47085
47086
47087
47088
47089
47090
47091
47092
47093
47094
47095
47096
47097
47098
47099
47100
47101
47102
47103
47192
47384
47869
49385
50049
50219
50842
50892
51312
51356
51818
51856
52210
52224
52226
52227
52228
52229
52230
52231
52232
52233
52234
52235
52236
52238
52240
52241
52242
52243
52245
52246
52247
52248
52249
52250
52251
52252
52253
52255
52256
52257
52258
52259
52260
52262
52263
52264
52265
52266
52267
52268
52269
52270
52271
52272
52273
52274
52275
52276
52277
52278
52279
52280
52281
52282
52283
52284
52285
52286
52287
52288
52289
52290
52291
52292
52293
52294
52295
52296
52297
52298
52299
52300
52301
52303
52304
52305
52306
52307
52308
52310
52311
52312
52313
52314
52315
52316
52317
52318
52319
52320
52321
52322
52323
52324
52326
52327
52328
52329
52330
52331
52332
52333
52334
52335
52336
52337
52338
52339
52340
52341
52342
52343
52344
52345
52346
52347
52348
52349
52350
52351
52352
52353
52354
52355
52356
52357
52358
52359
52360
52361
52362
52363
52364
52366
52367
52368
52369
52370
52371
52372
52373
52374
52375
52376
52377
52378
52380
52381
52382
52383
52384
52385
52386
52387
52388
52389
52390
52391
52392
52393
52394
52395
52396
52397
52398
52399
52400
52401
52402
52403
52404
52405
52406
52407
52408
52409
52410
52411
52412
52413
52414
52415
52417
52418
52419
52420
52422
52423
52424
52425
52426
52427
52428
52429
52430
52431
52432
52433
52434
52435
52436
52437
52438
52439
52440
52441
52442
52444
52445
52446
52447
52449
52451
52452
52453
52454
52455
52456
52458
52459
52460
52462
52463
52464
52465
52466
52467
52468
52469
52470
52471
52472
52473
52474
52475
52476
52477
52478
52479
52480
52481
52482
52483
52484
52485
52486
52488
52489
52490
52491
52492
52493
52494
52495
52496
52497
52498
52499
52500
52501
52503
52504
52505
52506
52507
52508
52509
52510
52511
52512
52519
52520
52523
52524
52525
52527
52528
52529
52530
52531
52532
52533
52534
52535
52537
52538
52539
52540
52541
52542
52543
52544
52545
52547
52548
52549
52550
52551
52552
52554
52555
52556
52557
52558
52559
52560
52561
52562
52564
52565
52566
52567
52569
52570
52571
52573
52574
52575
52576
52577
52579
52580
52581
52582
52583
52584
52586
52587
52589
52591
52592
52593
52594
52596
52599
52600
52601
52602
52603
52604
52605
52606
52607
52608
52609
52610
52611
52612
52613
52614
52615
52616
52617
52618
52620
52621
52622
52623
52624
52625
52626
52628
52630
52631
52633
52634
52635
52636
52637
52638
52639
52640
52641
52642
52643
52645
52646
52647
52648
52649
52651
52652
52653
52654
52656
52657
52659
52660
52662
52663
52667
52668
52670
52671
52672
52673
52674
52675
52676
52677
52679
52680
52681
52682
52683
52684
52685
52686
52687
52688
52689
52692
52694
52695
52696
52698
52699
52700
52703
52704
52705
52706
52708
52709
52711
52712
52714
52715
52716
52717
52718
52719
52720
52721
52722
52724
52727
52728
52729
52731
52735
52737
52739
52740
52741
52742
52743
52745
52746
52747
52748
52749
52750
52751
52752
52754
52755
52756
52757
52758
52759
52762
52764
52765
52766
52767
52768
52769
52770
52771
52772
52773
52774
52775
52777
52778
52780
52781
52782
52783
52786
52787
52788
52789
52790
52793
52794
52795
52796
52797
52798
52799
52800
52801
52802
52804
52808
52809
52812
52814
52815
52817
52818
52819
52820
52821
52822
52825
52826
52827
52828
52829
52830
52831
52833
52834
52837
52838
52839
52840
52841
52842
52843
52844
52846
52847
52848
52850
52851
52852
52853
52854
52855
52856
52857
52858
52860
52861
52862
52863
52864
52866
52867
52869
52870
52871
52872
52873
52875
52876
52877
52878
52879
52882
52883
52885
52886
52887
52888
52889
52890
52891
52892
52893
52894
52896
52897
52898
52899
52900
52901
52903
52904
52905
52906
52907
52908
52910
52911
52912
52913
52914
52915
52916
52917
52918
52920
52922
52923
52924
52925
52926
52927
52928
52930
52931
52932
52933
52934
52935
52936
52937
52938
52939
52940
52941
52944
52945
52946
52947
52948
52950
52951
52952
52953
52956
52958
52960
52962
52963
52964
52965
52966
52967
52968
52969
52970
52971
52972
52973
52974
52976
52977
52978
52979
52981
52982
52984
52985
52986
52988
52990
52991
52992
52993
52994
52995
52996
52997
52998
52999
53000
53003
53004
53005
53006
53007
53008
53010
53011
53012
53013
53014
53016
53017
53018
53019
53020
53021
53022
53024
53026
53027
53028
53029
53030
53032
53034
53035
53038
53039
53040
53041
53043
53044
53045
53046
53047
53048
53049
53050
53051
53052
53055
53057
53060
53061
53062
53063
53064
53065
53066
53067
53070
53071
53072
53073
53075
53076
53077
53078
53079
53080
53081
53083
53084
53085
53086
53087
53088
53094
53095
53096
53097
53098
53100
53101
53102
53107
53108
53111
53112
53113
53115
53116
53118
53119
53120
53121
53122
53123
53124
53125
53127
53130
53132
53133
53134
53135
53136
53138
53139
53140
53141
53142
53143
53146
53147
53150
53151
53152
53153
53154
53155
53156
53157
53158
53159
53160
53161
53162
53163
53164
53166
53167
53168
53169
53170
53171
53172
53173
53174
53175
53178
53179
53180
53181
53182
53183
53184
53185
53187
53188
53189
53190
53191
53193
53194
53196
53198
53201
53202
53203
53204
53205
53208
53209
53213
53214
53215
53216
53217
53218
53219
53221
53222
53223
53225
53227
53228
53229
53230
53231
53232
53233
53234
53235
53236
53237
53238
53239
53240
53241
53243
53244
53245
53246
53248
53249
53250
53251
53252
53253
53254
53255
53256
53257
53258
53259
53260
53261
53262
53263
53264
53265
53266
53267
53268
53269
53270
53271
53272
53273
53274
53275
53276
53277
53278
53279
53280
53281
53282
53283
53284
53285
53286
53287
53288
53289
53290
53291
53292
53293
53294
53295
53296
53297
53298
53299
53300
53301
53302
53303
53304
53305
53306
53307
53308
53309
53310
53311
53312
53313
53314
53315
53316
53317
53318
53319
53320
53321
53322
53323
53324
53325
53327
53328
53329
53330
53331
53332
53333
53334
53335
53336
53337
53338
53339
53340
53341
53342
53343
53344
53345
53346
53347
53348
53349
53350
53351
53352
53353
53354
53355
53356
53357
53358
53359
53360
53361
53362
53363
53364
53365
53366
53368
53369
53370
53371
53372
53373
53374
53375
53376
53377
53378
53379
53380
53381
53382
53383
53384
53385
53386
53387
53388
53389
53390
53391
53392
53393
53394
53395
53396
53397
53398
53399
53400
53401
53402
53403
53404
53405
53406
53407
53408
53409
53410
53411
53412
53413
53414
53415
53417
53418
53420
53421
53422
53423
53424
53425
53426
53427
53428
53429
53430
53431
53432
53433
53434
53435
53436
53437
53438
53439
53440
53441
53442
53443
53444
53445
53446
53447
53448
53449
53450
53451
53452
53453
53454
53455
53456
53457
53458
53459
53460
53461
53462
53463
53464
53465
53467
53468
53469
53470
53471
53472
53474
53475
53476
53477
53478
53479
53480
53481
53482
53483
53484
53485
53486
53487
53488
53489
53490
53491
53492
53493
53494
53495
53496
53497
53498
53499
53500
53501
53502
53503
53504
53505
53506
53507
53508
53509
53510
53511
53512
53513
53514
53515
53516
53517
53518
53519
53520
53521
53522
53523
53524
53525
53526
53527
53528
53529
53530
53531
53532
53533
53535
53536
53537
53538
53539
53540
53541
53542
53543
53544
53545
53546
53547
53548
53549
53550
53551
53552
53553
53554
53555
53556
53557
53558
53559
53560
53561
53562
53563
53564
53565
53566
53567
53568
53569
53570
53571
53572
53573
53574
53575
53576
53577
53578
53579
53580
53581
53582
53583
53585
53586
53587
53588
53589
53590
53591
53592
53593
53594
53595
53596
53597
53598
53599
53600
53601
53602
53603
53604
53605
53606
53607
53608
53609
53610
53611
53612
53613
53614
53615
53616
53617
53618
53619
53620
53621
53622
53623
53624
53625
53626
53627
53628
53629
53630
53631
53632
53633
53634
53635
53636
53637
53638
53639
53640
53641
53642
53643
53644
53645
53646
53647
53648
53649
53650
53651
53652
53653
53654
53655
53656
53658
53659
53660
53661
53662
53663
53664
53665
53666
53667
53668
53669
53670
53671
53672
53673
53674
53675
53676
53677
53678
53679
53680
53681
53682
53683
53684
53685
53686
53687
53688
53689
53690
53691
53692
53693
53695
53696
53697
53698
53699
53700
53701
53702
53703
53704
53705
53706
53707
53708
53709
53710
53711
53712
53713
53714
53716
53717
53718
53719
53720
53721
53722
53723
53724
53725
53726
53727
53728
53729
53730
53731
53732
53733
53734
53735
53736
53738
53739
53740
53741
53742
53743
53744
53745
53746
53747
53748
53749
53750
53751
53752
53753
53754
53755
53756
53757
53758
53759
53760
53761
53762
53763
53764
53765
53766
53767
53768
53769
53770
53772
53773
53774
53776
53777
53778
53779
53780
53781
53782
53783
53784
53785
53786
53787
53788
53789
53790
53791
53792
53793
53794
53795
53796
53797
53798
53799
53800
53801
53802
53803
53804
53806
53807
53808
53809
53811
53812
53813
53814
53815
53816
53817
53818
53819
53820
53821
53822
53823
53824
53825
53826
53827
53828
53829
53830
53831
53832
53833
53834
53835
53836
53837
53838
53839
53840
53841
53842
53843
53844
53845
53846
53847
53848
53849
53850
53851
53852
53853
53855
53856
53857
53858
53859
53860
53861
53862
53863
53864
53865
53866
53867
53868
53869
53870
53871
53872
53873
53874
53875
53876
53877
53878
53879
53880
53881
53882
53883
53884
53885
53887
53888
53889
53890
53891
53892
53893
53894
53895
53896
53897
53898
53899
53900
53901
53903
53904
53905
53906
53907
53908
53909
53910
53911
53912
53913
53914
53915
53916
53917
53918
53919
53920
53921
53922
53923
53924
53925
53926
53927
53928
53930
53931
53932
53933
53934
53935
53936
53937
53938
53939
53940
53941
53942
53943
53944
53945
53946
53948
53949
53950
53951
53952
53953
53954
53955
53956
53957
53958
53959
53960
53961
53962
53963
53964
53965
53966
53967
53968
53969
53970
53971
53972
53973
53974
53975
53976
53977
53978
53979
53980
53981
53982
53983
53984
53985
53986
53987
53988
53989
53990
53991
53992
53993
53994
53995
53996
53997
53998
53999
54000
54001
54002
54003
54004
54005
54006
54007
54008
54009
54010
54011
54012
54013
54014
54015
54016
54017
54018
54019
54020
54021
54022
54023
54024
54025
54026
54027
54028
54029
54030
54031
54032
54033
54034
54035
54036
54037
54038
54039
54040
54041
54042
54043
54044
54045
54046
54047
54048
54049
54050
54052
54053
54054
54055
54056
54057
54058
54059
54060
54061
54062
54063
54064
54065
54066
54067
54068
54069
54070
54071
54072
54073
54074
54075
54076
54077
54078
54079
54080
54081
54082
54083
54084
54085
54086
54087
54088
54089
54090
54091
54092
54093
54094
54095
54096
54097
54098
54099
54100
54101
54102
54103
54104
54105
54106
54107
54108
54109
54110
54111
54112
54113
54114
54115
54116
54117
54118
54119
54120
54121
54122
54123
54124
54125
54126
54127
54128
54129
54130
54131
54132
54133
54134
54135
54136
54137
54138
54139
54140
54141
54142
54143
54144
54145
54146
54147
54148
54149
54150
54151
54152
54153
54154
54155
54156
54157
54158
54159
54160
54161
54162
54163
54164
54165
54166
54167
54168
54169
54170
54171
54172
54173
54174
54175
54176
54177
54178
54179
54180
54181
54182
54183
54184
54185
54186
54187
54188
54189
54190
54191
54192
54193
54194
54195
54196
54197
54198
54199
54200
54201
54203
54204
54205
54206
54207
54208
54209
54210
54211
54213
54214
54216
54217
54218
54219
54220
54221
54222
54223
54224
54225
54226
54227
54228
54229
54230
54232
54233
54234
54235
54236
54238
54239
54240
54241
54243
54244
54245
54246
54247
54248
54249
54250
54251
54252
54253
54254
54256
54257
54258
54259
54260
54261
54262
54263
54264
54265
54266
54267
54268
54269
54270
54271
54272
54273
54275
54276
54277
54279
54280
54281
54282
54283
54284
54285
54286
54287
54288
54289
54290
54291
54292
54293
54294
54295
54296
54297
54298
54299
54300
54301
54302
54303
54304
54305
54306
54307
54308
54309
54310
54311
54312
54313
54314
54316
54317
54318
54319
54321
54322
54323
54324
54325
54326
54327
54328
54329
54330
54331
54332
54333
54334
54335
54336
54337
54340
54341
54342
54343
54344
54345
54346
54347
54348
54349
54350
54351
54352
54353
54354
54355
54356
54357
54358
54359
54360
54361
54362
54363
54364
54365
54366
54367
54368
54369
54370
54371
54372
54373
54374
54375
54376
54377
54378
54379
54380
54381
54382
54383
54384
54385
54386
54387
54388
54389
54390
54391
54392
54393
54394
54395
54396
54397
54398
54399
54400
54401
54402
54403
54404
54405
54406
54407
54408
54409
54410
54411
54412
54413
54414
54415
54416
54417
54418
54419
54420
54421
54422
54423
54424
54425
54426
54427
54428
54429
54430
54431
54432
54433
54434
54435
54436
54437
54438
54439
54440
54441
54442
54443
54445
54446
54447
54448
54449
54450
54451
54452
54453
54454
54455
54456
54457
54458
54459
54460
54461
54462
54463
54464
54466
54467
54468
54469
54470
54471
54472
54473
54474
54475
54476
54477
54478
54479
54480
54481
54482
54483
54484
54485
54486
54487
54488
54489
54490
54491
54492
54493
54494
54495
54496
54497
54498
54499
54500
54501
54502
54504
54505
54506
54507
54508
54509
54510
54511
54512
54513
54514
54515
54516
54517
54518
54519
54520
54521
54522
54523
54524
54525
54526
54527
54528
54529
54530
54531
54532
54533
54534
54535
54536
54537
54538
54539
54540
54541
54542
54543
54544
54545
54546
54547
54548
54549
54550
54551
54552
54553
54554
54555
54556
54557
54558
54559
54560
54561
54562
54563
54564
54565
54566
54567
54568
54569
54570
54571
54572
54573
54574
54575
54576
54577
54578
54579
54580
54581
54582
54583
54584
54585
54586
54587
54588
54589
54590
54591
54592
54593
54594
54595
54596
54597
54598
54599
54600
54601
54602
54603
54604
54605
54606
54607
54609
54610
54611
54612
54613
54614
54615
54616
54617
54618
54619
54620
54621
54622
54623
54624
54625
54626
54627
54628
54629
54630
54631
54632
54633
54634
54635
54636
54637
54638
54639
54640
54641
54642
54643
54644
54645
54646
54647
54648
54649
54650
54651
54652
54653
54654
54655
54656
54657
54658
54659
54660
54661
54662
54663
54664
54665
54666
54667
54668
54669
54670
54671
54672
54673
54674
54675
54676
54677
54678
54679
54680
54681
54682
54683
54684
54685
54686
54687
54688
54689
54690
54691
54692
54693
54694
54695
54696
54697
54698
54699
54700
54701
54702
54703
54704
54705
54706
54707
54708
54709
54710
54711
54712
54713
54714
54715
54716
54718
54719
54720
54721
54722
54723
54724
54725
54726
54727
54728
54729
54730
54731
54732
54733
54734
54735
54736
54737
54738
54740
54741
54742
54743
54744
54746
54747
54748
54749
54750
54751
54752
54753
54755
54756
54757
54758
54759
54760
54761
54762
54763
54764
54765
54766
54767
54768
54769
54770
54771
54772
54773
54774
54775
54776
54777
54778
54780
54781
54782
54783
54784
54785
54786
54787
54788
54789
54790
54791
54792
54793
54794
54795
54796
54797
54798
54799
54800
54801
54802
54803
54804
54805
54806
54807
54808
54809
54810
54811
54812
54813
54814
54815
54816
54817
54818
54819
54820
54821
54822
54823
54824
54825
54826
54827
54828
54829
54830
54831
54832
54833
54834
54835
54836
54837
54838
54839
54840
54841
54842
54843
54844
54845
54846
54847
54848
54849
54850
54851
54852
54853
54854
54855
54856
54857
54858
54859
54860
54861
54862
54863
54864
54865
54866
54867
54868
54869
54870
54871
54872
54873
54874
54875
54876
54877
54878
54879
54880
54881
54882
54883
54884
54885
54886
54887
54888
54889
54890
54892
54893
54894
54895
54896
54897
54898
54899
54900
54901
54902
54903
54904
54905
54906
54907
54908
54909
54910
54911
54912
54913
54914
54915
54916
54917
54918
54919
54920
54921
54922
54923
54924
54925
54926
54928
54929
54930
54931
54932
54933
54934
54935
54936
54937
54938
54939
54940
54941
54942
54943
54944
54945
54946
54947
54948
54949
54950
54951
54952
54953
54954
54955
54956
54957
54958
54959
54960
54961
54962
54963
54964
54965
54966
54967
54968
54969
54970
54971
54972
54973
54974
54975
54976
54977
54978
54979
54980
54981
54982
54983
54984
54985
54986
54987
54988
54989
54990
54991
54992
54993
54994
54995
54996
54997
54998
54999
55001
55002
55003
55004
55005
55006
55007
55008
55009
55010
55011
55012
55013
55014
55016
55017
55018
55019
55021
55022
55023
55024
55025
55026
55027
55028
55030
55031
55032
55033
55034
55035
55036
55037
55038
55039
55040
55041
55042
55043
55044
55045
55046
55047
55048
55049
55050
55051
55052
55053
55054
55055
55056
55057
55058
55059
55060
55061
55062
55063
55064
55065
55066
55067
55068
55070
55071
55072
55073
55074
55075
55076
55077
55078
55079
55080
55081
55082
55083
55084
55085
55086
55087
55088
55089
55090
55091
55092
55093
55094
55095
55096
55097
55098
55099
55100
55101
55102
55103
55104
55105
55106
55107
55108
55109
55110
55111
55112
55113
55115
55116
55117
55118
55119
55120
55121
55122
55123
55124
55125
55127
55128
55129
55130
55131
55132
55133
55134
55136
55137
55138
55139
55140
55141
55142
55143
55145
55146
55147
55148
55149
55150
55151
55152
55153
55154
55155
55156
55157
55158
55159
55160
55161
55162
55163
55164
55165
55166
55167
55168
55169
55170
55171
55172
55173
55174
55175
55176
55177
55178
55179
55180
55181
55182
55183
55184
55185
55186
55187
55188
55189
55190
55191
55192
55193
55194
55195
55196
55198
55199
55200
55201
55202
55204
55205
55206
55207
55208
55209
55210
55211
55212
55213
55214
55215
55216
55217
55218
55219
55220
55221
55222
55223
55224
55226
55227
55228
55229
55230
55231
55232
55233
55234
55235
55236
55237
55238
55239
55240
55241
55242
55243
55244
55245
55246
55247
55248
55249
55250
55251
55252
55253
55254
55255
55256
55257
55258
55259
55260
55261
55262
55263
55264
55265
55266
55267
55268
55269
55270
55271
55272
55273
55274
55275
55276
55277
55278
55279
55281
55282
55283
55284
55285
55286
55287
55288
55289
55290
55291
55292
55293
55294
55295
55296
55300
55302
55303
55304
55305
55325
55326
55328
55329
55330
55331
55332
55333
55334
55336
55337
55340
55341
55342
55343
55344
55348
55350
55351
55353
55354
55355
55356
55357
55358
55359
55360
55361
55363
55365
55366
55368
55369
55372
55397
55398
55399
55400
55402
55403
55405
55406
55407
55408
55409
55410
55411
55412
55413
55414
55415
55416
55417
55418
55419
55420
55421
55422
55423
55424
55425
55426
55427
55428
55429
55430
55431
55433
55434
55435
55436
55437
55439
55440
55441
55444
55446
55448
55449
55451
55453
55454
55455
55456
55459
55460
55461
55465
55466
55467
55468
55469
55470
55471
55472
55474
55476
55477
55478
55479
55482
55483
55485
55486
55487
55488
55489
55490
55491
55492
55493
55494
55497
55498
55500
55501
55502
55504
55505
55506
55507
55508
55509
55510
55512
55514
55515
55516
55517
55518
55519
55520
55521
55523
55524
55525
55526
55527
55529
55531
55532
55533
55534
55535
55536
55538
55539
55540
55541
55542
55543
55545
55546
55547
55549
55550
55551
55552
55553
55554
55555
55557
55558
55559
55561
55562
55563
55564
55566
55567
55569
55570
55571
55573
55574
55575
55576
55577
55578
55579
55580
55581
55582
55583
55584
55634
55635
55636
55637
55638
55639
55641
55642
55644
55646
55649
55650
55651
55652
55702
55703
55704
55705
55706
55707
55709
55710
55711
55712
55713
55714
55715
55716
55717
55719
55720
55721
55722
55724
55726
55729
55730
55731
55732
55734
55736
55739
55740
55741
55742
55743
55745
55746
55748
55750
55752
55754
55755
55756
55757
55759
55760
55761
55762
55764
55765
55766
55769
55770
55772
55773
55774
55775
55776
55778
55779
55780
55781
55782
55784
55785
55786
55789
55790
55792
55793
55794
55795
55796
55797
55798
55799
55802
55803
55804
55805
55806
55807
55808
55811
55813
55814
55815
55816
55817
55818
55819
55821
55822
55824
55826
55828
55831
55832
55834
55836
55837
55839
55840
55843
55844
55845
55846
55847
55848
55849
55850
55851
55852
55853
55854
55855
55856
55857
55858
55859
55860
55861
55862
55863
55865
55867
55868
55870
55871
55872
55873
55876
55877
55878
55879
55880
55883
55884
55885
55886
55887
55888
55913
55914
55915
55918
55919
55920
55922
55923
55924
55925
55926
55927
55928
55929
55931
55932
55933
55934
55936
55937
55938
55940
55941
55943
55944
55946
55947
55948
55949
55951
55953
55954
55956
56017
56018
56019
56020
56023
56024
56026
56027
56028
56030
56031
56032
56033
56035
56036
56037
56038
56039
56040
56043
56044
56051
56052
56053
56054
56055
56056
56057
56058
56059
56060
56061
56064
56065
56067
56068
56072
56073
56074
56076
56077
56079
56080
56081
56082
56084
56085
56086
56087
56088
56089
56092
56093
56094
56095
56097
56098
56099
56100
56101
56102
56104
56105
56106
56107
56108
56109
56110
56111
56112
56113
56114
56115
56116
56117
56118
56119
56120
56121
56122
56123
56124
56125
56126
56127
56128
56129
56131
56132
56133
56134
56135
56137
56138
56140
56141
56142
56154
56155
56158
56161
56163
56164
56166
56167
56171
56172
56173
56174
56175
56176
56177
56178
56179
56180
56182
56183
56186
56187
56189
56190
56192
56194
56195
56196
56197
56198
56199
56200
56201
56202
56203
56205
56206
56207
56208
56209
56210
56214
56215
56216
56218
56219
56220
56221
56223
56224
56225
56227
56228
56229
56230
56231
56232
56262
56263
56264
56265
56266
56268
56270
56271
56272
56273
56274
56277
56278
56279
56280
56281
56282
56283
56284
56285
56286
56287
56289
56290
56291
56292
56293
56294
56295
56296
56298
56300
56301
56302
56304
56306
56307
56308
56309
56311
56314
56315
56317
56318
56443
56808
56868
57147
57369
57974
58369
58370
58371
58372
58374
58375
58405
58406
58408
58409
58410
58411
58412
58413
58414
58415
58417
58418
58419
58420
58421
58422
58423
58424
58425
58427
58428
58430
58431
58432
58433
58434
58436
58437
58438
58439
58440
58441
58443
58444
58445
58446
58448
58449
58452
58453
58454
58456
58457
58459
58460
58461
58462
58463
58464
58465
58466
58468
58469
58470
58473
58474
58487
58488
58504
58505
58506
58507
58509
58510
58511
58512
58513
58514
58515
58516
58517
58521
58522
58524
58525
58526
58527
58528
58529
58530
58532
58533
58534
58535
58536
58537
58539
58544
58545
58546
58547
58549
58560
58562
58563
58576
58577
58578
58580
58581
58582
58583
58584
58585
58586
58587
58588
58589
58590
58593
58594
58597
58598
58599
58600
58601
58602
58604
58605
58606
58608
58609
58610
58611
58613
58614
58615
58616
58617
58618
58619
58620
58621
58622
58623
58624
58625
58626
58627
58629
58631
58634
58635
58640
58641
58642
58643
58644
58645
58655
58656
58657
58658
58659
58663
58664
58665
58666
58668
58669
58670
58671
58672
58675
58677
58678
58679
58681
58682
58683
58684
58685
58686
58687
58688
58689
58690
58692
58693
58695
58696
58697
58698
58700
58701
58702
58704
58706
58707
58708
58710
58712
58713
58714
58715
58716
58717
58719
58720
58722
58723
58725
58726
58729
58731
58732
58734
58735
58736
58737
58739
58740
58741
58744
58746
58748
58750
58751
58752
58757
58758
58768
58769
58778
58779
58780
58781
58782
58784
58795
58797
58800
58803
58805
58806
58807
58808
58809
58810
58811
58812
58813
58814
58815
58816
58826
58827
58867
58868
58869
58872
58874
58875
58876
58877
58879
58880
58882
58883
58884
58885
58888
58889
58890
58893
58894
58895
58897
58907
58908
58909
58910
58911
58912
58914
58915
58916
58918
58920
58921
58922
58923
58925
58926
58927
58928
58929
58930
58931
58932
58933
58935
58936
58938
58940
58941
58944
58945
58946
58947
58949
58950
58951
58952
58954
58955
58958
58959
58961
58963
58974
58975
58976
58979
58981
58982
58983
58985
58987
58988
58989
58990
58991
59091
59117
59118
59131
59161
59201
59202
59203
59204
59206
59207
59209
59210
59211
59214
59217
59219
59223
59234
59236
59237
59238
59239
59241
59242
59243
59245
59246
59248
59249
59250
59253
59254
59256
59257
59258
59259
59261
59262
59263
59265
59267
59268
59270
59271
59291
59292
59293
59296
59315
59316
59317
59318
59319
59321
59322
59323
59325
59326
59330
59331
59332
59334
59335
59336
59337
59339
59340
59341
59342
59345
59346
59347
59348
59349
59350
59352
59353
59355
59356
59358
59359
59360
59361
59362
59363
59364
59365
59366
59368
59369
59370
59371
59374
59378
59379
59381
59382
59383
59384
60438
61262
61440
61441
61442
61443
61444
61447
61448
61449
61450
61451
61452
61454
61455
61456
61457
61458
61459
61460
61461
61462
61463
61464
61465
61466
61467
61468
61470
61471
61472
61473
61474
61475
61476
61477
61478
61479
61480
61481
61482
61483
61484
61485
61486
61487
61488
61489
61490
61491
61492
61493
61494
61495
61496
61497
61498
61499
61500
61501
61502
61503
61504
61505
61506
61507
61508
61509
61510
61511
61512
61513
61514
61515
61516
61517
61518
61519
61520
61521
61522
61523
61524
61525
61526
61527
61552
61553
61554
61555
61568
61569
61571
61572
61573
61574
61575
61576
61577
61578
61579
61580
61581
61582
61583
61584
61585
61586
61587
61588
61589
61590
61591
61592
61594
61595
61596
61597
61598
61599
61600
61601
61602
61603
61604
61605
61606
61607
61608
61609
61610
61611
61612
61613
61614
61615
61616
61617
61618
61619
61620
61621
61622
61623
61624
61625
61632
61636
61637
61638
61639
61642
61643
61644
61646
61648
61649
61651
61652
61653
61655
61656
61657
61658
61659
61660
61661
61662
61663
61664
61665
61666
61667
61668
61670
61671
61672
61673
61674
61675
61676
61677
61678
61680
61681
61684
61686
61687
61688
61689
61690
61691
61692
61693
61696
61697
61698
61699
61700
61701
61702
61703
61704
61705
61706
61707
61708
61709
61710
61711
61712
61713
61714
61715
61716
61717
61719
61720
61721
61722
61723
61724
61725
61726
61727
61728
61729
61731
61732
61734
61735
61737
61738
61740
61741
61742
61744
61745
61746
61748
61749
61750
61751
61752
61753
61754
61755
61756
61757
61758
61759
61760
61761
61762
61763
61764
61765
61766
61767
61768
61770
61771
61772
61773
61774
61775
61776
61778
61779
61782
61784
61785
61786
61787
61789
61790
61792
61793
61794
61795
61796
61797
61798
61800
61801
61802
61803
61805
61806
61807
61808
61810
61812
61813
61814
61817
61818
61819
61820
61821
61822
61823
61824
61825
61826
61827
61828
61829
61830
61831
61832
61834
61835
61836
61838
61839
61840
61841
61842
61843
61844
61845
61847
61849
61850
61851
61852
61853
61854
61855
61856
61858
61859
61862
61863
61866
61867
61868
61869
61870
61871
61872
61873
61874
61876
61877
61879
61880
61881
61882
61883
61884
61885
61886
61888
61889
61890
61892
61893
61894
61895
61896
61897
61898
61899
61900
61901
61902
61903
61904
61905
61906
61908
61910
61911
61912
61914
61915
61916
61917
61918
61919
61920
61921
61922
61923
61924
61925
61928
61929
61930
61932
61933
61934
61936
61937
61938
61939
61940
61941
61942
61943
61944
61945
61946
61947
61948
61949
61950
61951
62464
62465
62466
62467
62468
62469
62470
62471
62472
62473
62474
62475
62476
62477
62478
62479
62480
62481
62482
62483
62484
62485
62486
62487
62488
62489
62490
62491
62492
62493
62494
62495
62496
62497
62498
62499
62500
62501
62502
62503
62504
62505
62506
62507
62508
62509
62510
62511
62512
62513
62514
62515
62516
62517
62518
62519
62520
62521
62522
62523
62524
62525
62526
62527
62528
62529
62530
62531
62532
62533
62534
62535
62536
62537
62538
62539
62540
62541
62542
62543
62544
62545
62546
62547
62548
62549
62550
62551
62552
62553
62554
62555
62556
62557
62558
62559
62560
62561
62562
62563
62564
62565
62566
62567
62568
62569
62570
62571
62572
62573
62574
62575
62576
62577
62578
62579
62580
62581
62582
62583
62585
62586
62587
62588
62589
62590
62591
62592
62593
62594
62595
62596
62597
62598
62599
62600
62601
62603
62604
62605
62606
62607
62608
62609
62610
62611
62612
62613
62614
62615
62616
62617
62618
62619
62620
62621
62622
62623
62624
62625
62626
62627
62628
62629
62630
62631
62632
62633
62634
62635
62636
62637
62638
62639
62640
62642
62643
62644
62645
62646
62647
62648
62649
62650
62651
62652
62653
62654
62655
62656
62657
62658
62659
62661
62662
62663
62664
62666
62667
62668
62669
62670
62671
62672
62673
62674
62675
62676
62677
62678
62679
62680
62681
62682
62683
62684
62685
62686
62687
62688
62689
62690
62691
62692
62693
62694
62695
62696
62697
62698
62699
62700
62701
62702
62703
62704
62705
62706
62707
62708
62709
62710
62711
62712
62713
62714
62715
62716
62717
62718
62719
62720
62721
62722
62723
62724
62725
62726
62727
62728
62729
62730
62731
62732
62733
62734
62735
62736
62737
62738
62739
62740
62741
62742
62743
62744
62745
62746
62747
62749
62750
62751
62752
62753
62754
62755
62756
62757
62758
62759
62760
62761
62762
62763
62764
62765
62766
62767
62768
62769
62771
62772
62773
62774
62775
62776
62777
62778
62779
62780
62781
62782
62783
62784
62785
62786
62787
62788
62789
62790
62791
62792
62793
62794
62795
62796
62797
62798
62799
62800
62802
62803
62804
62805
62806
62807
62808
62809
62810
62811
62812
62813
62814
62815
62816
62817
62818
62819
62821
62822
62823
62824
62825
62826
62827
62828
62829
62830
62831
62832
62833
62834
62835
62836
62837
62838
62839
62840
62841
62842
62843
62844
62845
62846
62847
62848
62849
62851
62852
62853
62854
62855
62856
62857
62858
62859
62860
62861
62862
62863
62864
62865
62866
62867
62868
62869
62870
62871
62872
62873
62874
62875
62876
62877
62878
62879
62880
62881
62882
62883
62884
62885
62886
62887
62888
62889
62890
62891
62892
62893
62894
62895
62896
62897
62898
62899
62900
62901
62902
62903
62904
62905
62906
62907
62908
62909
62910
62911
62912
62913
62914
62915
62916
62917
62918
62919
62920
62921
62922
62923
62924
62925
62926
62927
62928
62929
62930
62931
62932
62933
62934
62935
62937
62938
62939
62940
62941
62942
62943
62944
62945
62946
62947
62948
62949
62950
62951
62952
62953
62954
62955
62956
62957
62958
62959
62960
62961
62962
62963
62965
62966
62967
62968
62969
62970
62971
62972
62973
62974
62975
62976
62977
62978
62979
62980
62981
62982
62983
62984
62985
62986
62987
62988
62989
62990
62991
62992
62993
62994
62995
62996
62997
62998
62999
63000
63001
63003
63004
63005
63006
63007
63008
63009
63010
63011
63012
63013
63014
63015
63016
63017
63018
63019
63020
63021
63022
63023
63024
63025
63026
63027
63028
63029
63030
63031
63032
63033
63034
63035
63036
63037
63038
63039
63040
63041
63042
63043
63044
63045
63046
63047
63048
63049
63050
63051
63052
63053
63054
63055
63056
63057
63058
63060
63061
63062
63063
63064
63065
63066
63067
63068
63069
63070
63071
63072
63073
63074
63075
63076
63077
63078
63079
63080
63081
63082
63083
63084
63085
63086
63087
63088
63089
63090
63091
63092
63093
63094
63095
63096
63097
63098
63100
63101
63102
63103
63104
63105
63106
63107
63108
63109
63110
63111
63112
63113
63114
63115
63116
63117
63118
63120
63121
63122
63123
63124
63125
63126
63127
63128
63129
63130
63131
63132
63133
63134
63135
63136
63137
63138
63139
63140
63141
63142
63143
63144
63145
63146
63147
63148
63149
63150
63151
63152
63153
63154
63155
63156
63157
63158
63159
63160
63161
63162
63163
63164
63165
63166
63167
63168
63169
63170
63171
63173
63174
63175
63176
63177
63178
63179
63180
63181
63182
63183
63184
63185
63186
63187
63188
63189
63190
63191
63193
63194
63195
63196
63197
63198
63199
63200
63201
63202
63203
63204
63205
63206
63207
63208
63209
63210
63211
63212
63213
63214
63215
63216
63217
63218
63219
63220
63221
63222
63223
63224
63225
63226
63227
63228
63229
63230
63232
63233
63234
63235
63236
63237
63238
63239
63240
63241
63242
63243
63244
63245
63246
63247
63248
63249
63250
63251
63252
63253
63254
63255
63256
63257
63258
63259
63260
63261
63262
63263
63264
63265
63266
63267
63268
63269
63270
63271
63272
63273
63274
63275
63276
63278
63279
63280
63281
63282
63283
63284
63285
63286
63287
63288
63289
63290
63291
63292
63293
63294
63295
63296
63297
63298
63299
63300
63301
63302
63303
63304
63305
63306
63307
63308
63310
63311
63313
63314
63315
63316
63317
63318
63319
63320
63321
63322
63323
63324
63325
63326
63327
63328
63329
63330
63331
63332
63333
63334
63335
63336
63337
63338
63339
63340
63341
63342
63343
63344
63345
63346
63347
63348
63349
63350
63351
63353
63354
63355
63356
63357
63358
63359
63360
63361
63362
63363
63364
63365
63366
63367
63368
63369
63370
63371
63372
63373
63374
63375
63376
63377
63378
63379
63380
63381
63382
63383
63384
63385
63386
63388
63389
63390
63391
63392
63393
63394
63395
63396
63397
63398
63399
63400
63402
63403
63404
63405
63406
63407
63408
63409
63410
63411
63412
63413
63414
63415
63416
63417
63418
63419
63420
63421
63422
63423
63424
63425
63426
63427
63428
63429
63430
63431
63432
63433
63434
63435
63436
63437
63438
63439
63440
63441
63442
63443
63444
63445
63446
63447
63448
63449
63450
63451
63452
63453
63454
63455
63456
63457
63458
63459
63460
63461
63462
63463
63464
63465
63466
63467
63468
63469
63470
63471
63472
63473
63474
63475
63476
63478
63479
63480
63481
63482
63483
63484
63485
63486
63487
63488
63518
63519
63520
63521
63523
63524
63525
63526
63527
63528
63530
63730
63733
63770
63810
63826
63827
63828
63829
63830
63832
63833
63834
63835
63836
63838
63839
63840
63841
63842
63843
63844
63846
63847
63848
63849
63850
63851
63852
63854
63855
63857
63858
63888
63889
63890
63891
63911
63912
63913
63914
63915
63916
63917
63918
63919
63920
63922
63923
63925
63926
63927
63928
63929
63930
63931
63932
63933
63934
63935
63938
63939
63940
63941
63942
63943
63944
63945
63946
63948
63949
63950
63951
63954
63956
63957
63959
63961
63962
63963
63964
63965
63966
63967
63968
63969
63970
63971
63972
63974
63975
63977
63978
63979
63980
63981
63982
63983
63984
63986
63987
63988
63989
63991
63992
63993
63996
63997
63998
63999
64000
64002
64003
64004
64005
64006
64008
64009
64010
64012
64013
64014
64015
64016
64018
64019
64020
64021
64022
64023
64033
64034
64037
64039
64043
64044
64045
64046
64047
64049
64050
64053
64054
64055
64056
64057
64058
64059
64061
64063
64064
64065
64066
64067
64070
64071
64072
64073
64074
64075
64076
64077
64078
64079
64086
64087
64088
64089
64090
64092
64093
64095
64096
64098
64099
64100
64101
64102
64103
64104
64105
64106
64107
64108
64109
64110
64111
64112
64113
64114
64115
64116
64117
64118
64119
64120
64121
64122
64123
64124
64125
64126
64127
64128
64129
64130
64131
64132
64133
64134
64135
64136
64137
64138
64139
64140
64141
64142
64143
64144
64145
64146
64147
64148
64149
64150
64151
64152
64153
64154
64155
64156
64157
64158
64159
64160
64161
64162
64163
64164
64165
64166
64167
64168
64169
64170
64198
64199
64200
64201
64202
64203
64204
64205
64206
64207
64208
64209
64210
64211
64212
64213
64214
64215
64216
64217
64218
64219
64220
64221
64222
64223
64224
64225
64226
64227
64228
64229
64230
64231
64232
64233
64234
64235
64236
64237
64238
64239
64240
64241
64242
64243
64244
64245
64246
64247
64248
64249
64250
64251
64252
64253
64254
64255
64256
64257
64258
64259
64260
64261
64262
64263
64264
64265
64266
64267
64268
64269
64270
64271
64272
64273
64274
64275
64276
64278
64279
64280
64281
64282
64283
64284
64285
64286
64287
64288
64289
64290
64291
64292
64293
64294
64295
64296
64297
64468
131072
131073
131074
131076
131077
131087
131088
131089
131091
131092
131102
131103
131105
131106
131107
131108
131109
131110
131111
131121
131122
131132
131142
131152
131162
131163
131164
131165
131166
131168
131169
131170
131172
131173
131174
131175
131176
131177
131178
131179
131180
131181
131182
131183
131184
131185
131186
131187
131188
131189
131190
131191
131193
131194
131195
131196
131197
131198
131199
131200
131201
131202
131203
131204
131206
131207
131208
131209
131210
131211
131212
131214
131215
131216
131217
131218
131219
131220
131221
131223
131224
131225
131226
131227
131228
131229
131230
131231
131232
131233
131234
131235
131236
131237
131238
131239
131240
131241
131242
131243
131244
131245
131246
131247
131248
131250
131251
131252
131253
131254
131255
131256
131257
131258
131259
131260
131261
131262
131263
131264
131265
131266
131267
131268
131269
131270
131271
131272
131273
131274
131275
131276
131277
131278
131279
131280
131281
131282
131283
131284
131285
131286
131287
131288
131289
131290
131291
131292
131293
131294
131295
131296
131297
131298
131299
131300
131301
131302
131303
131304
131305
131306
131307
131308
131309
131310
131311
131312
131313
131314
131315
131316
131317
131318
131319
131321
131322
131323
131324
131325
131326
131328
131330
131331
131332
131333
131334
131335
131337
131338
131339
131340
131341
131342
131436
131437
131438
131440
131441
131442
131443
131444
131445
131446
131447
131448
131449
131451
131452
131453
131455
131456
131458
131459
131460
131461
131462
131463
131464
131465
131466
131467
131468
131469
131471
131472
131473
131474
131475
131476
131477
131478
131479
131480
131481
131581
131582
131583
131584
131640
131641
131684
131685
131686
131687
131787
131788
131790
131791
131891
131892
131893
131904
131905
131993
131994
131995
131996
131997
131998
131999
132000
132001
132002
132003
132004
132005
132006
132007
132008
132009
132010
132011
132012
132013
132014
132016
132018
132019
132020
132021
132022
132024
132025
132026
132027
132028
132029
132030
132031
132032
132033
132034
132035
132036
132037
132038
132039
132040
132041
132042
132043
132044
132045
132046
132047
132048
132049
132051
132052
132053
132054
132055
132056
132057
132058
132059
132060
132061
132062
132063
132064
132065
132066
132067
132068
132069
132070
132072
132073
132074
132075
132076
132077
132078
132079
132080
132081
132082
132083
132084
132085
132086
132087
132088
132089
132090
132091
132092
132093
132094
132095
132096
132097
132098
132099
132100
132101
132102
132104
132105
132106
132107
132108
132109
132110
132111
132112
132113
132114
132115
132116
132117
132118
132119
132120
132121
132122
132123
132124
132125
132126
132127
132128
132129
132130
132131
132132
132133
132134
132135
132136
132137
132138
132139
132140
132141
132143
132144
132145
132146
132147
132148
132149
132150
132151
132152
132153
132154
132155
132157
132158
132159
132160
132161
132162
132164
132165
132166
132167
132168
132169
132170
132171
132172
132173
132174
132175
132176
132192
132193
132194
132195
132196
132197
132198
132199
132200
132201
132202
132203
132204
132205
132207
132208
132209
132211
132212
132213
132214
132215
132216
132217
132218
132219
132220
132221
132222
132223
132224
132225
132226
132227
132228
132229
132231
132232
132233
132234
132235
132236
132237
132238
132239
132240
132241
132242
132243
132244
132245
132246
132247
132248
132249
132250
132251
132252
132253
132254
132255
132256
132257
132258
132259
132260
132261
132262
132264
132265
132266
132267
132268
132269
132270
132271
132272
132273
132274
132275
132276
132277
132278
132279
132280
132281
132283
132284
132285
132286
132288
132290
132291
132292
132293
132294
132295
132296
132297
132298
132299
132300
132302
132303
132304
132305
132306
132307
132308
132309
132310
132311
132312
132313
132314
132315
132316
132317
132318
132319
132320
132321
132322
132323
132324
132325
132326
132327
132328
132329
132330
132331
132332
132333
132334
132335
132336
132337
132338
132339
132340
132341
132342
132343
132344
132345
132346
132347
132348
132349
132350
132351
132352
132353
132354
132355
132356
132357
132358
132359
132360
132361
132362
132363
132364
132365
132366
132368
132369
132370
132371
132372
132373
132374
132375
132376
132377
132378
132379
132380
132381
132382
132383
132384
132385
132386
132388
132389
132390
132391
132392
132393
132394
132395
132396
132397
132398
132399
132400
132401
132403
132404
132405
132406
132407
132408
132409
132410
132413
132415
132416
132417
132418
132419
132420
132421
132422
132423
132424
132425
132426
132427
132428
132429
132430
132431
132432
132433
132434
132435
132436
132437
132438
132439
132440
132441
132442
132443
132444
132445
132446
132447
132448
132449
132450
132451
132452
132453
132454
132455
132456
132457
132458
132459
132460
132462
132463
132464
132465
132466
132468
132469
132470
132471
132472
132473
132474
132475
132476
132477
132478
132479
132480
132481
132482
132483
132484
132485
132486
132487
132488
132489
132490
132491
132492
132493
132494
132496
132497
132498
132499
132500
132501
132502
132503
132504
132505
132506
132507
132508
132509
132510
132511
132512
132513
132514
132515
132525
132526
132527
132528
132529
132530
132531
132532
132533
132534
132535
132536
132537
132538
132539
132540
132542
132543
132544
132545
132546
132547
132548
132549
132550
132551
132554
132555
132561
132562
132574
132575
132576
132577
132578
132579
132580
132581
132582
132583
132584
132585
132586
132587
132588
132589
132590
132591
132592
132593
132594
132595
132596
132597
132598
132599
132600
132601
132602
132603
132604
132605
132606
132607
132608
132609
132611
132612
132613
132614
132615
132616
132617
132618
132619
132620
132621
132622
132623
132624
132625
132626
132628
132629
132679
132680
132681
132682
132683
132684
132685
132686
132687
132688
132689
132690
132691
132692
132693
132694
132695
132696
132697
132699
132700
132701
132702
132703
132704
132705
132706
132707
132708
132709
132710
132711
132712
132713
132714
132715
132716
132717
132718
132719
132720
132722
132723
132724
132725
132726
132727
132728
132729
132730
132731
132732
132733
132734
132735
132736
132737
132738
132739
132740
132741
132742
132743
132744
132745
132746
132786
132787
132788
132789
132790
132791
132792
132797
132798
132799
132800
132801
132802
132803
132804
132806
132807
132808
132809
132810
132811
132812
132813
132814
132815
132816
132817
132818
132819
132820
132821
132822
132823
132824
132825
132826
132827
132828
132829
132830
132831
132832
132833
132834
132835
132836
132837
132838
132839
132840
132841
132842
132843
132844
132845
132846
132847
132848
132849
132850
132851
132852
132853
132854
132855
132856
132857
132858
132859
132860
132861
132862
132863
132864
132865
132866
132867
132868
132869
132870
132871
132872
132873
132874
132875
132876
132877
132878
132879
132880
132881
132882
132883
132884
132885
132886
132887
132888
132889
132890
132891
132892
132893
132894
132895
132896
132897
132898
132899
132900
132901
132902
132903
132904
132905
132906
132907
132908
132909
132910
132911
132913
132914
132915
132916
132917
132918
132919
132920
132921
132922
133012
133013
133014
133015
133016
133017
133018
133019
133020
133022
133023
133024
133025
133026
133027
133028
133029
133030
133031
133032
133033
133034
133035
133036
133037
133038
133040
133041
133042
133043
133044
133045
133046
133048
133049
133050
133051
133052
133053
133054
133055
133056
133057
133058
133059
133060
133061
133062
133063
133064
133065
133066
133067
133068
133069
133070
133071
133072
133073
133074
133075
133076
133077
133078
133079
133080
133081
133082
133083
133084
133085
133086
133087
133088
133089
133090
133091
133092
133093
133094
133096
133097
133098
133099
133100
133101
133102
133103
133104
133105
133106
133107
133108
133109
133110
133111
133112
133113
133114
133115
133116
133117
133118
133120
133121
133122
133123
133124
133125
133126
133127
133128
133129
133130
133131
133132
133133
133134
133135
133136
133137
133138
133139
133141
133142
133143
133144
133145
133146
133147
133148
133149
133150
133151
133152
133154
133155
133156
133158
133159
133160
133161
133162
133163
133164
133165
133166
133167
133168
133169
133170
133171
133172
133173
133174
133175
133176
133177
133178
133179
133180
133181
133182
133183
133184
133185
133186
133187
133188
133189
133190
133191
133192
133193
133194
133195
133196
133197
133198
133199
133200
133201
133202
133203
133204
133205
133206
133207
133208
133209
133210
133211
133212
133213
133214
133215
133216
133217
133218
133219
133220
133221
133229
133230
133320
133321
133322
133324
133325
133326
133327
133328
133329
133330
133331
133332
133333
133334
133335
133366
133367
133368
133370
133372
133373
133374
133375
133376
133377
133378
133379
133380
133381
133382
133383
133384
133385
133386
133387
133388
133389
133390
133391
133392
133393
133394
133395
133396
133397
133398
133399
133400
133401
133402
133403
133404
133406
133407
133408
133409
133410
133411
133412
133413
133414
133415
133416
133417
133418
133419
133420
133421
133422
133423
133424
133425
133426
133427
133428
133429
133430
133431
133432
133433
133434
133435
133436
133437
133438
133440
133441
133443
133444
133445
133446
133447
133448
133449
133450
133451
133452
133453
133454
133455
133456
133457
133458
133459
133460
133462
133463
133464
133465
133466
133467
133468
133469
133470
133471
133472
133473
133474
133475
133476
133477
133478
133479
133480
133481
133482
133483
133484
133485
133486
133487
133488
133489
133490
133491
133492
133493
133494
133495
133496
133497
133498
133499
133500
133501
133502
133503
133504
133505
133507
133508
133509
133510
133511
133520
133521
133522
133523
133524
133525
133526
133527
133528
133529
133530
133531
133532
133533
133534
133535
133536
133537
133538
133539
133540
133541
133542
133543
133544
133545
133546
133547
133548
133549
133550
133551
133552
133553
133554
133555
133556
133557
133558
133578
133579
133580
133581
133582
133583
133584
133585
133587
133588
133589
133600
133601
133603
133604
133605
133606
133607
133608
133609
133610
133611
133612
133613
133614
133615
133616
133617
133618
133619
133620
133622
133623
133624
133625
133626
133627
133628
133629
133630
133632
133633
133634
133635
133636
133637
133638
133660
133661
133666
133667
133728
133729
133730
133731
133732
133733
133734
133735
133736
133737
133738
133739
133740
133741
133742
133743
133744
133745
133746
133747
133748
133749
133750
133751
133752
133753
133754
133755
133756
133757
133758
133759
133760
133761
133762
133763
133765
133766
133767
133768
133769
133770
133771
133772
133773
133774
133777
133778
133779
133781
133782
133783
133784
133785
133786
133787
133788
133790
133791
133792
133793
133794
133795
133796
133806
133807
133846
133847
133848
133849
133850
133852
133853
133854
133855
133856
133857
133858
133859
133860
133861
133862
133863
133864
133865
133866
133867
133868
133869
133870
133871
133872
133873
133874
133875
133876
133877
133878
133879
133880
133881
133882
133883
133884
133885
133886
133887
133888
133889
133890
133891
133892
133893
133894
133895
133896
133897
133898
133899
133900
133901
133902
133903
133904
133905
133906
133907
133908
133909
133910
133911
133912
133913
133914
133915
133916
133917
133918
133919
133920
133921
133923
133924
133925
133926
133927
133928
133929
133930
133931
133932
133933
133934
133935
133936
133937
133938
133939
133940
133941
133942
133943
133945
133947
133948
133949
133950
133951
133952
133953
133954
133955
133956
133957
133958
133959
133960
133961
134061
134062
134063
134064
134065
134066
134067
134068
134069
134070
134071
134072
134073
134074
134075
134076
134078
134079
134080
134081
134082
134083
134084
134085
134086
134087
134088
134089
134090
134092
134093
134094
134095
134096
134097
134098
134099
134100
134101
134102
134103
134104
134105
134106
134107
134108
134109
134110
134111
134112
134113
134114
134115
134116
134117
134118
134119
134120
134121
134122
134123
134124
134125
134126
134127
134128
134129
134130
134131
134132
134133
134134
134135
134136
134137
134138
134139
134140
134141
134142
134143
134144
134145
134146
134147
134148
134149
134150
134151
134152
134153
134154
134155
134156
134157
134158
134159
134160
134161
134162
134163
134164
134165
134166
134167
134168
134169
134170
134171
134172
134173
134174
134175
134176
134177
134178
134179
134180
134181
134182
134183
134184
134185
134186
134188
134189
134190
134191
134192
134193
134194
134195
134196
134197
134198
134199
134200
134201
134202
134203
134204
134205
134206
134207
134208
134209
134210
134211
134212
134213
134214
134215
134216
134217
134218
134219
134220
134221
134222
134224
134225
134226
134227
134228
134229
134230
134231
134232
134233
134234
134235
134236
134237
134238
134239
134240
134241
134242
134243
134244
134245
134246
134261
134262
134346
134347
134348
134349
134350
134351
134352
134353
134354
134355
134356
134357
134358
134359
134360
134361
134362
134363
134364
134365
134366
134367
134368
134369
134370
134371
134372
134373
134374
134375
134376
134377
134378
134379
134380
134381
134383
134384
134385
134386
134387
134388
134389
134390
134391
134392
134393
134394
134395
134396
134397
134398
134399
134400
134401
134402
134403
134404
134405
134406
134407
134408
134409
134410
134411
134412
134413
134414
134417
134424
134425
134426
134427
134428
134429
134430
134431
134432
134433
134435
134436
134437
134438
134439
134440
134441
134442
134443
134444
134445
134446
134447
134448
134449
134450
134451
134452
134453
134454
134455
134456
134457
134458
134459
134460
134461
134462
134463
134464
134465
134466
134467
134468
134469
134470
134471
134472
134473
134474
134475
134476
134477
134479
134480
134481
134483
134484
134485
134486
134488
134489
134490
134491
134492
134493
134494
134495
134496
134497
134498
134499
134500
134501
134502
134503
134504
134505
134506
134507
134508
134509
134510
134511
134512
134513
134514
134515
134516
134517
134518
134519
134520
134521
134522
134523
134524
134525
134526
134527
134528
134529
134530
134532
134533
134534
134535
134536
134537
134538
134539
134540
134541
134542
134544
134545
134546
134547
134548
134549
134550
134551
134552
134553
134554
134555
134556
134557
134559
134561
134562
134563
134564
134566
134567
134568
134569
134570
134571
134572
134573
134574
134575
134576
134577
134578
134579
134580
134581
134582
134583
134586
134587
134588
134589
134590
134591
134592
134593
134594
134595
134596
134597
134598
134599
134600
134601
134602
134603
134604
134605
134606
134607
134608
134609
134610
134612
134662
134663
134664
134665
134666
134667
134668
134669
134670
134671
134672
134673
134674
134675
134676
134677
134678
134679
134680
134682
134683
134684
134685
134686
134687
134688
134689
134690
134691
134692
134693
134694
134695
134696
134697
134698
134699
134700
134701
134702
134704
134705
134706
134707
134709
134710
134711
134712
134713
134714
134715
134716
134717
134718
134719
134720
134721
134722
134723
134724
134725
134726
134727
134729
134730
134731
134732
134733
134734
134735
134736
134737
134739
134740
134741
134742
134743
134744
134745
134746
134747
134748
134749
134750
134751
134752
134753
134754
134755
134777
134778
134779
134780
134781
134782
134783
134784
134785
134786
134787
134788
134790
134791
134792
134793
134794
134795
134796
134797
134798
134799
134800
134801
134802
134803
134804
134805
134806
134807
134808
134809
134810
134811
134812
134813
134814
134815
134816
134817
134818
134819
134820
134821
134822
134823
134824
134825
134826
134827
134828
134829
134831
134832
134833
134834
134835
134836
134837
134838
134839
134840
134841
134842
134843
134844
134845
134846
134847
134848
134920
134921
134927
134928
134948
134949
134950
134951
134952
134953
134954
134962
134963
134964
134965
134966
134967
134968
134969
134970
134971
134972
134973
134974
134975
134976
134977
134978
134979
134980
134981
134982
134983
134984
134985
134986
134987
134988
134989
134990
134991
134992
134994
134995
134996
134997
134998
134999
135000
135001
135002
135003
135004
135005
135006
135007
135008
135009
135010
135011
135012
135013
135014
135015
135016
135017
135018
135019
135020
135021
135022
135023
135024
135025
135026
135027
135028
135029
135030
135031
135032
135033
135034
135035
135036
135037
135038
135039
135040
135041
135042
135043
135044
135045
135046
135047
135048
135049
135050
135051
135052
135053
135054
135055
135056
135057
135058
135059
135060
135061
135063
135064
135065
135066
135067
135068
135069
135070
135071
135074
135075
135076
135077
135078
135079
135080
135081
135082
135083
135084
135085
135086
135087
135088
135089
135090
135091
135092
135093
135094
135095
135096
135097
135098
135099
135100
135101
135102
135103
135104
135105
135106
135107
135108
135109
135110
135111
135112
135113
135114
135115
135116
135117
135118
135119
135121
135122
135123
135124
135125
135126
135127
135128
135129
135130
135131
135132
135133
135134
135135
135136
135137
135138
135139
135140
135141
135142
135143
135144
135145
135146
135148
135149
135150
135151
135152
135153
135154
135155
135156
135157
135158
135159
135160
135161
135162
135163
135164
135165
135166
135167
135168
135169
135170
135270
135271
135272
135273
135274
135275
135276
135277
135278
135279
135280
135282
135283
135284
135286
135287
135288
135289
135290
135291
135292
135293
135294
135295
135296
135297
135298
135299
135300
135301
135302
135303
135304
135305
135306
135307
135308
135309
135310
135311
135312
135313
135314
135315
135316
135317
135318
135319
135320
135321
135322
135324
135325
135326
135327
135328
135329
135330
135331
135332
135333
135334
135335
135336
135337
135338
135339
135340
135341
135342
135343
135344
135345
135346
135348
135349
135350
135351
135353
135354
135355
135356
135357
135358
135359
135360
135361
135362
135363
135364
135365
135366
135367
135368
135369
135370
135371
135372
135373
135374
135375
135376
135377
135378
135379
135380
135381
135382
135383
135384
135385
135386
135387
135388
135390
135391
135392
135393
135394
135395
135396
135397
135398
135399
135400
135401
135403
135404
135405
135406
135407
135408
135409
135411
135412
135413
135414
135415
135416
135418
135419
135420
135421
135422
135423
135424
135425
135426
135427
135428
135429
135431
135432
135433
135434
135435
135436
135437
135438
135439
135489
135490
135491
135492
135493
135494
135495
135496
135497
135498
135499
135500
135501
135509
135510
135511
135512
135513
135514
135515
135516
135517
135518
135519
135520
135521
135522
135523
135524
135525
135526
135527
135528
135529
135530
135531
135532
135533
135542
135543
135544
135545
135546
135547
135548
135549
135550
135551
135552
135553
135554
135555
135556
135557
135558
135559
135560
135561
135562
135563
135564
135565
135566
135567
135568
135569
135570
135571
135572
135573
135574
135575
135576
135577
135578
135579
135580
135581
135582
135583
135584
135585
135586
135587
135588
135589
135590
135591
135593
135594
135595
135596
135597
135598
135599
135600
135601
135602
135603
135604
135605
135606
135607
135608
135609
135610
135611
135612
135613
135614
135615
135616
135617
135618
135619
135620
135621
135622
135623
135624
135625
135626
135627
135628
135629
135630
135631
135632
135633
135634
135635
135636
135637
135638
135639
135640
135641
135642
135643
135644
135645
135646
135647
135648
135649
135650
135652
135653
135654
135655
135656
135657
135658
135659
135660
135661
135662
135663
135664
135665
135666
135668
135669
135670
135671
135672
135673
135674
135675
135676
135677
135678
135772
135773
135778
135794
135795
135817
135818
135858
135859
135878
135879
135881
135882
135883
135884
135885
135886
135887
135888
135889
135890
135891
135892
135893
135894
135895
135896
135897
135898
135899
135900
136000
136001
136002
136003
136004
136005
136006
136007
136008
136009
136010
136012
136013
136014
136015
136016
136017
136018
136019
136020
136021
136022
136023
136024
136025
136026
136027
136028
136029
136030
136031
136033
136034
136035
136036
136037
136038
136039
136040
136041
136042
136043
136044
136045
136046
136047
136048
136049
136050
136051
136052
136132
136133
136134
136135
136136
136138
136139
136140
136141
136142
136143
136144
136145
136146
136147
136148
136149
136150
136151
136152
136153
136154
136155
136156
136157
136158
136160
136161
136162
136163
136164
136165
136166
136167
136168
136169
136170
136171
136172
136173
136174
136175
136176
136177
136178
136179
136180
136181
136182
136183
136184
136185
136187
136188
136189
136190
136201
136202
136203
136204
136205
136206
136207
136208
136209
136210
136211
136212
136213
136214
136215
136216
136217
136218
136219
136221
136222
136223
136224
136225
136226
136227
136228
136229
136230
136231
136232
136233
136234
136235
136236
136237
136238
136239
136240
136241
136242
136243
136244
136245
136246
136247
136248
136249
136250
136251
136252
136253
136254
136255
136256
136257
136258
136259
136260
136261
136262
136263
136264
136265
136266
136267
136268
136269
136270
136271
136272
136273
136274
136275
136276
136277
136278
136378
136379
136380
136382
136384
136385
136386
136387
136388
136389
136391
136392
136393
136394
136395
136396
136397
136398
136399
136400
136401
136402
136404
136405
136406
136407
136408
136409
136410
136412
136413
136415
136416
136417
136418
136419
136420
136421
136422
136423
136424
136425
136426
136427
136428
136429
136430
136431
136432
136433
136434
136435
136436
136437
136438
136439
136440
136442
136443
136444
136445
136447
136448
136449
136450
136451
136452
136453
136454
136455
136456
136457
136458
136459
136460
136461
136462
136463
136464
136465
136466
136467
136468
136470
136471
136472
136473
136474
136475
136476
136477
136478
136479
136480
136481
136482
136483
136484
136485
136486
136487
136488
136489
136490
136491
136492
136493
136494
136495
136496
136497
136498
136499
136500
136501
136502
136503
136505
136506
136507
136508
136509
136510
136511
136512
136513
136514
136515
136516
136517
136518
136519
136520
136521
136523
136524
136525
136526
136527
136529
136530
136531
136532
136533
136534
136535
136536
136537
136538
136539
136540
136542
136543
136545
136546
136547
136548
136549
136550
136552
136553
136554
136555
136556
136557
136558
136559
136560
136561
136562
136563
136565
136569
136571
136572
136573
136574
136575
136576
136577
136578
136579
136580
136581
136582
136583
136584
136585
136586
136587
136588
136589
136590
136591
136592
136593
136594
136595
136596
136598
136599
136601
136602
136603
136604
136606
136607
136608
136609
136610
136611
136613
136615
136616
136617
136618
136619
136621
136622
136623
136624
136625
136720
136721
136725
136726
136727
136728
136730
136731
136732
136733
136734
136735
136736
136737
136738
136739
136740
136741
136742
136743
136744
136745
136746
136747
136748
136749
136750
136751
136752
136753
136754
136755
136756
136757
136758
136759
136760
136762
136763
136764
136766
136767
136769
136770
136771
136772
136773
136774
136775
136776
136777
136778
136779
136780
136781
136782
136784
136785
136786
136787
136788
136789
136790
136791
136792
136793
136794
136795
136796
136797
136798
136799
136800
136801
136802
136803
136804
136805
136806
136807
136808
136810
136811
136812
136813
136814
136815
136817
136819
136820
136890
136891
136892
136893
136894
136895
136897
136898
136899
136900
136901
136902
136903
136905
136906
136907
136908
136909
136910
136911
136912
136913
136914
136915
136916
136917
136918
136919
136920
136921
136922
136923
136924
136925
136926
136927
136928
136929
136930
136931
136932
136933
136934
136935
136936
136937
136938
136939
136940
136941
136942
136943
136944
136945
136946
136947
136948
136949
136950
136951
136953
136954
136955
136956
136957
136958
136960
136961
136962
136963
136964
136965
136966
136967
136968
136969
136970
136971
136972
136973
136974
136975
136976
136977
136978
136979
136980
136981
136982
136983
136984
136985
136986
136987
136988
136989
136990
136991
136992
136993
136994
136995
136996
136997
136998
136999
137000
137001
137002
137003
137004
137005
137006
137008
137009
137010
137011
137012
137013
137014
137015
137016
137017
137018
137019
137020
137021
137022
137023
137024
137025
137026
137027
137028
137029
137030
137031
137032
137033
137034
137035
137036
137037
137038
137039
137040
137041
137042
137043
137044
137045
137046
137047
137048
137049
137050
137051
137052
137053
137054
137056
137057
137058
137059
137060
137061
137062
137063
137064
137065
137066
137067
137068
137069
137070
137072
137073
137074
137075
137076
137077
137078
137079
137080
137082
137182
137183
137184
137185
137186
137187
137188
137189
137190
137191
137192
137193
137194
137196
137197
137198
137199
137200
137201
137202
137203
137204
137205
137206
137207
137208
137209
137210
137212
137213
137214
137215
137216
137217
137218
137219
137220
137221
137222
137223
137224
137225
137226
137227
137228
137229
137230
137231
137232
137233
137234
137235
137236
137237
137239
137240
137241
137242
137243
137244
137246
137247
137248
137249
137250
137251
137252
137253
137255
137256
137257
137258
137259
137260
137261
137262
137263
137265
137266
137267
137268
137269
137270
137271
137272
137274
137275
137276
137277
137278
137279
137280
137281
137282
137283
137285
137385
137386
137387
137388
137389
137391
137392
137393
137394
137395
137396
137397
137398
137399
137400
137401
137403
137404
137405
137406
137407
137408
137409
137410
137411
137412
137413
137414
137415
137416
137417
137418
137419
137420
137421
137422
137423
137424
137425
137426
137427
137428
137429
137431
137432
137433
137434
137435
137436
137437
137438
137439
137440
137441
137442
137443
137444
137445
137446
137447
137448
137449
137450
137451
137452
137453
137454
137455
137456
137457
137458
137459
137460
137461
137463
137464
137465
137466
137467
137468
137469
137470
137471
137472
137473
137474
137475
137476
137477
137478
137479
137481
137482
137483
137485
137486
137487
137488
137489
137490
137491
137492
137493
137494
137495
137497
137498
137499
137500
137502
137503
137504
137505
137506
137507
137508
137509
137510
137511
137512
137513
137514
137515
137516
137517
137519
137520
137521
137522
137523
137524
137525
137526
137527
137528
137529
137530
137531
137532
137533
137534
137535
137536
137537
137538
137539
137540
137541
137542
137543
137544
137545
137546
137547
137548
137549
137550
137551
137552
137553
137554
137555
137556
137557
137558
137559
137560
137561
137562
137563
137564
137565
137566
137567
137568
137569
137570
137571
137572
137574
137575
137576
137577
137578
137579
137580
137582
137583
137584
137585
137586
137686
137702
137703
137704
137705
137706
137707
137709
137809
137810
137811
137812
137813
137814
137815
137816
137817
137818
137819
137820
137821
137822
137823
137824
137825
137826
137827
137828
137829
137830
137831
137832
137833
137834
137835
137836
137837
137838
137839
137840
137841
137842
137843
137844
137845
137846
137847
137849
137850
137851
137852
137853
137854
137855
137856
137857
137858
137861
137862
137863
137864
137865
137866
137867
137868
137869
137870
137871
137872
137873
137875
137876
137877
137878
137879
137880
137881
137882
137883
137884
137885
137886
137887
137888
137889
137890
137891
137892
137893
137894
137895
137896
137897
137898
137899
137900
137901
137902
137903
137904
137905
137908
137909
137910
137911
137912
137913
137914
137915
137917
137918
137919
137920
137921
137922
137923
137924
137925
137926
137927
137928
137929
137930
137931
137932
137933
137934
137935
137936
137937
137938
137941
137942
137943
137944
137945
137947
137948
137949
137950
137951
137952
137953
137954
137955
137956
137957
137958
137959
137960
137961
137962
137963
137964
137965
137966
137967
137968
137969
137970
137971
137972
137973
137974
137975
137976
137977
137978
137979
137980
137981
137982
137983
137984
137985
137986
137987
137988
137989
137990
137991
137992
137993
137994
137995
137996
137997
137998
137999
138001
138002
138003
138004
138005
138006
138007
138008
138009
138010
138012
138013
138014
138015
138016
138017
138018
138019
138020
138021
138022
138023
138024
138025
138026
138027
138028
138029
138031
138032
138033
138034
138035
138036
138037
138038
138039
138040
138041
138042
138043
138044
138045
138146
138147
138148
138149
138150
138151
138152
138153
138154
138155
138156
138157
138158
138159
138160
138161
138162
138163
138164
138165
138166
138167
138168
138169
138170
138171
138172
138173
138174
138175
138176
138177
138178
138179
138180
138181
138182
138183
138184
138186
138187
138188
138189
138190
138191
138192
138194
138195
138196
138197
138198
138199
138200
138201
138202
138203
138204
138205
138206
138207
138208
138209
138210
138211
138212
138213
138214
138215
138216
138217
138218
138219
138220
138241
138242
138320
138322
138323
138324
138325
138326
138327
138328
138330
138331
138332
138333
138334
138335
138336
138337
138338
138339
138340
138341
138342
138343
138344
138345
138346
138347
138348
138349
138350
138351
138353
138354
138355
138356
138357
138358
138359
138360
138361
138362
138363
138365
138366
138367
138368
138369
138372
138373
138379
138380
138381
138382
138383
138384
138385
138386
138387
138388
138390
138391
138392
138393
138394
138395
138396
138397
138398
138399
138400
138401
138402
138403
138404
138405
138406
138407
138408
138409
138410
138411
138412
138413
138414
138415
138416
138417
138418
138419
138420
138421
138422
138423
138424
138425
138426
138427
138428
138429
138430
138431
138432
138433
138434
138435
138436
138437
138438
138440
138443
138444
138445
138446
138447
138448
138449
138450
138451
138452
138453
138454
138455
138456
138457
138458
138460
138461
138462
138463
138464
138466
138467
138468
138469
138470
138471
138472
138474
138475
138476
138477
138478
138479
138480
138481
138482
138483
138484
138485
138486
138487
138488
138489
138490
138491
138492
138493
138494
138495
138496
138498
138499
138500
138501
138502
138503
138504
138505
138506
138507
138508
138509
138510
138511
138512
138513
138515
138516
138517
138518
138520
138521
138522
138523
138524
138525
138526
138527
138528
138529
138530
138531
138532
138533
138534
138535
138536
138537
138538
138539
138540
138541
138543
138544
138545
138546
138547
138548
138549
138550
138551
138552
138553
138555
138556
138557
138558
138559
138560
138561
138563
138564
138565
138566
138567
138568
138569
138570
138571
138572
138573
138574
138575
138576
138578
138579
138580
138581
138582
138583
138584
138585
138586
138587
138588
138589
138590
138591
138592
138593
138594
138595
138596
138597
138598
138599
138600
138601
138602
138604
138605
138606
138607
138608
138609
138610
138611
138612
138613
138614
138615
138616
138617
138618
138619
138620
138621
138622
138623
138624
138625
138626
138627
138628
138629
138630
138631
138632
138633
138634
138635
138636
138637
138638
138639
138640
138641
138642
138643
138645
138646
138647
138648
138649
138650
138651
138652
138653
138654
138655
138656
138657
138658
138659
138660
138661
138662
138663
138664
138665
138666
138667
138668
138669
138670
138671
138672
138673
138674
138675
138676
138677
138678
138679
138680
138681
138682
138683
138684
138685
138686
138687
138688
138689
138690
138691
138692
138693
138694
138695
138696
138697
138698
138699
138700
138701
138702
138802
138902
138903
138904
138906
138907
138908
138909
138910
138911
138912
138913
138914
138915
138916
138917
138918
138919
138920
138921
138922
138923
138924
138925
138926
138927
138928
138929
138930
138931
138932
138933
138934
138935
138936
138937
138938
138939
138942
138943
138944
138945
138946
138947
138949
138951
138952
138953
138955
138956
138957
138958
138959
138960
138961
138962
138963
138964
138965
138966
138967
138968
138969
138970
138971
138972
138973
138974
138975
138976
138977
138978
138979
138980
138981
138982
138983
138984
138985
138986
138987
138988
138989
138991
138992
138993
138994
138995
138996
138997
138998
138999
139000
139001
139002
139003
139004
139005
139006
139007
139008
139009
139010
139011
139012
139013
139014
139015
139016
139017
139018
139020
139021
139022
139023
139024
139025
139026
139027
139028
139029
139030
139031
139032
139033
139034
139035
139036
139037
139038
139039
139040
139041
139042
139043
139044
139045
139046
139047
139048
139049
139050
139051
139052
139053
139054
139055
139056
139057
139058
139059
139060
139061
139062
139063
139064
139065
139066
139067
139068
139069
139070
139071
139072
139073
139074
139075
139076
139077
139078
139079
139080
139082
139083
139084
139085
139086
139087
139088
139089
139090
139190
139191
139192
139193
139194
139195
139196
139197
139198
139199
139200
139201
139202
139203
139204
139206
139207
139208
139209
139211
139212
139213
139214
139216
139217
139218
139219
139220
139221
139222
139223
139224
139225
139226
139227
139228
139229
139230
139231
139232
139234
139235
139236
139237
139238
139239
139240
139241
139242
139243
139244
139245
139246
139247
139248
139249
139250
139251
139252
139253
139254
139255
139256
139258
139259
139260
139261
139262
139263
139264
139265
139266
139267
139268
139269
139270
139271
139272
139273
139274
139275
139276
139277
139278
139279
139280
139281
139282
139283
139284
139285
139286
139287
139288
139289
139290
139291
139292
139293
139294
139295
139296
139297
139298
139299
139300
139301
139302
139304
139305
139307
139308
139309
139310
139311
139312
139313
139315
139316
139317
139318
139319
139320
139322
139323
139324
139325
139326
139328
139329
139331
139332
139333
139334
139335
139336
139337
139338
139339
139340
139341
139342
139343
139344
139345
139346
139347
139348
139349
139350
139351
139352
139353
139354
139355
139356
139357
139358
139359
139360
139361
139461
139462
139463
139464
139465
139466
139467
139468
139469
139470
139471
139472
139473
139474
139475
139476
139477
139577
139578
139579
139580
139581
139582
139583
139584
139588
139589
139590
139591
139592
139593
139594
139595
139596
139597
139598
139599
139600
139601
139602
139603
139604
139605
139606
139607
139608
139609
139611
139612
139613
139614
139615
139616
139617
139618
139619
139620
139621
139622
139623
139624
139625
139626
139627
139628
139629
139630
139631
139632
139633
139634
139635
139636
139637
139638
139639
139640
139641
139642
139643
139645
139646
139647
139648
139650
139651
139652
139653
139654
139655
139656
139657
139658
139659
139660
139661
139662
139663
139665
139666
139667
139668
139669
139670
139671
139672
139674
139675
139676
139677
139678
139679
139680
139681
139682
139683
139684
139685
139686
139687
139689
139690
139691
139692
139693
139694
139696
139697
139698
139699
139700
139701
139702
139703
139704
139705
139707
139708
139709
139710
139711
139712
139713
139714
139715
139716
139717
139718
139719
139720
139721
139722
139723
139724
139725
139726
139727
139728
139729
139730
139731
139732
139733
139734
139735
139736
139737
139738
139739
139740
139741
139743
139744
139745
139746
139747
139748
139749
139750
139751
139752
139753
139754
139755
139756
139757
139758
139759
139760
139761
139762
139763
139764
139765
139766
139767
139768
139769
139770
139771
139772
139774
139775
139776
139777
139778
139780
139781
139782
139783
139784
139785
139786
139787
139788
139789
139790
139791
139792
139793
139794
139795
139796
139797
139798
139799
139800
139801
139802
139803
139804
139805
139806
139807
139808
139809
139810
139811
139812
139813
139814
139815
139816
139817
139818
139819
139820
139821
139822
139823
139824
139825
139826
139827
139828
139829
139830
139831
139832
139833
139834
139835
139836
139837
139839
139840
139841
139842
139843
139844
139845
139846
139847
139848
139849
139850
139851
139852
139853
139854
139855
139856
139857
139858
139859
139860
139861
139862
139863
139864
139865
139866
139867
139868
139869
139870
139871
139872
139873
139874
139875
139876
139877
139878
139879
139880
139881
139882
139883
139884
139885
139886
139887
139888
139889
139890
139891
139892
139893
139894
139895
139896
139897
139898
139899
139900
139901
139902
139903
139904
139905
139906
139907
139908
139909
139910
139911
139912
139913
139914
139915
139916
139917
139918
139919
139920
139921
139922
139923
139924
139925
139926
139927
139928
139929
139930
139931
139932
140032
140033
140034
140036
140037
140038
140039
140040
140041
140042
140043
140044
140045
140046
140047
140048
140049
140050
140051
140052
140053
140054
140055
140056
140059
140060
140061
140062
140063
140064
140065
140067
140068
140069
140070
140071
140072
140073
140074
140075
140076
140077
140078
140079
140080
140081
140082
140083
140084
140085
140086
140087
140088
140089
140090
140091
140092
140093
140095
140096
140097
140098
140099
140100
140101
140102
140103
140104
140105
140106
140108
140208
140209
140210
140211
140212
140213
140214
140215
140216
140217
140218
140219
140220
140221
140222
140223
140224
140225
140226
140227
140228
140229
140231
140232
140233
140234
140235
140236
140237
140238
140239
140240
140241
140242
140243
140244
140245
140267
140268
140269
140270
140287
140288
140289
140290
140305
140306
140307
140308
140321
140323
140324
140325
140326
140327
140328
140344
140345
140362
140363
140364
140379
140380
140381
140382
140383
140483
140498
140499
140501
140502
140503
140504
140505
140506
140507
140508
140523
140524
140525
140526
140527
140528
140539
140540
140541
140542
140543
140544
140545
140546
140548
140549
140550
140551
140552
140553
140570
140571
140573
140574
140575
140576
140577
140578
140579
140580
140581
140582
140583
140584
140585
140586
140587
140588
140589
140590
140591
140592
140593
140594
140595
140596
140597
140598
140599
140600
140601
140602
140603
140604
140605
140606
140607
140608
140609
140610
140611
140612
140614
140615
140616
140617
140618
140619
140620
140621
140622
140623
140624
140625
140626
140627
140628
140629
140630
140631
140632
140633
140634
140635
140636
140637
140638
140639
140640
140641
140642
140643
140644
140645
140646
140647
140658
140659
140660
140661
140662
140664
140665
140666
140667
140668
140669
140670
140671
140672
140673
140674
140675
140676
140677
140678
140679
140680
140681
140682
140683
140684
140685
140686
140687
140688
140689
140690
140691
140692
140693
140694
140695
140697
140698
140699
140701
140702
140703
140704
140705
140706
140707
140708
140709
140710
140711
140712
140714
140715
140716
140717
140718
140719
140720
140721
140722
140723
140724
140725
140726
140727
140728
140729
140730
140731
140732
140733
140734
140735
140736
140737
140837
140838
140839
140841
140842
140843
140844
140845
140847
140848
140849
140850
140851
140852
140853
140864
140865
140866
140867
140868
140869
140870
140871
140872
140873
140874
140876
140877
140878
140879
140880
140881
140882
140883
140884
140885
140886
140887
140888
140889
140890
140891
140892
140893
140894
140895
140896
140897
140898
140899
140900
140901
140902
140903
140904
140905
140906
140907
140908
140909
140910
140911
140912
140914
140915
140916
140917
140918
140919
140920
140921
140922
140923
140924
140925
140926
140927
140928
140930
140931
140932
140933
140934
140935
140937
140938
140939
140940
140941
140942
140943
140944
140945
140947
140948
140949
140950
140951
140952
140953
140954
140955
140956
140957
140958
140959
140960
140961
140962
140963
140964
140965
140967
140968
140969
140970
140971
140973
140974
140975
140976
140977
140978
140979
140980
140981
140982
140983
140984
140985
140986
140987
140988
140989
140990
140991
140992
140993
140994
140995
140996
140997
140998
140999
141000
141001
141002
141003
141004
141005
141006
141007
141008
141009
141010
141011
141012
141013
141014
141015
141016
141017
141018
141019
141020
141021
141022
141023
141024
141025
141026
141027
141028
141029
141030
141031
141032
141033
141034
141035
141036
141037
141038
141039
141040
141041
141042
141043
141044
141045
141046
141047
141048
141148
141149
141150
141151
141152
141153
141154
141155
141156
141157
141158
141159
141160
141161
141162
141163
141164
141165
141166
141167
141168
141171
141172
141174
141175
141176
141177
141178
141179
141180
141181
141182
141183
141184
141185
141186
141187
141188
141189
141190
141191
141192
141193
141194
141195
141196
141197
141198
141199
141200
141201
141202
141203
141204
141205
141206
141207
141208
141209
141210
141211
141212
141213
141214
141215
141216
141217
141219
141220
141221
141222
141223
141224
141225
141226
141227
141228
141229
141230
141231
141232
141233
141234
141235
141236
141237
141238
141239
141240
141241
141341
141342
141343
141344
141345
141346
141347
141348
141349
141350
141351
141352
141353
141354
141355
141356
141357
141358
141359
141360
141361
141362
141363
141364
141365
141366
141367
141368
141369
141370
141371
141372
141374
141375
141377
141378
141379
141380
141381
141382
141383
141384
141385
141386
141388
141389
141390
141391
141392
141393
141394
141395
141396
141397
141398
141399
141400
141401
141402
141403
141404
141405
141406
141407
141410
141411
141412
141413
141414
141415
141416
141417
141418
141419
141420
141421
141422
141423
141424
141425
141426
141427
141428
141429
141430
141431
141432
141433
141434
141435
141436
141437
141438
141439
141440
141441
141442
141443
141444
141445
141446
141447
141448
141449
141450
141451
141452
141453
141455
141456
141457
141458
141459
141460
141462
141463
141464
141465
141466
141467
141468
141469
141470
141471
141472
141473
141474
141475
141476
141576
141676
141677
141678
141679
141680
141681
141682
141683
141684
141685
141686
141687
141688
141689
141690
141691
141692
141693
141694
141695
141697
141698
141699
141700
141701
141702
141704
141705
141706
141707
141708
141709
141710
141711
141712
141713
141714
141715
141716
141717
141718
141719
141720
141721
141722
141723
141724
141725
141726
141727
141728
141729
141730
141731
141732
141733
141734
141735
141736
141737
141738
141739
141740
141741
141742
141743
141744
141745
141746
141747
141748
141749
141750
141751
141752
141753
141754
141755
141756
141757
141758
141759
141760
141761
141762
141763
141764
141765
141766
141767
141768
141769
141770
141771
141772
141773
141774
141775
141776
141777
141778
141779
141780
141781
141782
141783
141883
141884
141885
141886
141887
141987
141988
141989
141990
141991
141992
141993
141994
141995
141996
141997
141998
141999
142000
142001
142002
142003
142004
142005
142006
142007
142008
142009
142010
142011
142012
142013
142014
142015
142016
142017
142018
142019
142020
142021
142022
142023
142024
142026
142027
142028
142029
142030
142031
142032
142033
142034
142035
142036
142037
142038
142039
142040
142041
142042
142043
142044
142045
142046
142047
142049
142050
142051
142052
142053
142054
142056
142057
142058
142059
142060
142061
142062
142063
142064
142065
142066
142067
142107
142108
142109
142110
142111
142113
142114
142115
142116
142117
142119
142120
142121
142122
142123
142124
142125
142126
142127
142128
142130
142131
142132
142133
142134
142135
142136
142137
142138
142139
142140
142142
142143
142144
142145
142146
142147
142148
142149
142150
142151
142152
142153
142154
142155
142156
142157
142158
142159
142160
142161
142162
142163
142164
142165
142266
142267
142268
142269
142270
142271
142272
142273
142274
142275
142276
142277
142278
142279
142281
142282
142283
142284
142285
142286
142287
142288
142289
142290
142291
142292
142293
142294
142295
142296
142297
142298
142299
142300
142301
142302
142303
142403
142404
142405
142406
142407
142408
142409
142410
142411
142412
142413
142414
142415
142416
142417
142419
142420
142421
142422
142423
142424
142425
142426
142428
142429
142430
142431
142432
142433
142434
142435
142436
142437
142438
142439
142539
142540
142541
142542
142543
142545
142546
142547
142548
142549
142550
142552
142553
142555
142556
142557
142558
142559
142560
142561
142562
142563
142564
142565
142567
142568
142569
142570
142571
142572
142573
142574
142575
142576
142577
142578
142579
142580
142581
142582
142583
142584
142585
142586
142587
142588
142589
142590
142591
142592
142593
142594
142595
142596
142597
142599
142600
142601
142602
142603
142604
142605
142606
142607
142608
142609
142610
142611
142612
142613
142614
142615
142616
142617
142618
142619
142620
142621
142622
142623
142624
142625
142626
142627
142628
142629
142630
142631
142632
142633
142634
142635
142636
142637
142638
142641
142642
142643
142644
142645
142646
142647
142648
142649
142650
143674
146746
146846
146946
146947
146948
146949
146950
146951
146952
146953
146954
146955
146956
146957
146958
146959
146960
146961
146962
146963
146964
146965
146966
146967
146968
146988
146989
146990
146991
146993
146994
146995
146996
146997
146998
147000
147001
147002
147003
147004
147005
147006
147007
147008
147009
147010
147011
147012
147013
147014
147015
147017
147018
147019
147020
147021
147022
147023
147024
147025
147027
147029
147030
147031
147032
147033
147034
147035
147036
147037
147038
147039
147040
147042
147043
147044
147045
147046
147047
147048
147049
147050
147051
147052
147053
147054
147055
147056
147057
147058
147059
147060
147061
147062
147063
147064
147065
147066
147067
147068
147069
147070
147071
147072
147172
147174
147175
147176
147177
147178
147179
147180
147181
147182
147183
147184
147185
147186
147187
147188
147189
147190
147191
147291
147292
147293
147294
147295
147296
147298
147299
147300
147301
147302
147303
147304
147305
147306
147307
147308
147309
147310
147311
147312
147313
147314
147315
147316
148000
148001
148003
148004
148794
148795
148967
148968
148969
148970
148971
148972
148973
148974
148975
148976
148977
148978
148979
148980
148981
148982
148983
148984
148985
148986
148987
148988
148989
148990
148991
148992
148993
148994
148995
148996
148997
148999
149000
149001
149002
149003
149004
149005
149006
149008
149009
149010
149011
149012
149013
149014
149015
149016
149017
149018
149019
149020
149021
149022
149023
149024
149025
149026
149027
149028
149029
149030
149031
149032
149033
149034
149035
149036
149037
149038
149039
149040
149041
149042
149043
149045
149047
149048
149050
149051
149052
149053
149054
149055
149056
149057
149058
149059
149060
149061
149062
149162
149164
149165
149166
149167
149168
149169
149170
149172
149173
149174
149175
149176
149177
149178
149179
149180
149280
149281
149282
149283
149284
149285
149286
149287
149288
149289
149290
149293
149294
149295
149296
149297
149298
149299
149300
149301
149302
149303
149304
149305
149306
149307
149308
149309
149310
149311
149312
149313
149314
149414
149415
149416
149417
149418
149419
149420
149421
149422
149423
149424
149425
149426
149427
149428
149429
149430
149431
149432
149433
149434
149436
149437
149439
149440
149442
149443
149444
149445
149446
149447
149448
149449
149450
149451
149452
149453
149454
149455
149456
149457
149458
149472
149473
149474
149475
149476
149477
149478
149479
149480
149481
149482
149483
149484
149485
149486
149487
149488
149489
149490
149491
149492
149493
149494
149495
149496
149497
149498
149499
149500
149501
149502
149503
149504
149505
149506
149507
149508
149509
149510
149511
149512
149513
149514
149515
149516
149517
149518
149519
149520
149521
149522
149523
149524
149525
149625
149626
149627
149628
149629
149630
149631
149633
149634
149635
149636
149637
149638
149639
149640
149641
149642
149643
149645
149646
149647
149648
149649
149650
149651
149652
149653
149654
149655
149656
149657
149658
149659
149660
149661
149761
149762
149763
149764
149765
149766
149767
149769
149770
149771
149772
149773
149774
149775
149776
149777
149778
149779
149780
149781
149782
149784
149786
149787
149788
149789
149790
149791
149792
149793
149794
149796
149797
149798
149799
149800
149801
149802
149803
149804
149806
149807
149808
149809
149810
149811
149812
149813
149814
149815
149816
149817
149818
149819
149820
149821
149822
149823
149824
149825
149826
149827
149828
149829
149830
149831
149832
149833
149834
149836
149837
149838
149839
149840
149841
149842
149843
149844
149845
149846
149847
149848
149849
149850
149851
149852
149853
149854
149855
149856
149857
149858
149859
149860
149861
149862
149863
149864
149865
149866
149867
149868
149869
149870
149871
149872
149873
149874
149875
149876
149877
149977
149978
149979
149980
149981
149982
149983
149984
149985
149986
149987
149988
149989
149990
149991
149992
149993
149994
149995
149996
149997
149998
149999
150000
150001
150002
150003
150004
150005
150006
150007
150107
150108
150109
150110
150111
150112
150113
150114
150115
150116
150117
150118
150119
150120
150121
150122
150123
150124
150125
150127
150128
150129
150130
150131
150132
150133
150134
150135
150136
150137
150138
150139
150140
150141
150142
150143
150144
150145
150146
150147
150148
150149
150150
150151
150152
150153
150154
150155
150156
150157
150158
150159
150161
150162
150163
150164
150165
150166
150167
150168
150169
150170
150171
150172
150173
150174
150175
150176
150177
150178
150179
150180
150181
150182
150183
150184
150185
150285
150286
150287
150288
150289
150290
150291
150292
150294
150295
150296
150297
150298
150299
150300
150301
150302
150303
150304
150305
150306
150307
150308
150309
150310
150311
150312
150313
150314
150315
150316
150317
150318
150319
150320
150321
150322
150324
150325
150326
150327
150328
150329
150330
150331
150332
150333
150334
150335
150336
150337
150338
150339
150340
150341
150342
150343
150345
150346
150347
150348
150349
150350
150351
150352
150353
150354
150355
150370
150371
150372
150373
150374
150375
150376
150377
150378
150379
150381
150382
150383
150384
150385
150386
150387
150388
150389
150390
150391
150392
150393
150394
150395
150396
150397
150398
150399
150400
150401
150402
150403
150405
150406
150407
150408
150409
150410
150411
150412
150413
150414
150415
150416
150417
150418
150419
150420
150421
150423
150424
150425
150426
150427
150428
150429
150430
150431
150432
150433
150434
150435
150436
150437
150438
150440
150441
150442
150443
150444
150445
150446
150447
150448
150449
150450
150451
150452
150453
150454
150455
150456
150457
150458
150459
150460
150560
150660
150661
150662
150663
150664
150665
150666
150667
150668
150669
150671
150672
150673
150674
150675
150676
150677
150678
150679
150681
150682
150683
150684
150685
150686
150687
150688
150689
150690
150691
150692
150693
150694
150695
150696
150697
150699
150700
150701
150702
150703
150704
150705
150706
150707
150708
150709
150710
150711
150712
150713
150714
150715
150716
150717
150718
150719
150720
150721
150722
150723
150724
150725
150726
150728
150729
150730
150731
150732
150733
150734
150735
150736
150737
150738
150739
150740
150741
150742
150743
150744
150745
150746
150747
150748
150749
150750
150751
150753
150754
150774
150775
150776
150777
150778
150779
150780
150781
150782
150783
150784
150785
150786
150787
150788
150789
150790
150791
150792
150793
150794
150795
150796
150797
150798
150799
150800
150801
150802
150803
150804
150805
150806
150807
150808
150809
150810
150811
150812
150813
150913
151013
151040
151041
151042
151043
151044
151045
151046
151047
151048
151049
151050
151051
151052
151053
151054
151055
151056
151057
151058
151059
151060
151061
151062
151063
151064
151065
151066
151067
151076
151077
151079
151080
151081
151082
151182
151183
151184
151185
151186
151187
151188
151189
151190
151191
151193
151194
151195
151196
151197
151199
151200
151201
151202
151203
151204
151205
151206
151207
151208
151209
151210
151211
151212
151213
151214
151215
151216
151316
151317
151318
151319
151320
151321
151322
151323
151324
151325
151326
151327
151328
151329
151330
151331
151332
151333
151334
151335
151336
151337
151338
151339
151340
151341
151342
151343
151344
151345
151346
151347
151348
151349
151350
151351
151352
151353
151354
151355
151358
151359
151360
151361
151362
151365
151366
151367
151368
151369
151370
151371
151391
151392
151393
151394
151395
151396
151397
151398
151399
151400
151401
151402
151403
151404
151405
151406
151407
151408
151409
151410
151411
151412
151413
151414
151415
151417
151418
151419
151421
151422
151423
151463
151464
151465
151466
151467
151468
151469
151470
151471
151472
151473
151474
151475
151476
151477
151479
151480
151481
151482
151483
151484
151485
151486
151487
151488
151489
151490
151491
151492
151493
151494
151495
151496
151498
151499
151500
151501
151502
151602
151603
151604
151605
151606
151607
151608
151609
151610
151611
151612
151613
151614
151615
151616
151617
151618
151619
151620
151621
151622
151623
151624
151625
151626
151627
151628
151629
151630
151632
151633
151634
151635
151636
151637
151638
151639
151640
151641
151642
151643
151644
151645
151646
151647
151648
151649
151650
151651
151652
151653
151654
151656
151657
151658
151659
151660
151661
151662
151663
151664
151665
151666
151667
151668
151669
151670
151671
151672
151673
151675
151676
151677
151678
151679
151779
151780
151781
151783
151784
151785
151786
151787
151788
151789
151790
151791
151792
151794
151795
151796
151797
151798
151799
151800
151801
151802
151803
151804
151806
151807
151808
151809
151810
151811
151812
151813
151814
151815
151816
151817
151818
151819
151820
151821
151822
151823
151824
151825
151826
151827
151828
151829
151830
151831
151832
151833
151834
151835
151836
151837
151838
151839
151840
151842
151843
151844
151845
151846
151847
151848
151850
151851
151951
151952
151953
151955
151956
151957
151958
151960
151961
151962
151963
151964
151965
151966
151967
151968
151969
151970
151971
151972
151973
151974
151975
151976
151977
151978
151979
151980
151981
151982
151983
151984
151985
151986
151987
151988
151989
151990
151991
152091
152092
152093
152094
152095
152096
152097
152098
152099
152100
152101
152102
152103
152104
152105
152106
152107
152108
152109
152110
152111
152113
152114
152115
152116
152117
152118
152119
152120
152121
152122
152123
152124
152125
152126
152127
152128
152129
152130
152131
152132
152133
152134
152135
152136
152137
152138
152139
152140
152141
152142
152143
152144
152145
152146
152147
152148
152149
152151
152152
152153
152155
152156
152158
152159
152160
152162
152163
152164
152165
152166
152167
152168
152169
152170
152171
152172
152173
152174
152175
152176
152177
152178
152179
152180
152181
152182
152183
152184
152185
152186
152187
152188
152189
152190
152192
152193
152194
152195
152196
152296
152297
152298
152299
152300
152301
152302
152303
152304
152305
152306
152307
152308
152309
152310
152311
152312
152313
152314
152315
152316
152317
152318
152319
152320
152321
152322
152323
152325
152326
152327
152328
152329
152330
152331
152332
152333
152334
152335
152336
152337
152338
152339
152340
152341
152342
152343
152344
152444
152445
152446
152447
152448
152449
152450
152451
152452
152453
152454
152455
152456
152457
152458
152459
152460
152461
152462
152463
152464
152465
152466
152467
152468
152469
152470
152471
152472
152473
152474
152475
152476
152477
152479
152481
152482
152483
152583
152584
152585
152586
152587
152588
152590
152591
152592
152593
152594
152595
152596
152597
152598
152599
152600
152604
152605
152606
152607
152608
152609
152629
152631
152632
152633
152634
152635
152636
152637
152638
152639
152640
152641
152642
152643
152644
152645
152646
152647
152648
152649
152650
152651
152652
152653
152654
152655
152656
152657
152658
152659
152661
152662
152663
152664
152665
152666
152667
152668
152669
152670
152671
152672
152673
152674
152675
152676
152677
152678
152680
152681
152682
152683
152684
152685
152686
152687
152688
152689
152690
152691
152692
152693
152694
152695
152696
152697
152698
152699
152700
152701
152702
152703
152704
152705
152706
152707
152708
152709
152710
152711
152712
152713
152714
152715
152716
152718
152719
152720
152721
152723
152724
152725
152726
152727
152728
152729
152730
152731
152732
152733
152734
152735
152736
152737
152738
152739
152740
152741
152742
152743
152843
152844
152845
152847
152848
152849
152850
152851
152852
152853
152854
152855
152856
152857
152858
152878
152879
152880
152881
152882
152883
152884
152886
152887
152888
152889
152890
152891
152892
152893
152894
152895
152896
152897
152898
152899
152900
152901
152902
152903
152904
152905
152906
152907
152908
152909
152910
152911
152912
152913
152914
152915
152916
152917
152918
152919
152920
152924
152925
152926
152927
152928
152929
152930
152931
152932
152933
153033
153035
153036
153037
153038
153039
153040
153041
153042
153043
153044
153045
153046
153047
153048
153049
153050
153051
153052
153053
153054
153055
153056
153057
153058
153059
153159
153160
153161
153162
153163
153164
153165
153166
153167
153168
153169
153170
153173
153174
153175
153176
153177
153178
153179
153180
153181
153182
153183
153184
153185
153188
153189
153191
153192
153193
153194
153195
153196
153197
153198
153199
153200
153201
153202
153203
153303
153304
153305
153306
153307
153308
153310
153311
153312
153313
153314
153315
153316
153317
153318
153319
153320
153321
153322
153323
153324
153325
153326
153327
153328
153329
153330
153334
153335
153336
153337
153338
153339
153340
153341
153342
153343
153344
153345
153346
153347
153348
153349
153350
153351
153352
153353
153354
153355
153356
153357
153358
153359
153360
153361
153362
153363
153364
153365
153366
153367
153368
153370
153371
153372
153373
153374
153375
153376
153377
153378
153379
153380
153381
153382
153383
153384
153385
153386
153387
153389
153390
153391
153392
153393
153394
153395
153396
153397
153398
153399
153400
153401
153433
153451
153452
153453
153454
153455
153456
153457
153458
153459
153460
153461
153462
153463
153464
153465
153466
153467
153468
153469
153470
153471
153472
153473
153474
153475
153476
153478
153479
153482
153483
153484
153487
153488
153489
153490
153491
153492
153493
153494
153495
153496
153497
153498
153508
153510
153511
153512
153514
153516
153517
153518
153519
153521
153522
153523
153524
153525
153526
153527
153528
153529
153530
153531
153532
153533
153534
153537
153538
153539
153545
153546
153547
153548
153549
153550
153551
153552
153553
153556
153557
153558
153559
153560
153561
153562
153563
153564
153565
153566
153567
153568
153569
153570
153571
153572
153573
153574
153575
153581
153582
153585
153587
153588
153589
153590
153591
153593
153594
153595
153596
153597
153598
153599
153600
153602
153603
153604
153605
153606
153607
153608
153610
153611
153612
153613
153614
153615
153616
153618
153619
153620
153621
153622
153623
153632
153633
153634
153635
153636
153637
153638
153639
153641
153642
153643
153644
153645
153646
153647
153648
153649
153654
153655
153656
153657
153658
153659
153660
153661
153662
153663
153664
153667
153668
153669
153670
153671
153672
153673
153674
153680
153681
153682
153683
153684
153685
153686
153687
153688
153689
153690
153691
153692
153693
153694
153695
153696
153697
153698
153699
153700
153706
153707
153708
153709
153710
153711
153712
153713
153714
153715
153716
153717
153719
153720
153721
153725
153726
153727
153729
153730
153731
153732
153733
153735
153736
153737
153738
153739
153740
153741
153743
153744
153745
153746
153747
153748
153749
153750
153751
153752
153754
153755
153756
153757
153758
153759
153760
153761
153762
153764
153765
153766
153767
153770
153771
153772
153773
153774
153775
153776
153777
153778
153779
153780
153781
153782
153783
153784
153786
153787
153788
153789
153790
153791
153792
153793
153794
153795
153796
153798
153800
153801
153808
153809
153810
153812
153813
153814
153815
153816
153819
153820
153821
153822
153826
153827
153828
153832
153833
153834
153835
153836
153837
153838
153841
153842
153843
153844
153845
153847
153848
153850
153851
153853
153854
153855
153856
153857
153859
153861
153862
153863
153864
153865
153866
153867
153869
153870
153871
153872
153876
153878
153879
153880
153881
153882
153883
153884
153885
153886
153887
153891
153892
153893
153894
153895
153897
153898
153899
153900
153901
153902
153903
153905
153906
153907
153908
153909
153910
153911
153912
153913
153914
153917
153918
153921
153926
153928
153929
153930
153931
153932
153933
153934
153935
153936
153937
153941
153943
153944
153945
153947
153948
153949
153952
153953
153954
153955
153958
153960
153964
153965
153966
153967
153968
153969
153970
153971
153972
153973
153974
153975
153976
153977
153978
153979
153980
153981
153982
153984
153985
153989
153990
153991
153992
153993
153994
153995
153996
153997
153998
153999
154000
154001
154002
154003
154005
154006
154007
154009
154010
154011
154014
154015
154016
154019
154020
154021
154022
154023
154024
154029
154031
154032
154033
154034
154035
154036
154037
154038
154039
154040
154042
154043
154045
154046
154047
154048
154049
154050
154051
154053
154054
154055
154056
154057
154058
154059
154062
154063
154064
154065
154066
154067
154068
154070
154071
154072
154074
154076
154077
154079
154080
154081
154082
154083
154084
154085
154086
154087
154088
154089
154090
154091
154092
154094
154096
154097
154098
154099
154100
154101
154102
154103
154104
154105
154107
154108
154109
154110
154111
154112
154113
154114
154115
154116
154117
154118
154119
154120
154121
154122
154124
154125
154126
154127
154128
154130
154131
154132
154133
154134
154136
154139
154141
154142
154143
154144
154145
154147
154148
154150
154151
154152
154155
154156
154157
154158
154159
154160
154161
154162
154163
154164
154166
154167
154168
154169
154170
154172
154173
154174
154175
154176
154177
154178
154179
154180
154181
154182
154183
154184
154185
154186
154188
154189
154190
154191
154192
154193
154194
154195
154198
154199
154200
154201
154204
154205
154206
154207
154208
154209
154210
154212
154213
154214
154215
154216
154217
154219
154220
154221
154222
154223
154224
154226
154227
154228
154229
154230
154231
154232
154233
154234
154235
154236
154237
154238
154240
154241
154242
154243
154244
154245
154246
154247
154248
154249
154250
154251
154252
154253
154254
154255
154256
154257
154258
197841
198304
200351
203023
203112
203888
206368
207420
208188
215129
219814
262144
262145
262146
262147
262148
262149
262150
262151
262152
262153
262154
262155
262156
262157
262158
262159
262160
262161
262162
262164
262166
262167
262168
262169
262170
262171
262172
262174
262175
262176
262177
262178
262179
262180
262181
262182
262183
262184
262185
262186
262187
262188
262189
262190
262191
262192
262194
262195
262196
262197
262198
262199
262201
262202
262203
262204
262205
262206
262207
262208
262210
262211
262212
262213
262214
262215
262216
262217
262218
262219
262220
262221
262222
262223
262224
262225
262226
262227
262228
262229
262230
262231
262233
262234
262235
262236
262237
262238
262239
262240
262241
262242
262243
262245
262246
262247
262248
262249
262250
262252
262253
262255
262256
262257
262258
262259
262261
262262
262264
262265
262266
262268
262269
262272
262273
262274
262275
262276
262277
262278
262280
262281
262282
262283
262285
262286
262287
262288
262289
262290
262293
262294
262295
262296
262297
262298
262299
262300
262301
262302
262303
262304
262306
262307
262309
262310
262311
262312
262313
262315
262316
262317
262320
262321
262322
262323
262324
262325
262328
262329
262331
262332
262334
262335
262338
262342
262343
262344
262345
262346
262347
262349
262351
262352
262354
262355
262356
262357
262360
262361
262362
262363
262364
262365
262366
262367
262369
262371
262373
262374
262376
262378
262379
262380
262381
262382
262383
262385
262387
262388
262389
262390
262391
262393
262394
262395
262397
262399
262401
262402
262403
262404
262405
262406
262407
262408
262409
262411
262412
262413
262414
262415
262416
262417
262418
262420
262422
262423
262424
262426
262427
262428
262430
262431
262432
262433
262434
262435
262436
262437
262438
262439
262441
262442
262444
262445
262446
262447
262448
262449
262450
262451
262452
262453
262454
262455
262456
262457
262458
262459
262460
262462
262463
262465
262468
262469
262470
262473
262474
262475
262476
262477
262478
262480
262481
262482
262483
262485
262486
262487
262490
262491
262492
262494
262496
262497
262498
262499
262500
262501
262502
262503
262504
262505
262506
262507
262508
262511
262512
262513
262514
262515
262516
262517
262518
262519
262520
262521
262523
262524
262526
262527
262529
262530
262531
262532
262533
262534
262535
262536
262539
262540
262541
262542
262543
262544
262545
262546
262547
262548
262549
262550
262551
262552
262557
262558
262559
262560
262562
262565
262566
262567
262568
262570
262571
262572
262573
262574
262575
262576
262577
262578
262579
262580
262581
262582
262583
262584
262585
262586
262587
262588
262589
262590
262591
262593
262594
262595
262596
262597
262598
262600
262601
262603
262604
262605
262606
262608
262609
262610
262611
262612
262613
262614
262615
262616
262617
262620
262621
262622
262623
262624
262625
262626
262628
262629
262630
262632
262633
262634
262637
262638
262639
262642
262643
262644
262645
262648
262649
262651
262652
262653
262654
262655
262657
262659
262661
262662
262663
262664
262666
262667
262668
262669
262671
262672
262673
262674
262675
262676
262679
262684
262685
262686
262687
262688
262689
262690
262691
262693
262694
262695
262696
262698
262699
262700
262702
262706
262708
262709
262710
262711
262712
262713
262714
262715
262720
262722
262724
262725
262727
262728
262729
262731
262734
262737
262738
262739
262740
262741
262742
262744
262747
262749
262751
262753
262754
262755
262756
262757
262758
262760
262761
262762
262763
262764
262765
262766
262767
262768
262769
262770
262772
262773
262775
262777
262778
262779
262781
262782
262783
262784
262785
262786
262787
262790
262791
262792
262794
262796
262797
262798
262799
262800
262801
262803
262805
262807
262808
262809
262811
262812
262813
262814
262815
262817
262818
262820
262821
262822
262824
262825
262826
262828
262829
262830
262831
262832
262834
262836
262837
262839
262841
262842
262844
262845
262846
262847
262851
262852
262854
262855
262856
262857
262861
262863
262865
262866
262867
262868
262869
262872
262873
262875
262876
262878
262879
262880
262881
262882
262885
262886
262887
262888
262889
262890
262891
262893
262895
262896
262897
262898
262899
262901
262903
262905
262906
262907
262908
262909
262911
262912
262913
262914
262916
262920
262921
262922
262923
262924
262925
262926
262927
262928
262929
262930
262931
262932
262933
262934
262935
262936
262937
262938
262940
262942
262944
262945
262947
262948
262949
262952
262953
262954
262955
262957
262958
262959
262960
262962
262963
262965
262966
262967
262968
262970
262972
262973
262974
262975
262977
262978
262979
262981
262982
262985
262986
262988
262989
262990
262991
262993
262994
262995
262996
262997
262998
262999
263002
263003
263004
263005
263006
263007
263008
263009
263010
263011
263012
263014
263015
263016
263018
263019
263020
263022
263023
263024
263025
263026
263027
263028
263029
263031
263032
263033
263034
263035
263036
263038
263039
263040
263041
263042
263043
263044
263045
263047
263048
263049
263050
263053
263055
263056
263057
263058
263059
263060
263061
263062
263063
263065
263066
263067
263069
263071
263072
263073
263075
263076
263077
263078
263080
263081
263083
263084
263085
263086
263087
263088
263089
263090
263093
263094
263095
263096
263097
263098
263099
263101
263102
263103
263104
263105
263106
263108
263109
263110
263111
263112
263114
263115
263116
263117
263118
263119
263120
263121
263122
263123
263124
263126
263127
263128
263129
263131
263133
263134
263135
263136
263137
263138
263139
263140
263141
263142
263143
263144
263145
263146
263147
263148
263149
263150
263151
263152
263153
263154
263155
263156
263157
263158
263159
263162
263163
263165
263167
263169
263170
263172
263173
263174
263175
263176
263177
263178
263179
263180
263181
263182
263183
263184
263185
263186
263187
263189
263190
263191
263192
263193
263194
263195
263196
263197
263198
263199
263200
263201
263202
263204
263205
263206
263208
263209
263210
263212
263213
263214
263215
263216
263217
263218
263219
263220
263221
263222
263223
263224
263226
263227
263228
263229
263230
263231
263232
263233
263234
263235
263236
263237
263238
263239
263240
263241
263242
263243
263244
263245
263246
263247
263248
263249
263250
263251
263252
263253
263255
263256
263257
263258
263259
263261
263262
263263
263264
263265
263266
263267
263268
263269
263270
263271
263273
263274
263275
263276
263277
263278
263279
263280
263281
263282
263283
263284
263285
263286
263287
263289
263290
263291
263292
263293
263294
263295
263297
263299
263300
263301
263302
263303
263304
263305
263307
263308
263309
263310
263311
263312
263313
263317
263318
263319
263320
263321
263322
263324
263325
263326
263327
263328
263329
263330
263331
263332
263333
263335
263336
263337
263338
263339
263340
263341
263342
263343
263344
263345
263346
263347
263348
263349
263350
263351
263352
263353
263355
263356
263357
263358
263359
263360
263362
263363
263364
263365
263369
263370
263371
263372
263374
263375
263376
263377
263378
263380
263381
263382
263383
263384
263385
263387
263389
263390
263393
263394
263395
263396
263398
263399
263400
263402
263403
263404
263405
263406
263407
263408
263410
263411
263413
263415
263417
263418
263419
263420
263421
263422
263424
263425
263427
263428
263429
263431
263432
263433
263434
263435
263436
263437
263438
263439
263440
263441
263442
263443
263444
263445
263446
263449
263450
263452
263453
263454
263455
263456
263457
263458
263459
263461
263462
263464
263465
263466
263467
263468
263469
263470
263471
263472
263473
263474
263475
263476
263477
263478
263479
263480
263481
263482
263483
263484
263485
263486
263487
263488
263491
263492
263493
263494
263495
263496
263497
263498
263499
263500
263501
263502
263506
263507
263508
263509
263511
263512
263513
263514
263515
263516
263517
263518
263519
263520
263521
263522
263524
263525
263526
263527
263528
263530
263532
263533
263534
263535
263536
263537
263538
263539
263540
263541
263543
263544
263545
263546
263547
263548
263549
263550
263551
263553
263554
263555
263556
263558
263559
263560
263561
263562
263563
263566
263567
263568
263569
263570
263571
263573
263574
263575
263576
263577
263578
263579
263580
263582
263583
263584
263585
263586
263587
263588
263589
263590
263591
263592
263594
263595
263596
263598
263599
263600
263601
263602
263603
263604
263605
263606
263608
263609
263610
263611
263612
263613
263614
263615
263616
263617
263618
263620
263621
263623
263624
263625
263626
263627
263628
263629
263630
263631
263633
263634
263635
263636
263637
263638
263639
263641
263642
263643
263644
263645
263647
263648
263649
263650
263651
263652
263656
263657
263659
263660
263661
263662
263663
263664
263665
263666
263667
263668
263670
263671
263672
263673
263674
263675
263676
263677
263680
263681
263683
263684
263685
263686
263687
263688
263689
263690
263691
263692
263693
263694
263695
263697
263698
263699
263700
263701
263702
263703
263704
263706
263707
263708
263709
263710
263711
263712
263713
263714
263715
263716
263717
263718
263719
263720
263721
263722
263723
263724
263725
263726
263727
263728
263729
263730
263731
263732
263735
263736
263737
263738
263739
263740
263741
263742
263743
263744
263746
263748
263749
263750
263751
263752
263753
263754
263755
263756
263757
263758
263759
263760
263761
263762
263763
263764
263765
263766
263767
263768
263769
263770
263771
263772
263773
263774
263775
263776
263777
263778
263779
263780
263781
263782
263783
263784
263785
263786
263787
263789
263790
263791
263792
263793
263794
263795
263796
263798
263799
263800
263801
263802
263804
263805
263806
263807
263808
263809
263810
263811
263812
263813
263814
263815
263816
263817
263818
263819
263820
263821
263822
263823
263824
263825
263826
263827
263829
263830
263831
263832
263833
263834
263835
263836
263838
263840
263841
263842
263843
263844
263845
263846
263847
263848
263849
263850
263852
263853
263855
263857
263858
263859
263860
263861
263863
263864
263866
263867
263868
263869
263870
263873
263874
263876
263877
263878
263879
263880
263881
263882
263884
263885
263886
263887
263888
263889
263890
263891
263892
263897
263898
263900
263902
263903
263904
263905
263906
263907
263908
263909
263910
263911
263912
263913
263914
263915
263917
263918
263919
263920
263921
263922
263924
263925
263926
263927
263928
263929
263930
263931
263932
263934
263935
263936
263937
263939
263940
263941
263942
263943
263944
263945
263946
263947
263948
263949
263950
263951
263952
263953
263955
263956
263957
263958
263959
263960
263961
263962
263963
263965
263966
263967
263968
263969
263970
263972
263973
263974
263975
263976
263977
263979
263980
263981
263982
263983
263984
263985
263987
263988
263989
263990
263991
263992
263993
263994
263995
263997
263998
264000
264001
264002
264003
264004
264005
264007
264008
264009
264010
264011
264012
264013
264014
264015
264017
264019
264020
264021
264022
264023
264024
264025
264027
264029
264030
264032
264033
264035
264036
264037
264040
264041
264042
264043
264044
264045
264046
264047
264048
264049
264050
264051
264053
264054
264055
264056
264058
264059
264061
264062
264063
264064
264065
264066
264067
264068
264069
264070
264071
264072
264074
264075
264076
264077
264078
264079
264080
264083
264086
264087
264088
264089
264090
264091
264092
264093
264094
264095
264096
264099
264100
264101
264102
264103
264104
264105
264106
264108
264110
264111
264112
264114
264116
264117
264118
264119
264120
264123
264124
264125
264126
264127
264128
264129
264130
264133
264134
264135
264136
264137
264138
264139
264141
264144
264145
264146
264147
264148
264150
264152
264153
264155
264157
264158
264159
264160
264161
264162
264163
264164
264166
264167
264168
264169
264170
264172
264173
264174
264177
264178
264180
264181
264182
264185
264186
264189
264190
264191
264192
264193
264194
264195
264196
264197
264198
264200
264201
264202
264203
264204
264205
264206
264207
264208
264209
264210
264211
264212
264213
264214
264215
264216
264217
264220
264221
264223
264224
264225
264226
264227
264228
264229
264230
264231
264232
264233
264234
264235
264236
264237
264238
264239
264241
264242
264244
264246
264247
264248
264249
264250
264251
264254
264255
264256
264257
264258
264259
264260
264261
264262
264263
264264
264266
264267
264268
264269
264270
264271
264273
264274
264275
264278
264280
264281
264283
264284
264285
264286
264288
264289
264291
264293
264294
264295
264296
264297
264298
264299
264300
264301
264302
264304
264308
264309
264310
264311
264312
264313
264315
264316
264318
264319
264320
264321
264322
264323
264324
264326
264327
264328
264329
264331
264332
264333
264334
264336
264337
264338
264339
264340
264341
264342
264343
264344
264345
264346
264348
264350
264351
264353
264354
264355
264356
264358
264359
264360
264363
264366
264367
264368
264369
264370
264372
264373
264374
264375
264377
264378
264380
264381
264384
264385
264386
264387
264389
264391
264392
264393
264396
264397
264398
264400
264401
264402
264403
264404
264406
264407
264409
264411
264412
264413
264414
264415
264416
264420
264421
264422
264423
264424
264425
264426
264427
264428
264429
264430
264432
264433
264434
264435
264436
264437
264439
264440
264441
264442
264443
264444
264446
264448
264449
264450
264451
264452
264453
264454
264455
264456
264458
264459
264460
264461
264462
264463
264464
264465
264466
264467
264468
264469
264470
264471
264472
264473
264474
264475
264476
264477
264479
264481
264482
264483
264484
264485
264487
264489
264490
264491
264492
264494
264495
264496
264497
264498
264500
264503
264506
264507
264508
264509
264510
264511
264512
264513
264514
264516
264517
264518
264519
264520
264521
264522
264523
264524
264525
264526
264527
264528
264529
264530
264531
264533
264534
264536
264537
264539
264540
264541
264542
264543
264544
264545
264547
264548
264549
264550
264551
264552
264553
264554
264555
264556
264557
264559
264561
264562
264564
264565
264566
264567
264568
264569
264570
264571
264573
264574
264576
264577
264578
264579
264580
264581
264582
264583
264584
264586
264587
264588
264589
264590
264591
264592
264594
264595
264596
264597
264598
264599
264602
264603
264604
264605
264606
264607
264608
264609
264610
264611
264612
264613
264614
264615
264616
264617
264618
264619
264620
264621
264622
264623
264624
264625
264626
264627
264628
264629
264630
264631
264633
264634
264635
264636
264637
264638
264639
264640
264641
264642
264643
264644
264645
264646
264647
264648
264649
264650
264651
264652
264653
264654
264655
264656
264657
264658
264659
264660
264661
264662
264663
264664
264665
264666
264667
264668
264669
264670
264671
264672
264673
264674
264675
264676
264678
264679
264680
264681
264682
264683
264684
264685
264686
264687
264688
264689
264690
264691
264692
264693
264694
264695
264696
264697
264699
264700
264701
264702
264704
264705
264706
264707
264708
264710
264712
264713
264714
264715
264716
264717
264718
264719
264720
264721
264722
264723
264724
264725
264726
264727
264728
264729
264730
264731
264732
264733
264734
264735
264736
264737
264738
264739
264740
264741
264742
264743
264744
264745
264746
264747
264748
264749
264750
264751
264752
264753
264754
264756
264757
264758
264759
264760
264761
264762
264763
264764
264765
264766
264767
264768
264769
264770
264771
264773
264774
264775
264776
264778
264779
264780
264781
264782
264783
264784
264785
264786
264787
264788
264789
264790
264791
264792
264793
264794
264795
264796
264797
264798
264799
264800
264801
264802
264803
264804
264805
264806
264807
264808
264809
264810
264811
264812
264813
264814
264815
264817
264818
264819
264820
264821
264822
264823
264824
264825
264826
264827
264828
264829
264830
264831
264832
264834
264835
264836
264837
264838
264840
264841
264842
264843
264844
264845
264846
264847
264848
264849
264850
264851
264852
264853
264854
264855
264856
264857
264858
264859
264861
264862
264863
264864
264865
264866
264867
264868
264869
264870
264871
264872
264874
264876
264878
264879
264880
264881
264882
264883
264885
264886
264887
264888
264889
264890
264891
264892
264893
264894
264895
264897
264898
264899
264900
264901
264902
264903
264906
264908
264909
264910
264911
264912
264913
264914
264915
264916
264917
264918
264919
264920
264921
264923
264924
264926
264927
264928
264929
264930
264931
264932
264933
264934
264935
264936
264937
264938
264939
264940
264941
264942
264943
264944
264946
264947
264948
264949
264952
264953
264954
264955
264956
264957
264958
264959
264960
264961
264962
264963
264964
264965
264966
264967
264968
264969
264970
264971
264972
264973
264974
264975
264976
264978
264979
264980
264982
264983
264984
264985
264986
264987
264988
264989
264990
264991
264992
264993
264995
264996
264997
264998
264999
265000
265003
265004
265005
265006
265007
265008
265009
265010
265011
265014
265015
265016
265017
265018
265019
265020
265021
265022
265023
265024
265025
265026
265027
265028
265029
265032
265033
265034
265035
265036
265037
265038
265040
265041
265042
265043
265044
265045
265046
265049
265050
265051
265052
265053
265054
265055
265056
265058
265059
265060
265061
265062
265063
265064
265065
265066
265067
265070
265071
265072
265073
265077
265078
265079
265080
265081
265082
265083
265084
265085
265086
265087
265088
265090
265091
265092
265093
265094
265095
265096
265097
265098
265099
265100
265101
265102
265103
265104
265106
265107
265109
265111
265112
265113
265114
265116
265117
265118
265119
265121
265122
265124
265125
265126
265127
265128
265129
265130
265131
265132
265133
265135
265136
265137
265138
265139
265140
265141
265142
265143
265144
265146
265147
265148
265149
265150
265151
265152
265153
265157
265158
265160
265161
265162
265163
265164
265165
265166
265168
265169
265170
265171
265172
265173
265174
265175
265176
265177
265178
265179
265180
265181
265182
265183
265185
265186
265187
265188
265189
265190
265191
265192
265193
265194
265197
265198
265199
265201
265202
265203
265204
265205
265207
265210
265212
265213
265214
265215
265217
265218
265219
265220
265221
265222
265223
265224
265225
265226
265227
265229
265230
265231
265232
265234
265235
265236
265237
265238
265239
265240
265242
265243
265244
265245
265246
265247
265249
265250
265254
265255
265256
265257
265258
265259
265260
265261
265262
265263
265264
265265
265266
265267
265268
265269
265270
265271
265272
265273
265274
265275
265276
265277
265278
265279
265280
265281
265282
265283
265284
265285
265286
265287
265288
265289
265290
265291
265292
265293
265294
265295
265296
265298
265300
265301
265302
265303
265304
265305
265306
265307
265308
265309
265310
265311
265312
265313
265314
265315
265317
265319
265320
265321
265322
265323
265324
265325
265326
265328
265329
265330
265331
265332
265334
265335
265336
265337
265338
265339
265340
265341
265342
265344
265345
265346
265348
265349
265350
265351
265353
265354
265355
265356
265358
265359
265360
265362
265363
265364
265365
265366
265367
265369
265370
265372
265374
265375
265376
265377
265378
265379
265380
265382
265383
265384
265385
265386
265387
265388
265389
265390
265391
265392
265393
265394
265395
265396
265397
265398
265400
265401
265403
265404
265405
265406
265407
265408
265409
265410
265411
265412
265415
265417
265418
265419
265420
265421
265423
265424
265425
265426
265427
265428
265429
265430
265431
265432
265433
265434
265435
265436
265437
265438
265439
265440
265442
265443
265446
265447
265448
265449
265450
265451
265453
265455
265456
265457
265458
265460
265461
265462
265463
265464
265465
265466
265467
265468
265471
265472
265473
265474
265475
265476
265477
265478
265479
265480
265481
265482
265483
265484
265485
265486
265487
265488
265490
265491
265492
265493
265495
265496
265497
265499
265500
265501
265502
265503
265504
265505
265506
265508
265509
265510
265511
265512
265513
265514
265515
265517
265518
265519
265520
265521
265523
265524
265525
265526
265527
265529
265530
265531
265533
265534
265535
265538
265539
265540
265541
265542
265545
265546
265547
265548
265549
265550
265551
265552
265553
265554
265555
265556
265559
265560
265561
265562
265564
265565
265566
265567
265568
265569
265570
265571
265572
265573
265574
265575
265576
265577
265578
265579
265580
265581
265582
265583
265584
265585
265586
265587
265588
265589
265590
265591
265592
265593
265594
265595
265596
265598
265599
265600
265601
265602
265603
265604
265605
265606
265607
265608
265609
265610
265611
265612
265613
265614
265615
265616
265617
265618
265619
265620
265621
265622
265623
265624
265625
265626
265627
265628
265629
265630
265631
265632
265633
265634
265635
265636
265637
265638
265639
265640
265641
265642
265643
265644
265645
265646
265647
265648
265650
265651
265652
265653
265654
265655
265656
265657
265658
265659
265660
265661
265662
265663
265665
265666
265667
265668
265669
265670
265671
265672
265673
265674
265675
265676
265677
265678
265679
265680
265682
265683
265684
265685
265686
265687
265688
265689
265690
265691
265692
265693
265694
265695
265696
265697
265698
265699
265700
265701
265702
265703
265704
265705
265706
265707
265708
265709
265711
265712
265713
265714
265715
265717
265719
265720
265721
265722
265723
265724
265725
265727
265728
265729
265730
265731
265732
265733
265734
265735
265736
265737
265738
265739
265740
265741
265742
265743
265744
265745
265746
265748
265749
265750
265751
265752
265753
265754
265755
265756
265757
265758
265759
265760
265761
265762
265763
265765
265766
265767
265768
265769
265770
265771
265772
265773
265774
265775
265776
265777
265778
265779
265780
265781
265783
265784
265785
265786
265787
265788
265790
265791
265792
265793
265794
265795
265796
265797
265798
265799
265800
265801
265802
265803
265804
265805
265806
265807
265808
265809
265810
265811
265812
265813
265814
265815
265816
265817
265818
265819
265820
265821
265822
265823
265824
265825
265826
265827
265828
265829
265830
265831
265833
265834
265835
265836
265837
265838
265839
265840
265841
265842
265843
265844
265845
265847
265848
265849
265850
265851
265852
265853
265854
265855
265856
265857
265858
265859
265860
265861
265862
265863
265864
265865
265866
265867
265868
265869
265870
265871
265873
265874
265875
265876
265877
265879
265880
265882
265883
265884
265885
265886
265887
265888
265890
265891
265892
265894
265895
265896
265897
265898
265902
265903
265904
265905
265906
265907
265909
265910
265911
265912
265913
265914
265915
265916
265917
265918
265919
265920
265923
265924
265925
265927
265928
265929
265930
265931
265932
265933
265934
265935
265936
265937
265938
265939
265941
265942
265943
265944
265946
265947
265948
265949
265952
265953
265955
265956
265957
265958
265960
265961
265964
265965
265966
265968
265969
265971
265972
265973
265974
265975
265976
265978
265979
265980
265981
265982
265983
265984
265985
265986
265987
265988
265989
265990
265993
265994
265995
265996
265997
265998
265999
266000
266002
266003
266004
266005
266006
266009
266010
266011
266012
266013
266014
266015
266016
266017
266019
266020
266021
266022
266025
266026
266028
266029
266030
266031
266032
266034
266035
266036
266037
266038
266039
266040
266041
266042
266043
266044
266045
266046
266047
266048
266049
266051
266052
266053
266055
266057
266059
266060
266061
266062
266063
266064
266065
266066
266067
266068
266069
266070
266071
266072
266073
266074
266075
266076
266077
266080
266081
266082
266083
266084
266086
266087
266089
266090
266091
266092
266093
266094
266095
266096
266097
266098
266100
266101
266102
266103
266104
266105
266106
266107
266109
266110
266111
266113
266114
266115
266117
266118
266119
266120
266121
266122
266124
266126
266127
266128
266129
266130
266131
266132
266133
266136
266138
266139
266140
266141
266142
266143
266145
266146
266148
266149
266150
266151
266152
266153
266154
266155
266156
266157
266158
266159
266160
266161
266163
266164
266165
266166
266167
266168
266169
266170
266171
266172
266173
266174
266176
266177
266178
266179
266180
266181
266182
266184
266185
266186
266187
266188
266189
266190
266191
266192
266193
266194
266195
266196
266197
266198
266200
266201
266202
266203
266204
266206
266207
266208
266210
266211
266212
266213
266214
266215
266216
266217
266218
266219
266220
266222
266223
266224
266226
266227
266228
266229
266230
266231
266232
266235
266236
266238
266240
266241
266242
266243
266244
266245
266246
266247
266248
266250
266251
266252
266253
266256
266258
266260
266262
266265
266266
266267
266268
266269
266270
266271
266272
266273
266274
266275
266277
266278
266279
266280
266281
266282
266283
266284
266285
266286
266287
266288
266289
266290
266291
266292
266293
266294
266295
266296
266297
266298
266299
266300
266301
266302
266303
266304
266305
266306
266308
266309
266310
266311
266312
266313
266315
266316
266317
266318
266319
266320
266321
266322
266323
266325
266326
266327
266328
266329
266331
266332
266333
266334
266335
266336
266337
266338
266339
266341
266342
266343
266345
266346
266348
266349
266351
266352
266353
266354
266355
266356
266357
266358
266359
266360
266361
266362
266363
266364
266365
266366
266368
266369
266371
266373
266374
266375
266376
266377
266378
266379
266380
266381
266382
266383
266384
266385
266386
266387
266388
266389
266390
266391
266392
266394
266396
266397
266398
266399
266400
266401
266402
266403
266404
266405
266406
266407
266408
266409
266410
266411
266412
266414
266415
266416
266417
266418
266419
266420
266422
266423
266425
266426
266427
266428
266429
266430
266431
266432
266433
266434
266435
266436
266437
266438
266439
266440
266441
266443
266444
266445
266446
266447
266448
266449
266450
266451
266452
266453
266454
266455
266456
266457
266458
266459
266460
266461
266462
266463
266465
266466
266467
266468
266469
266470
266471
266473
266474
266475
266476
266477
266478
266479
266480
266481
266483
266484
266485
266486
266487
266488
266489
266492
266493
266495
266497
266498
266499
266500
266502
266504
266505
266506
266507
266508
266509
266510
266511
266512
266513
266514
266515
266516
266517
266518
266519
266520
266521
266522
266523
266524
266525
266526
266527
266528
266529
266530
266532
266533
266534
266535
266536
266538
266539
266541
266544
266545
266546
266547
266549
266550
266551
266552
266553
266554
266556
266560
266561
266563
266564
266565
266566
266567
266568
266569
266570
266571
266572
266573
266574
266575
266577
266578
266579
266580
266583
266584
266586
266588
266589
266591
266592
266593
266594
266595
266597
266598
266599
266600
266601
266602
266603
266604
266605
266606
266607
266608
266610
266611
266613
266614
266615
266616
266617
266618
266619
266620
266621
266623
266624
266625
266626
266627
266628
266630
266631
266632
266633
266634
266635
266636
266637
266638
266640
266641
266642
266643
266644
266646
266647
266648
266649
266650
266651
266652
266653
266654
266655
266656
266659
266660
266661
266662
266663
266664
266665
266666
266667
266668
266669
266670
266671
266672
266673
266674
266675
266676
266677
266678
266679
266680
266681
266682
266683
266684
266685
266686
266687
266688
266689
266690
266691
266692
266693
266694
266695
266696
266697
266698
266699
266700
266701
266702
266703
266704
266705
266706
266707
266708
266709
266710
266711
266712
266713
266715
266716
266717
266718
266719
266720
266721
266722
266723
266724
266725
266726
266728
266729
266730
266731
266732
266733
266734
266735
266736
266737
266739
266740
266741
266742
266743
266744
266745
266746
266747
266748
266749
266750
266751
266752
266753
266754
266755
266756
266757
266758
266759
266760
266761
266762
266763
266764
266765
266766
266767
266768
266769
266770
266771
266772
266773
266774
266775
266776
266777
266778
266779
266780
266781
266782
266783
266784
266785
266786
266788
266789
266790
266791
266792
266793
266794
266795
266796
266797
266798
266799
266800
266801
266802
266803
266804
266805
266806
266807
266809
266810
266811
266812
266813
266814
266815
266816
266818
266819
266820
266821
266822
266823
266826
266827
266828
266829
266830
266831
266832
266834
266835
266836
266837
266838
266839
266840
266841
266842
266843
266844
266845
266846
266848
266849
266850
266851
266852
266853
266854
266855
266856
266857
266858
266859
266860
266861
266862
266863
266864
266865
266866
266867
266868
266869
266870
266871
266872
266873
266874
266875
266876
266877
266878
266879
266880
266881
266882
266883
266884
266885
266886
266887
266888
266889
266890
266891
266892
266893
266894
266895
266897
266898
266899
266900
266901
266902
266903
266904
266905
266906
266907
266910
266911
266914
266915
266916
266917
266918
266919
266920
266921
266923
266924
266925
266926
266927
266928
266929
266931
266933
266934
266935
266936
266937
266938
266939
266940
266941
266942
266943
266944
266946
266948
266949
266951
266952
266953
266954
266955
266956
266958
266959
266960
266961
266962
266963
266964
266965
266966
266967
266968
266969
266970
266971
266972
266973
266975
266976
266978
266979
266982
266983
266984
266985
266986
266987
266989
266990
266992
266993
266995
266996
266997
266999
267000
267001
267002
267003
267004
267006
267007
267008
267009
267011
267013
267015
267016
267017
267019
267020
267021
267022
267023
267024
267026
267027
267028
267029
267030
267031
267032
267033
267034
267035
267036
267037
267038
267039
267040
267042
267043
267044
267045
267046
267047
267048
267049
267050
267051
267052
267053
267054
267055
267056
267057
267058
267059
267060
267061
267062
267064
267065
267066
267067
267068
267069
267070
267071
267072
267073
267074
267076
267077
267078
267079
267080
267081
267083
267085
267086
267087
267088
267089
267090
267091
267092
267093
267096
267100
267101
267102
267103
267104
267105
267106
267107
267108
267110
267111
267113
267114
267115
267116
267117
267119
267120
267121
267122
267123
267124
267125
267126
267127
267128
267129
267130
267132
267135
267136
267137
267138
267140
267141
267142
267143
267145
267146
267147
267148
267150
267151
267152
267155
267156
267157
267158
267159
267160
267161
267162
267163
267164
267166
267167
267168
267169
267170
267171
267172
267173
267174
267175
267176
267177
267178
267179
267180
267181
267183
267184
267185
267186
267187
267188
267189
267190
267191
267192
267194
267195
267196
267197
267198
267199
267200
267201
267202
267203
267204
267205
267206
267207
267208
267209
267210
267211
267212
267214
267215
267216
267217
267218
267219
267220
267221
267222
267224
267225
267226
267227
267228
267229
267230
267231
267232
267233
267234
267235
267236
267237
267238
267239
267241
267242
267243
267244
267245
267246
267247
267248
267250
267251
267252
267255
267256
267257
267258
267259
267260
267261
267262
267263
267264
267265
267266
267267
267268
267270
267271
267277
267278
267279
267280
267281
267282
267283
267284
267286
267287
267288
267289
267290
267291
267292
267293
267294
267295
267296
267297
267298
267299
267300
267301
267302
267303
267304
267305
267306
267307
267308
267309
267310
267311
267313
267314
267315
267316
267317
267318
267319
267320
267321
267322
267323
267324
267325
267326
267327
267328
267329
267330
267331
267332
267334
267335
267336
267338
267339
267340
267342
267343
267344
267345
267346
267347
267348
267349
267350
267351
267352
267353
267354
267355
267357
267358
267359
267360
267361
267362
267363
267364
267365
267366
267367
267368
267369
267370
267372
267373
267374
267375
267377
267378
267379
267380
267381
267382
267383
267384
267385
267386
267387
267388
267389
267390
267391
267392
267393
267394
267396
267397
267398
267399
267400
267401
267403
267404
267405
267407
267408
267409
267410
267412
267413
267415
267416
267417
267418
267419
267421
267422
267423
267424
267425
267426
267427
267428
267429
267430
267432
267433
267434
267436
267437
267438
267439
267440
267441
267442
267443
267444
267445
267446
267447
267448
267449
267450
267451
267452
267453
267454
267455
267456
267458
267459
267461
267462
267463
267464
267465
267466
267467
267468
267469
267470
267471
267472
267473
267475
267476
267477
267478
267479
267480
267481
267483
267484
267485
267486
267487
267488
267489
267490
267492
267494
267495
267496
267497
267498
267499
267500
267501
267502
267503
267505
267506
267507
267508
267509
267510
267511
267512
267513
267514
267515
267516
267517
267518
267519
267520
267521
267522
267523
267524
267525
267526
267527
267528
267529
267530
267531
267532
267533
267534
267535
267536
267537
267538
267539
267540
267541
267542
267543
267544
267545
267546
267548
267549
267550
267551
267552
267554
267555
267556
267557
267559
267560
267561
267562
267563
267564
267565
267566
267567
267568
267569
267570
267571
267572
267573
267574
267575
267576
267577
267578
267580
267581
267582
267583
267584
267585
267586
267587
267588
267589
267590
267592
267593
267594
267595
267596
267597
267598
267600
267601
267602
267603
267604
267605
267606
267607
267608
267610
267611
267612
267613
267614
267616
267618
267619
267620
267621
267623
267624
267625
267626
267627
267628
267629
267630
267632
267633
267634
267635
267636
267637
267638
267640
267641
267642
267643
267645
267646
267647
267648
267649
267650
267651
267653
267654
267655
267656
267657
267658
267659
267660
267662
267663
267664
267665
267666
267668
267669
267670
267671
267673
267674
267675
267676
267677
267678
267679
267680
267681
267682
267683
267684
267685
267686
267687
267688
267689
267690
267691
267692
267693
267694
267695
267696
267697
267698
267699
267700
267701
267702
267703
267704
267705
267706
267707
267708
267709
267710
267711
267712
267713
267714
267715
267717
267718
267719
267720
267721
267722
267723
267724
267728
267729
267730
267731
267732
267733
267734
267735
267736
267737
267738
267739
267740
267741
267742
267743
267744
267745
267746
267747
267748
267749
267750
267751
267752
267753
267755
267756
267757
267758
267759
267760
267761
267762
267763
267764
267765
267766
267767
267768
267769
267770
267771
267772
267773
267774
267775
267776
267777
267778
267779
267781
267782
267783
267784
267785
267786
267787
267788
267789
267790
267791
267792
267793
267794
267795
267796
267797
267798
267799
267800
267801
267802
267803
267804
267807
267808
267809
267810
267811
267812
267813
267814
267815
267816
267817
267818
267819
267820
267821
267822
267823
267824
267825
267826
267827
267828
267829
267830
267831
267832
267833
267834
267835
267836
267837
267838
267839
267840
267841
267842
267843
267844
267845
267846
267847
267848
267849
267850
267851
267852
267853
267854
267855
267856
267857
267858
267859
267860
267861
267862
267863
267864
267865
267866
267867
267868
267869
267870
267871
267872
267873
267874
267875
267876
267877
267878
267879
267880
267881
267882
267883
267885
267887
267888
267889
267890
267891
267892
267893
267894
267895
267896
267897
267898
267899
267900
267901
267902
267903
267904
267905
267906
267907
267908
267909
267910
267912
267913
267914
267915
267916
267917
267918
267919
267920
267921
267923
267924
267925
267926
267927
267928
267929
267930
267931
267932
267933
267934
267935
267936
267937
267938
267939
267940
267941
267942
267943
267944
267945
267946
267949
267950
267951
267952
267953
267954
267955
267956
267957
267959
267960
267961
267962
267963
267964
267965
267966
267969
267970
267971
267972
267973
267974
267975
267976
267978
267979
267980
267981
267982
267983
267984
267985
267986
267987
267988
267990
267991
267992
267993
267994
267995
267997
267998
267999
268001
268002
268003
268004
268005
268006
268007
268008
268009
268011
268013
268014
268015
268016
268017
268018
268019
268020
268021
268022
268023
268024
268026
268027
268028
268029
268030
268031
268032
268033
268034
268035
268036
268037
268038
268039
268040
268041
268042
268043
268044
268045
268046
268047
268048
268049
268050
268051
268052
268054
268055
268056
268057
268058
268059
268060
268061
268062
268063
268064
268065
268066
268067
268068
268069
268070
268071
268072
268073
268074
268075
268076
268077
268078
268079
268080
268081
268082
268083
268084
268085
268086
268087
268088
268089
268091
268092
268093
268094
268095
268096
268097
268098
268099
268100
268101
268102
268103
268104
268105
268106
268107
268108
268109
268110
268111
268112
268113
268114
268115
268116
268117
268118
268119
268120
268122
268123
268124
268125
268126
268127
268128
268129
268130
268131
268132
268134
268135
268136
268137
268138
268139
268140
268141
268142
268143
268144
268145
268146
268147
268148
268149
268150
268151
268153
268154
268155
268156
268157
268158
268159
268160
268161
268162
268163
268164
268165
268166
268168
268170
268171
268172
268173
268174
268175
268176
268177
268178
268179
268180
268181
268182
268183
268184
268185
268186
268188
268189
268190
268191
268192
268193
268194
268195
268196
268197
268198
268199
268200
268201
268202
268203
268205
268206
268207
268208
268209
268210
268211
268213
268214
268215
268216
268217
268218
268219
268220
268221
268222
268224
268226
268227
268229
268230
268231
268232
268233
268234
268235
268237
268238
268239
268240
268241
268242
268243
268244
268245
268246
268247
268248
268249
268250
268251
268252
268253
268254
268255
268256
268257
268258
268261
268262
268263
268264
268265
268267
268268
268269
268271
268272
268273
268274
268275
268276
268277
268278
268280
268281
268283
268284
268285
268286
268287
268288
268289
268290
268291
268292
268293
268294
268295
268296
268297
268298
268299
268300
268302
268303
268304
268305
268306
268307
268308
268310
268311
268312
268313
268314
268316
268317
268318
268319
268320
268321
268323
268324
268325
268327
268328
268329
268330
268331
268334
268335
268336
268337
268339
268341
268342
268343
268344
268346
268347
268348
268349
268350
268351
268352
268353
268354
268355
268356
268357
268359
268360
268361
268362
268364
268365
268366
268367
268368
268369
268371
268372
268373
268374
268375
268376
268377
268378
268379
268380
268381
268383
268384
268385
268388
268389
268390
268391
268392
268393
268394
268395
268396
268397
268398
268399
268400
268401
268402
268403
268404
268405
268406
268407
268408
268409
268410
268411
268412
268413
268415
268417
268418
268420
268421
268422
268423
268424
268425
268426
268429
268430
268431
268432
268433
268434
268435
268436
268437
268438
268439
268440
268441
268443
268444
268445
268446
268447
268448
268449
268450
268451
268452
268453
268454
268455
268456
268458
268459
268460
268462
268463
268464
268465
268466
268467
268468
268469
268470
268471
268473
268474
268475
268477
268478
268479
268480
268481
268482
268483
268484
268485
268487
268488
268490
268492
268493
268494
268496
268497
268498
268499
268500
268502
268503
268504
268505
268506
268507
268508
268509
268510
268511
268512
268513
268514
268515
268516
268517
268518
268519
268521
268522
268523
268525
268526
268527
268528
268529
268531
268532
268533
268535
268536
268537
268538
268539
268540
268541
268543
268544
268545
268546
268547
268548
268549
268550
268551
268552
268553
268554
268556
268557
268558
268559
268560
268562
268563
268564
268565
268568
268569
268570
268571
268572
268573
268574
268576
268577
268578
268579
268580
268581
268582
268584
268585
268586
268587
268588
268589
268590
268592
268593
268594
268595
268596
268597
268598
268599
268600
268601
268602
268604
268605
268606
268607
268608
268609
268610
268611
268612
268613
268615
268616
268617
268618
268620
268621
268622
268623
268624
268625
268626
268627
268628
268631
268632
268633
268635
268636
268637
268639
268640
268641
268642
268643
268644
268645
268646
268647
268648
268649
268650
268651
268653
268654
268655
268656
268657
268658
268659
268660
268661
268663
268664
268665
268667
268668
268669
268670
268671
268673
268674
268675
268676
268677
268678
268679
268681
268682
268683
268684
268685
268686
268687
268688
268689
268690
268692
268693
268695
268696
268697
268698
268699
268700
268701
268702
268703
268704
268705
268707
268708
268710
268711
268712
268713
268714
268715
268716
268717
268718
268720
268721
268722
268725
268726
268727
268728
268729
268730
268731
268732
268733
268735
268736
268737
268738
268739
268740
268741
268742
268743
268744
268745
268746
268747
268748
268749
268750
268751
268753
268754
268755
268757
268758
268759
268760
268762
268763
268764
268765
268766
268768
268770
268771
268773
268774
268775
268778
268779
268781
268782
268783
268784
268785
268786
268787
268788
268789
268790
268791
268792
268793
268794
268795
268796
268797
268798
268800
268801
268802
268803
268804
268805
268806
268807
268808
268809
268810
268811
268812
268813
268814
268815
268816
268817
268818
268819
268821
268822
268823
268824
268825
268826
268827
268828
268829
268830
268831
268832
268833
268835
268836
268837
268838
268839
268840
268841
268842
268843
268844
268845
268846
268847
268848
268849
268850
268852
268854
268855
268858
268860
268862
268863
268864
268865
268866
268867
268868
268869
268870
268872
268873
268874
268875
268876
268878
268879
268880
268881
268882
268883
268884
268885
268886
268887
268888
268889
268890
268892
268893
268896
268897
268898
268899
268900
268901
268902
268903
268904
268905
268907
268908
268909
268910
268911
268912
268913
268914
268915
268916
268917
268919
268920
268921
268923
268924
268925
268926
268927
268928
268929
268930
268932
268933
268934
268935
268936
268937
268938
268939
268940
268941
268942
268943
268944
268945
268946
268947
268948
268949
268950
268952
268953
268954
268955
268956
268957
268958
268959
268960
268961
268962
268963
268964
268966
268967
268968
268969
268970
268971
268972
268973
268974
268975
268976
268977
268978
268979
268980
268982
268983
268985
268988
268989
268990
268991
268992
268993
268995
268996
268997
268998
268999
269000
269001
269002
269003
269004
269005
269006
269007
269008
269010
269011
269014
269015
269016
269017
269018
269021
269022
269023
269024
269025
269027
269028
269029
269030
269031
269032
269033
269034
269035
269036
269037
269038
269039
269040
269041
269042
269044
269045
269046
269047
269048
269049
269050
269051
269052
269053
269054
269055
269056
269057
269058
269060
269061
269063
269064
269065
269067
269068
269069
269070
269072
269073
269074
269075
269076
269077
269078
269079
269080
269082
269083
269084
269086
269087
269088
269089
269090
269091
269092
269093
269096
269097
269098
269099
269100
269101
269102
269103
269106
269107
269108
269109
269110
269111
269113
269114
269115
269116
269117
269118
269120
269122
269123
269124
269125
269126
269127
269128
269129
269130
269131
269132
269133
269134
269135
269136
269137
269138
269139
269140
269141
269143
269144
269145
269146
269147
269148
269149
269150
269151
269153
269154
269155
269157
269158
269159
269160
269162
269163
269164
269166
269167
269168
269170
269171
269172
269173
269174
269175
269177
269178
269179
269180
269181
269182
269183
269184
269185
269186
269187
269188
269189
269190
269191
269192
269193
269194
269195
269196
269197
269198
269199
269200
269201
269202
269203
269204
269205
269206
269207
269208
269209
269210
269211
269212
269213
269214
269215
269216
269217
269218
269219
269220
269221
269222
269223
269224
269225
269226
269227
269228
269229
269230
269231
269233
269234
269235
269236
269237
269238
269239
269241
269242
269243
269244
269245
269246
269247
269248
269249
269250
269251
269252
269254
269255
269256
269258
269260
269261
269262
269263
269264
269265
269266
269267
269268
269269
269270
269271
269272
269273
269274
269276
269277
269278
269279
269280
269281
269283
269284
269285
269286
269287
269288
269289
269290
269291
269292
269293
269294
269295
269296
269297
269298
269299
269300
269301
269302
269303
269304
269305
269306
269307
269308
269309
269310
269311
269312
269314
269315
269316
269317
269318
269319
269320
269321
269322
269323
269324
269325
269326
269328
269329
269330
269331
269332
269333
269335
269336
269337
269338
269339
269340
269342
269344
269345
269346
269347
269348
269349
269350
269351
269352
269353
269354
269355
269357
269358
269359
269360
269361
269363
269364
269365
269366
269367
269368
269369
269370
269371
269372
269373
269374
269375
269376
269377
269378
269379
269380
269382
269383
269386
269387
269388
269389
269391
269392
269393
269394
269395
269396
269397
269398
269400
269401
269402
269403
269404
269405
269406
269407
269408
269409
269411
269412
269413
269415
269416
269417
269418
269419
269420
269421
269422
269423
269424
269425
269427
269429
269430
269431
269432
269433
269434
269435
269436
269437
269438
269439
269441
269442
269443
269444
269445
269446
269447
269448
269449
269450
269451
269452
269453
269454
269455
269456
269457
269459
269460
269461
269462
269463
269464
269466
269467
269468
269469
269470
269471
269472
269473
269474
269475
269476
269477
269478
269479
269480
269481
269482
269483
269484
269485
269486
269487
269488
269490
269491
269493
269494
269495
269496
269497
269498
269499
269500
269501
269502
269504
269505
269506
269508
269510
269511
269512
269513
269514
269515
269516
269517
269518
269519
269520
269521
269522
269523
269524
269525
269526
269527
269528
269529
269530
269531
269532
269533
269534
269535
269536
269537
269538
269539
269541
269543
269544
269546
269547
269548
269549
269550
269551
269552
269553
269554
269555
269556
269557
269558
269559
269560
269561
269562
269563
269564
269565
269566
269567
269568
269569
269570
269571
269572
269573
269574
269577
269578
269579
269580
269581
269582
269583
269584
269585
269586
269587
269588
269589
269590
269591
269592
269593
269595
269597
269598
269599
269600
269601
269602
269603
269604
269605
269606
269607
269608
269609
269610
269611
269612
269613
269614
269615
269616
269617
269618
269619
269620
269621
269622
269623
269624
269625
269626
269627
269628
269630
269631
269632
269633
269634
269635
269636
269637
269638
269639
269640
269641
269642
269643
269644
269645
269646
269647
269648
269649
269650
269652
269653
269654
269655
269656
269657
269658
269659
269660
269662
269663
269664
269665
269667
269668
269669
269670
269671
269672
269673
269674
269675
269676
269677
269678
269679
269680
269681
269683
269684
269685
269686
269687
269688
269690
269691
269692
269693
269695
269696
269697
269698
269699
269700
269701
269702
269703
269704
269705
269706
269707
269708
269709
269711
269712
269713
269714
269715
269716
269718
269719
269720
269721
269722
269725
269726
269727
269728
269729
269730
269731
269732
269733
269734
269735
269736
269737
269738
269739
269740
269741
269742
269743
269744
269745
269746
269747
269748
269749
269750
269751
269752
269753
269754
269755
269756
269757
269758
269759
269761
269762
269763
269764
269766
269767
269768
269769
269770
269771
269772
269773
269774
269775
269776
269777
269778
269779
269780
269781
269782
269783
269784
269785
269786
269787
269788
269789
269790
269791
269792
269793
269794
269795
269796
269797
269798
269799
269800
269801
269802
269803
269804
269805
269806
269807
269808
269809
269810
269811
269813
269814
269815
269816
269817
269818
269819
269820
269821
269822
269823
269824
269825
269826
269827
269828
269829
269830
269831
269832
269833
269834
269835
269836
269837
269838
269839
269840
269841
269842
269843
269844
269845
269846
269847
269848
269849
269850
269851
269852
269853
269854
269855
269856
269857
269858
269859
269860
269861
269862
269863
269864
269865
269866
269867
269868
269869
269870
269872
269873
269874
269875
269876
269877
269878
269879
269880
269881
269882
269883
269884
269885
269886
269887
269888
269889
269890
269891
269892
269893
269894
269895
269897
269898
269899
269900
269901
269902
269903
269904
269905
269906
269907
269908
269909
269910
269911
269912
269913
269914
269915
269916
269917
269918
269919
269920
269921
269923
269924
269925
269926
269927
269928
269929
269930
269931
269933
269934
269935
269936
269937
269938
269939
269940
269941
269942
269943
269944
269946
269949
269950
269951
269952
269953
269954
269955
269956
269957
269959
269960
269961
269962
269963
269964
269965
269966
269967
269968
269970
269971
269972
269973
269974
269975
269976
269977
269978
269979
269980
269981
269983
269984
269985
269986
269987
269988
269989
269990
269991
269992
269993
269994
269995
269996
269997
269998
269999
270000
270001
270002
270003
270004
270005
270006
270007
270008
270009
270010
270011
270012
270013
270014
270015
270016
270017
270018
270019
270020
270021
270022
270023
270024
270025
270026
270027
270028
270029
270030
270031
270032
270033
270034
270035
270036
270037
270038
270039
270040
270041
270042
270043
270044
270045
270046
270047
270048
270049
270050
270051
270052
270053
270054
270055
270056
270057
270058
270059
270060
270061
270062
270063
270064
270065
270066
270068
270069
270070
270071
270072
270073
270074
270075
270076
270077
270078
270079
270080
270081
270082
270083
270084
270085
270086
270087
270088
270089
270090
270091
270092
270094
270095
270096
270097
270098
270099
270100
270101
270102
270103
270104
270105
270106
270107
270108
270109
270110
270111
270112
270113
270114
270115
270116
270117
270118
270119
270120
270121
270122
270123
270124
270125
270126
270127
270128
270129
270131
270132
270133
270134
270135
270136
270137
270138
270139
270140
270141
270142
270143
270144
270145
270146
270147
270149
270150
270151
270152
270153
270154
270155
270156
270157
270158
270159
270160
270161
270162
270163
270164
270165
270166
270167
270168
270169
270170
270171
270172
270173
270174
270175
270176
270177
270178
270179
270180
270181
270182
270183
270184
270185
270186
270187
270188
270189
270190
270191
270192
270193
270194
270195
270196
270197
270198
270199
270200
270201
270203
270204
270205
270206
270207
270208
270209
270210
270211
270212
270213
270214
270215
270216
270217
270218
270219
270220
270221
270222
270223
270224
270226
270227
270228
270229
270230
270231
270232
270233
270234
270235
270236
270237
270238
270239
270240
270241
270242
270243
270244
270245
270246
270248
270249
270250
270251
270252
270253
270254
270255
270256
270257
270258
270259
270260
270261
270262
270263
270264
270265
270266
270267
270268
270269
270270
270271
270272
270273
270274
270275
270276
270277
270278
270279
270280
270281
270282
270283
270285
270286
270287
270288
270289
270290
270292
270293
270294
270295
270296
270301
270302
270303
270304
270305
270306
270307
270308
270309
270310
270311
270313
270314
270315
270316
270317
270318
270319
270320
270321
270322
270323
270324
270326
270327
270328
270329
270330
270332
270333
270334
270336
270337
270338
270339
270340
270341
270342
270343
270344
270346
270348
270349
270350
270351
270352
270353
270354
270355
270356
270357
270358
270359
270360
270361
270362
270363
270364
270365
270366
270367
270368
270369
270370
270371
270372
270373
270374
270375
270376
270377
270378
270379
270380
270381
270382
270383
270384
270385
270387
270388
270389
270390
270391
270392
270393
270394
270395
270396
270397
270398
270399
270401
270402
270403
270404
270405
270406
270408
270409
270410
270411
270412
270413
270414
270415
270416
270417
270418
270419
270420
270421
270423
270424
270425
270426
270427
270428
270429
270430
270431
270432
270433
270435
270436
270437
270438
270439
270440
270441
270442
270443
270444
270445
270446
270447
270448
270449
270450
270452
270453
270454
270455
270456
270457
270458
270459
270460
270462
270463
270464
270465
270466
270467
270468
270469
270470
270471
270473
270474
270475
270477
270478
270479
270480
270481
270482
270483
270484
270485
270486
270487
270488
270489
270491
270492
270494
270495
270497
270498
270499
270500
270501
270502
270503
270504
270505
270506
270507
270509
270510
270511
270512
270513
270514
270515
270516
270517
270518
270519
270520
270521
270522
270523
270524
270525
270526
270528
270529
270530
270531
270533
270534
270535
270536
270537
270538
270540
270541
270542
270543
270544
270545
270547
270548
270549
270550
270551
270552
270553
270554
270555
270556
270557
270558
270560
270561
270562
270563
270564
270565
270566
270569
270570
270571
270572
270573
270574
270576
270577
270578
270579
270580
270581
270582
270583
270584
270585
270586
270587
270588
270589
270590
270591
270592
270593
270594
270595
270596
270597
270598
270599
270600
270601
270602
270603
270604
270605
270606
270607
270608
270609
270610
270611
270612
270613
270614
270615
270616
270618
270619
270620
270622
270623
270624
270625
270626
270628
270630
270631
270632
270633
270634
270635
270636
270637
270638
270639
270641
270642
270643
270644
270645
270646
270647
270648
270650
270651
270652
270653
270654
270655
270656
270657
270660
270661
270662
270663
270664
270665
270666
270667
270668
270669
270670
270671
270672
270673
270674
270675
270676
270677
270678
270681
270682
270683
270684
270685
270687
270688
270689
270690
270691
270692
270693
270694
270695
270697
270699
270700
270701
270702
270703
270704
270705
270706
270707
270708
270709
270710
270711
270712
270713
270714
270715
270716
270717
270718
270719
270720
270721
270722
270723
270724
270725
270726
270727
270728
270729
270730
270731
270733
270734
270735
270736
270737
270738
270739
270740
270741
270742
270743
270744
270746
270747
270748
270749
270750
270751
270752
270753
270755
270756
270757
270758
270759
270760
270761
270763
270764
270765
270766
270767
270768
270769
270770
270772
270773
270775
270776
270777
270778
270779
270780
270782
270783
270784
270785
270786
270787
270788
270789
270790
270791
270792
270793
270794
270795
270796
270797
270798
270800
270801
270803
270804
270805
270806
270807
270809
270810
270811
270812
270813
270814
270815
270816
270817
270818
270819
270820
270821
270822
270823
270824
270826
270828
270829
270830
270831
270832
270833
270834
270836
270837
270838
270839
270840
270841
270842
270843
270844
270845
270847
270848
270849
270851
270852
270853
270854
270855
270856
270857
270858
270859
270860
270862
270863
270864
270865
270866
270867
270868
270869
270871
270872
270873
270874
270875
270876
270877
270878
270879
270880
270881
270882
270883
270884
270885
270886
270887
270888
270889
270890
270891
270892
270893
270894
270895
270896
270897
270899
270900
270901
270902
270904
270905
270907
270908
270909
270910
270912
270914
270915
270916
270917
270918
270919
270920
270921
270922
270923
270924
270925
270926
270927
270928
270929
270930
270931
270932
270933
270934
270935
270936
270937
270938
270939
270940
270941
270942
270943
270944
270945
270946
270947
270948
270949
270950
270951
270952
270953
270954
270955
270956
270957
270959
270960
270961
270962
270963
270964
270965
270966
270967
270968
270969
270970
270971
270972
270973
270975
270976
270977
270978
270979
270980
270981
270982
270983
270984
270985
270986
270987
270988
270989
270990
270991
270992
270993
270994
270995
270996
270997
270998
270999
271000
271001
271002
271003
271004
271005
271006
271007
271008
271010
271011
271012
271013
271014
271015
271016
271017
271018
271019
271020
271021
271022
271023
271024
271025
271026
271027
271028
271029
271031
271032
271033
271034
271035
271036
271037
271038
271039
271041
271042
271046
271047
271048
271049
271050
271051
271052
271053
271054
271055
271056
271057
271058
271059
271060
271061
271062
271063
271064
271065
271066
271067
271068
271069
271070
271071
271072
271073
271074
271075
271076
271077
271078
271079
271080
271082
271084
271085
271086
271087
271088
271089
271090
271091
271092
271093
271094
271095
271096
271097
271098
271099
271100
271101
271102
271103
271104
271105
271106
271107
271108
271110
271111
271112
271113
271114
271115
271116
271117
271119
271120
271121
271122
271124
271125
271126
271127
271128
271129
271130
271131
271132
271133
271134
271136
271137
271138
271139
271140
271142
271143
271144
271145
271146
271147
271148
271149
271150
271151
271152
271153
271154
271155
271156
271157
271158
271159
271160
271161
271162
271163
271164
271165
271166
271168
271169
271170
271171
271172
271173
271175
271176
271177
271178
271179
271180
271181
271182
271183
271185
271186
271187
271188
271189
271190
271191
271192
271193
271194
271196
271197
271199
271200
271201
271202
271203
271204
271205
271206
271207
271208
271209
271210
271211
271212
271213
271214
271215
271216
271217
271218
271219
271220
271221
271222
271224
271225
271226
271227
271228
271230
271231
271232
271233
271234
271236
271237
271238
271239
271240
271241
271242
271243
271244
271245
271246
271247
271248
271249
271250
271251
271252
271253
271254
271255
271256
271257
271258
271259
271260
271261
271262
271263
271265
271266
271267
271269
271270
271271
271272
271273
271274
271276
271277
271278
271279
271280
271281
271283
271284
271285
271286
271287
271288
271289
271290
271291
271292
271293
271294
271296
271297
271298
271300
271301
271302
271303
271304
271305
271306
271308
271309
271310
271311
271312
271313
271314
271315
271316
271317
271318
271320
271321
271322
271323
271324
271325
271326
271327
271328
271329
271330
271331
271332
271333
271334
271335
271336
271337
271338
271339
271340
271341
271342
271343
271344
271345
271346
271347
271348
271350
271351
271352
271353
271354
271355
271356
271357
271358
271359
271360
271361
271362
271363
271364
271365
271366
271367
271368
271369
271370
271371
271373
271374
271375
271376
271377
271378
271380
271381
271382
271383
271384
271385
271386
271387
271388
271389
271390
271391
271392
271393
271394
271395
271396
271397
271398
271399
271400
271401
271402
271404
271405
271406
271407
271408
271409
271410
271411
271412
271413
271414
271415
271416
271417
271418
271419
271420
271422
271423
271424
271425
271427
271428
271429
271430
271432
271433
271434
271435
271436
271437
271438
271439
271441
271444
271445
271447
271448
271450
271451
271452
271453
271454
271455
271456
271457
271458
271459
271463
271464
271465
271466
271467
271468
271469
271471
271473
271474
271475
271476
271477
271478
271479
271480
271481
271482
271483
271484
271485
271486
271487
271488
271489
271490
271491
271493
271494
271496
271497
271498
271499
271500
271501
271502
271503
271504
271505
271507
271508
271510
271511
271512
271513
271514
271516
271517
271518
271519
271520
271522
271523
271524
271525
271526
271527
271528
271529
271531
271532
271533
271535
271536
271538
271539
271540
271541
271542
271543
271544
271545
271546
271547
271548
271549
271550
271551
271552
271553
271554
271555
271556
271557
271558
271559
271560
271561
271562
271563
271564
271565
271566
271567
271568
271569
271570
271571
271572
271573
271575
271576
271577
271578
271579
271580
271581
271582
271584
271586
271587
271588
271589
271590
271591
271592
271593
271595
271596
271597
271598
271599
271600
271601
271602
271603
271604
271605
271606
271607
271608
271609
271610
271611
271612
271613
271614
271615
271616
271617
271618
271619
271620
271621
271622
271623
271624
271626
271627
271628
271630
271631
271632
271633
271634
271635
271636
271637
271638
271639
271640
271641
271642
271643
271644
271645
271646
271647
271648
271649
271650
271651
271652
271653
271656
271657
271658
271659
271660
271661
271662
271663
271664
271665
271666
271667
271668
271669
271671
271672
271673
271674
271676
271677
271678
271679
271680
271681
271682
271683
271685
271686
271687
271688
271689
271690
271691
271692
271694
271695
271696
271697
271698
271699
271700
271701
271702
271704
271705
271706
271707
271708
271709
271711
271712
271713
271715
271717
271718
271720
271721
271723
271725
271726
271727
271728
271729
271731
271732
271733
271734
271737
271738
271739
271740
271741
271744
271745
271746
271747
271749
271750
271751
271752
271753
271754
271755
271756
271757
271758
271760
271761
271762
271764
271766
271770
271771
271773
271774
271775
271776
271777
271778
271779
271780
271781
271782
271783
271784
271785
271786
271787
271788
271789
271790
271791
271792
271793
271794
271795
271796
271797
271798
271799
271800
271801
271802
271803
271804
271805
271806
271807
271808
271809
271810
271811
271812
271813
271814
271815
271816
271817
271818
271819
271820
271821
271822
271823
271824
271825
271826
271827
271828
271829
271830
271832
271833
271834
271835
271836
271837
271838
271839
271840
271841
271842
271843
271844
271845
271846
271847
271848
271849
271850
271851
271852
271853
271854
271855
271856
271857
271858
271859
271860
271861
271862
271863
271864
271865
271866
271867
271868
271869
271870
271871
271872
271873
271874
271875
271876
271877
271878
271879
271880
271881
271882
271883
271884
271885
271886
271887
271888
271889
271890
271891
271892
271893
271894
271895
271896
271897
271898
271899
271900
271901
271903
271904
271905
271906
271907
271908
271909
271910
271911
271912
271913
271914
271915
271916
271917
271918
271919
271920
271921
271922
271923
271924
271925
271926
271927
271928
271929
271930
271931
271932
271933
271934
271935
271936
271937
271938
271939
271940
271941
271942
271943
271944
271945
271946
271947
271948
271949
271950
271951
271952
271953
271954
271956
271957
271958
271959
271960
271961
271962
271963
271964
271965
271966
271967
271968
271969
271970
271971
271972
271973
271974
271975
271976
271977
271978
271979
271980
271981
271982
271983
271984
271985
271986
271987
271988
271989
271990
271991
271992
271993
271994
271995
271996
271997
271998
271999
272000
272001
272002
272003
272004
272005
272006
272007
272008
272009
272010
272011
272012
272013
272014
272015
272016
272017
272018
272019
272020
272021
272022
272023
272024
272025
272026
272027
272028
272029
272030
272031
272032
272033
272034
272035
272036
272037
272038
272039
272040
272041
272042
272043
272044
272045
272046
272047
272048
272049
272050
272051
272052
272053
272054
272055
272056
272057
272058
272059
272060
272061
272062
272063
272064
272065
272066
272067
272068
272069
272070
272071
272072
272073
272074
272075
272076
272077
272078
272079
272080
272081
272082
272083
272084
272085
272086
272087
272088
272089
272090
272091
272092
272093
272094
272095
272096
272097
272098
272099
272100
272101
272102
272103
272104
272105
272106
272107
272108
272109
272110
272111
272112
272113
272114
272115
272116
272117
272118
272119
272120
272121
272122
272123
272124
272125
272127
272128
272129
272130
272131
272132
272133
272134
272135
272136
272137
272138
272139
272140
272141
272142
272143
272144
272145
272146
272147
272148
272149
272150
272151
272152
272153
272154
272155
272156
272157
272158
272159
272160
272161
272162
272163
272164
272165
272166
272167
272169
272171
272172
272173
272174
272175
272176
272177
272179
272180
272182
272183
272184
272185
272187
272190
272191
272192
272193
272195
272197
272198
272199
272200
272201
272202
272203
272204
272205
272207
272209
272210
272211
272212
272213
272214
272215
272216
272217
272218
272219
272220
272221
272222
272224
272225
272226
272228
272231
272232
272234
272235
272236
272237
272239
272241
272243
272244
272245
272247
272248
272249
272250
272252
272253
272254
272259
272260
272262
272263
272264
272265
272266
272267
272268
272269
272270
272271
272272
272273
272274
272275
272276
272277
272278
272279
272280
272281
272282
272283
272284
272285
272286
272288
272289
272290
272291
272292
272294
272295
272297
272299
272300
272301
272303
272304
272305
272309
272310
272311
272312
272313
272314
272315
272316
272317
272318
272319
272320
272321
272322
272323
272324
272325
272327
272328
272329
272330
272331
272332
272334
272335
272336
272337
272338
272339
272341
272343
272344
272345
272346
272347
272348
272349
272350
272352
272353
272355
272356
272358
272359
272361
272362
272363
272364
272365
272366
272367
272368
272369
272370
272371
272372
272373
272374
272375
272377
272378
272379
272381
272383
272384
272385
272386
272387
272388
272391
272392
272393
272394
272395
272396
272397
272398
272399
272400
272401
272402
272403
272404
272405
272406
272407
272408
272409
272411
272412
272413
272414
272415
272416
272417
272418
272419
272420
272421
272422
272423
272425
272426
272427
272428
272429
272430
272431
272432
272433
272434
272435
272436
272437
272438
272439
272440
272441
272442
272443
272445
272446
272447
272450
272451
272453
272454
272455
272456
272457
272458
272459
272460
272461
272463
272464
272465
272466
272467
272468
272470
272471
272474
272476
272477
272478
272479
272480
272481
272482
272483
272484
272485
272486
272487
272488
272489
272491
272493
272494
272495
272497
272498
272499
272500
272501
272502
272503
272504
272505
272506
272508
272509
272510
272511
272512
272513
272514
272517
272518
272519
272522
272524
272527
272528
272529
272530
272532
272533
272535
272536
272537
272538
272539
272541
272542
272543
272545
272547
272548
272549
272550
272551
272552
272553
272554
272555
272556
272558
272559
272561
272563
272564
272565
272566
272568
272569
272570
272571
272572
272573
272574
272575
272576
272577
272578
272579
272581
272583
272584
272585
272586
272587
272588
272589
272590
272591
272594
272596
272597
272598
272599
272601
272603
272604
272605
272606
272607
272609
272610
272611
272612
272613
272614
272615
272616
272618
272619
272620
272621
272623
272624
272626
272627
272628
272629
272630
272631
272632
272633
272634
272635
272636
272637
272638
272639
272641
272643
272644
272645
272646
272647
272648
272649
272651
272652
272653
272654
272655
272656
272658
272659
272660
272661
272662
272663
272664
272665
272666
272667
272668
272669
272670
272671
272672
272673
272674
272675
272676
272677
272678
272679
272681
272685
272686
272687
272688
272691
272692
272693
272694
272695
272696
272697
272698
272699
272701
272702
272703
272704
272705
272707
272708
272709
272710
272711
272712
272713
272715
272716
272718
272719
272720
272721
272722
272723
272724
272725
272726
272727
272730
272731
272732
272734
272735
272736
272738
272739
272740
272741
272742
272744
272747
272748
272749
272750
272751
272752
272753
272754
272756
272757
272758
272761
272762
272763
272764
272765
272766
272767
272768
272769
272770
272772
272773
272774
272775
272776
272777
272778
272779
272780
272781
272783
272784
272785
272786
272787
272788
272789
272790
272791
272792
272794
272796
272797
272798
272799
272800
272801
272802
272803
272804
272805
272806
272807
272808
272809
272810
272811
272812
272813
272814
272815
272816
272817
272818
272819
272820
272821
272822
272823
272824
272825
272826
272827
272828
272829
272830
272831
272832
272833
272834
272835
272836
272837
272838
272839
272840
272841
272842
272843
272844
272845
272846
272847
272848
272849
272850
272851
272852
272853
272854
272855
272856
272857
272858
272859
272860
272861
272862
272863
272864
272865
272867
272868
272869
272870
272871
272872
272873
272874
272875
272876
272877
272878
272879
272880
272881
272882
272883
272884
272885
272886
272887
272888
272889
272890
272891
272892
272893
272894
272895
272896
272897
272898
272899
272900
272901
272902
272903
272904
272905
272906
272907
272908
272909
272910
272911
272912
272913
272914
272916
272917
272918
272919
272920
272921
272922
272923
272924
272925
272926
272928
272929
272930
272931
272932
272933
272934
272935
272936
272937
272938
272939
272940
272941
272942
272943
272944
272945
272946
272947
272948
272949
272950
272951
272952
272953
272954
272955
272956
272957
272958
272959
272960
272961
272962
272963
272964
272965
272966
272967
272968
272969
272970
272971
272972
272973
272974
272975
272976
272977
272978
272979
272980
272981
272982
272983
272984
272985
272986
272987
272988
272989
272990
272991
272992
272993
272994
272995
272996
272997
272998
272999
273000
273001
273002
273003
273004
273005
273006
273007
273008
273009
273010
273011
273012
273013
273014
273015
273016
273017
273018
273019
273020
273021
273022
273023
273024
273025
273026
273027
273028
273029
273030
273031
273032
273033
273034
273035
273037
273038
273039
273040
273041
273042
273043
273044
273045
273046
273047
273048
273049
273050
273051
273052
273053
273054
273055
273056
273057
273058
273059
273060
273061
273062
273063
273064
273065
273066
273067
273068
273069
273070
273071
273072
273073
273074
273075
273076
273077
273078
273079
273080
273081
273082
273083
273084
273085
273086
273087
273088
273089
273090
273091
273092
273093
273094
273095
273096
273097
273098
273099
273100
273101
273102
273103
273104
273105
273106
273107
273108
273109
273110
273111
273112
273113
273114
273115
273116
273117
273118
273119
273120
273121
273122
273123
273124
273125
273126
273127
273128
273129
273131
273132
273133
273134
273135
273136
273137
273138
273139
273140
273141
273142
273143
273144
273145
273146
273147
273148
273149
273150
273151
273152
273153
273154
273155
273156
273157
273158
273159
273160
273161
273162
273163
273164
273165
273166
273167
273168
273169
273170
273171
273172
273173
273174
273175
273176
273177
273178
273179
273180
273181
273182
273183
273185
273186
273187
273188
273189
273190
273191
273192
273193
273194
273195
273196
273197
273198
273199
273200
273201
273202
273203
273204
273205
273206
273207
273208
273209
273210
273211
273212
273213
273214
273215
273216
273217
273218
273219
273220
273221
273222
273223
273224
273225
273226
273227
273228
273229
273230
273231
273232
273233
273234
273235
273236
273237
273238
273240
273241
273242
273243
273244
273245
273246
273247
273248
273249
273250
273251
273252
273253
273254
273255
273256
273257
273258
273259
273261
273262
273263
273264
273265
273266
273267
273269
273270
273271
273272
273273
273274
273275
273276
273277
273278
273279
273280
273281
273282
273283
273284
273285
273286
273287
273288
273289
273290
273291
273293
273295
273297
273299
273309
273310
273311
273312
273313
273314
273315
273316
273317
273318
273319
273320
273321
273323
273325
273326
273328
273330
273331
273332
273333
273334
273335
273336
273337
273338
273339
273340
273341
273343
273344
273345
273346
273347
273348
273349
273350
273351
273352
273355
273356
273357
273358
273359
273360
273361
273362
273363
273364
273365
273366
273367
273368
273369
273370
273371
273372
273373
273374
273375
273376
273378
273379
273380
273381
273382
273383
273384
273385
273386
273387
273388
273389
273390
273391
273392
273393
273394
273395
273396
273397
273398
273399
273400
273401
273402
273404
273405
273406
273407
273408
273409
273410
273411
273412
273413
273414
273416
273417
273418
273419
273420
273421
273422
273423
273424
273425
273426
273427
273428
273429
273430
273431
273432
273433
273434
273435
273436
273438
273439
273440
273441
273442
273443
273444
273445
273446
273447
273448
273449
273451
273452
273453
273454
273455
273456
273457
273458
273459
273460
273461
273462
273463
273464
273465
273466
273467
273468
273469
273470
273471
273472
273473
273474
273475
273476
273477
273478
273479
273480
273481
273482
273483
273484
273485
273486
273487
273488
273489
273490
273491
273492
273493
273494
273495
273496
273497
273498
273499
273500
273501
273502
273503
273504
273505
273506
273507
273508
273509
273510
273511
273512
273513
273514
273515
273516
273517
273518
273519
273520
273521
273522
273523
273524
273525
273526
273527
273528
273529
273530
273531
273532
273533
273534
273535
273536
273537
273538
273539
273540
273541
273542
273543
273544
273545
273546
273547
273548
273549
273550
273551
273552
273553
273554
273555
273556
273557
273558
273559
273560
273561
273562
273563
273564
273567
273568
273569
273570
273571
273573
273574
273575
273577
273578
273580
273581
273583
273584
273585
273586
273587
273588
273589
273590
273591
273593
273594
273595
273596
273597
273598
273599
273600
273601
273603
273604
273605
273606
273607
273608
273609
273611
273612
273613
273614
273615
273616
273617
273618
273619
273621
273622
273623
273624
273625
273626
273627
273629
273630
273631
273633
273634
273635
273637
273638
273639
273640
273641
273642
273643
273644
273646
273647
273648
273649
273650
273651
273652
273654
273655
273656
273658
273659
273660
273661
273662
273663
273664
273665
273666
273667
273669
273671
273672
273673
273674
273675
273676
273677
273678
273679
273680
273682
273683
273684
273685
273686
273687
273688
273689
273691
273692
273694
273695
273697
273700
273701
273702
273703
273704
273705
273706
273707
273708
273709
273710
273711
273712
273713
273714
273715
273716
273717
273718
273719
273720
273721
273723
273725
273726
273727
273728
273729
273730
273731
273732
273734
273735
273736
273737
273739
273740
273741
273742
273743
273744
273745
273746
273747
273748
273749
273750
273751
273752
273753
273754
273755
273756
273757
273758
273759
273760
273761
273762
273763
273764
273765
273766
273767
273768
273769
273770
273771
273772
273773
273774
273775
273776
273777
273778
273779
273780
273781
273782
273783
273784
273785
273786
273787
273788
273789
273790
273791
273792
273793
273794
273795
273796
273797
273798
273799
273800
273801
273802
273803
273804
273805
273806
273807
273808
273809
273810
273811
273812
273813
273814
273815
273816
273818
273819
273820
273821
273822
273823
273824
273825
273826
273827
273828
273829
273830
273831
273832
273833
273834
273835
273836
273837
273838
273839
273840
273841
273842
273843
273844
273845
273846
273847
273848
273849
273850
273851
273852
273853
273854
273855
273856
273857
273858
273859
273860
273861
273862
273863
273864
273865
273866
273867
273868
273869
273870
273871
273872
273873
273874
273875
273876
273877
273878
273879
273880
273881
273882
273883
273884
273885
273886
273887
273888
273889
273890
273891
273892
273893
273894
273895
273896
273897
273898
273899
273900
273901
273902
273903
273904
273905
273906
273907
273908
273909
273910
273911
273912
273913
273914
273915
273916
273917
273918
273919
273920
273921
273922
273923
273924
273925
273926
273927
273928
273929
273930
273931
273932
273933
273934
273935
273936
273937
273938
273939
273940
273941
273942
273943
273944
273945
273946
273947
273948
273949
273950
273951
273952
273953
273954
273955
273956
273957
273958
273959
273960
273961
273962
273963
273964
273965
273966
273967
273968
273969
273970
273971
273972
273973
273974
273975
273976
273977
273978
273979
273980
273981
273982
273983
273984
273985
273986
273987
273988
273989
273990
273991
273992
273993
273994
273995
273996
273997
273998
273999
274000
274001
274003
274004
274005
274006
274007
274008
274009
274010
274011
274012
274013
274014
274015
274016
274017
274018
274019
274020
274021
274022
274023
274024
274025
274026
274027
274028
274029
274030
274031
274032
274033
274034
274035
274036
274037
274038
274039
274040
274041
274042
274043
274044
274045
274046
274047
274048
274049
274050
274051
274052
274053
274054
274055
274056
274057
274058
274059
274060
274061
274062
274063
274064
274065
274066
274067
274068
274069
274070
274071
274072
274073
274074
274075
274076
274077
274078
274079
274080
274081
274082
274083
274084
274085
274086
274087
274088
274089
274090
274091
274092
274093
274094
274095
274096
274097
274098
274099
274100
274101
274102
274103
274104
274105
274106
274107
274108
274109
274110
274111
274112
274113
274114
274115
274116
274117
274118
274119
274120
274121
274122
274123
274124
274125
274126
274127
274128
274129
274130
274131
274132
274133
274134
274135
274136
274137
274138
274139
274140
274141
274142
274144
274145
274146
274147
274148
274149
274150
274151
274152
274153
274154
274155
274156
274157
274158
274159
274160
274161
274162
274163
274164
274165
274166
274167
274168
274169
274170
274171
274172
274173
274174
274175
274176
274177
274178
274179
274180
274181
274182
274183
274184
274185
274186
274187
274188
274189
274190
274191
274192
274193
274194
274195
274196
274197
274198
274199
274200
274201
274202
274203
274204
274461
274462
274463
274464
274465
274466
274467
274468
274469
274470
274471
274472
274473
274474
274475
274476
274477
274478
274479
274480
274481
274482
274483
274484
274485
274486
274487
274488
274489
274490
274491
274492
274493
274494
274495
274496
274497
274498
274499
274500
274501
274502
274503
274504
274505
274506
274507
274508
274509
274510
274511
274512
274513
274514
274515
274516
274517
274518
274519
274520
274521
274522
274523
274524
274525
274526
274527
274528
274529
274530
274531
274532
274533
274534
274535
274536
274537
274538
274539
274540
274541
274542
274589
274590
274591
274592
274593
274594
274595
274596
274597
274598
274599
274600
274601
274602
274603
274604
274605
274606
274607
274608
274609
274610
274611
274612
274613
274614
274615
274616
274617
274618
274619
274620
274621
274622
274623
274624
274625
274626
274627
274628
274629
274630
274631
274632
274633
274634
274635
274636
274637
274638
274639
274640
274641
274642
274643
274644
274645
274646
274647
274648
274649
274650
274651
274652
274654
274655
274656
274657
274658
274659
274660
274661
274662
274663
274664
274665
274666
274667
274668
274669
274670
274671
274672
274673
274674
274675
274676
274677
274678
274679
274680
274681
274682
274683
274684
274685
274686
274687
274688
274689
274690
274691
274692
274693
274694
274695
274696
274697
274698
274699
274700
274701
274702
274703
274704
274705
274706
274707
274708
274709
274710
274711
274712
274713
274714
274715
274716
274717
274718
274719
274720
274721
274722
274723
274724
274725
274726
274727
274728
274729
274730
274731
274732
274733
274734
274735
274736
274737
274738
274739
274740
274741
274742
274743
274744
274745
274746
274747
274748
274749
274750
274751
274752
274753
274754
274755
274756
274757
274758
274759
274760
274761
274762
274763
274764
274765
274766
274767
274768
274769
274770
274771
274772
274773
274774
274775
274776
274777
274778
274779
274780
274781
274782
274783
274784
274785
274786
274787
274788
274789
274790
274791
274792
274793
274794
274795
274796
274797
274798
274799
274800
274801
274802
274803
274804
274805
274806
274807
274808
274809
274810
274811
274812
274813
274814
274815
274816
274817
274818
274819
274820
274821
274822
274823
274824
274825
274826
274827
274828
274829
274830
274831
274832
274833
274834
274835
274836
274837
274838
274839
274840
274841
274842
274843
274844
327683
327684
327685
327687
327688
327689
327691
327693
327694
327695
327696
327697
327698
327699
327700
327701
327703
327704
327705
327706
327707
327708
327709
327710
327711
327712
327713
327714
327715
327716
327718
327719
327721
327722
327724
327725
327726
327727
327728
327729
327730
327732
327733
327734
327736
327737
327738
327741
327742
327745
327746
327747
327748
327749
327750
327751
327752
327753
327754
327755
327756
327757
327759
327760
327761
327762
327763
327764
327765
327766
327767
327768
327769
327770
327771
327772
327773
327774
327775
327776
327777
327778
327780
327781
327782
327784
327786
327787
327788
327789
327790
327791
327792
327793
327794
327795
327796
327797
327798
327799
327801
327802
327803
327804
327805
327806
327808
327809
327810
327812
327813
327814
327817
327818
327819
327820
327821
327822
327824
327826
327828
327829
327830
327831
327832
327833
327836
327837
327838
327839
327840
327842
327843
327844
327845
327846
327848
327849
327850
327851
327852
327853
327858
327859
327861
327862
327863
327864
327865
327866
327867
327870
327871
327872
327874
327875
327876
327877
327879
327880
327881
327884
327885
327886
327887
327888
327889
327890
327891
327892
327893
327894
327895
327896
327897
327898
327899
327900
327901
327903
327904
327905
327906
327907
327908
327909
327910
327912
327913
327914
327915
327917
327918
327919
327920
327921
327922
327923
327924
327926
327927
327928
327931
327932
327934
327935
327936
327937
327941
327942
327943
327944
327945
327946
327947
327949
327950
327951
327952
327953
327954
327956
327957
327958
327960
327961
327962
327963
327965
327966
327968
327969
327971
327972
327974
327975
327977
327978
327979
327980
327981
327982
327983
327984
327985
327986
327987
327988
327989
327990
327991
327992
327994
327996
328000
328001
328003
328004
328006
328008
328009
328010
328011
328013
328014
328015
328016
328017
328018
328019
328020
328022
328024
328025
328027
328028
328029
328030
328032
328034
328035
328036
328037
328038
328039
328041
328043
328045
328047
328048
328049
328051
328052
328053
328054
328055
328057
328059
328061
328062
328063
328064
328066
328067
328068
328070
328072
328073
328074
328075
328076
328079
328080
328081
328086
328087
328088
328089
328090
328091
328092
328093
328095
328098
328099
328100
328101
328102
328103
328104
328105
328106
328107
328108
328109
328111
328112
328113
328114
328117
328118
328119
328120
328122
328124
328125
328126
328128
328130
328131
328132
328133
328135
328136
328137
328139
328140
328141
328142
328146
328147
328148
328150
328151
328152
328153
328154
328155
328156
328157
328158
328159
328160
328161
328162
328163
328164
328165
328167
328169
328170
328171
328172
328173
328174
328175
328176
328177
328178
328179
328180
328181
328182
328183
328184
328185
328186
328187
328188
328189
328191
328192
328193
328194
328196
328197
328198
328199
328200
328201
328203
328205
328206
328207
328209
328210
328211
328212
328213
328214
328215
328216
328218
328220
328221
328222
328223
328224
328225
328227
328228
328230
328232
328233
328234
328235
328236
328237
328238
328239
328240
328241
328242
328243
328244
328245
328246
328247
328249
328250
328252
328253
328254
328255
328256
328257
328258
328259
328260
328261
328262
328264
328266
328268
328269
328270
328271
328272
328273
328274
328275
328277
328278
328279
328280
328281
328282
328283
328284
328285
328286
328287
328288
328289
328290
328291
328292
328293
328294
328296
328297
328298
328299
328300
328301
328302
328303
328304
328305
328306
328307
328308
328309
328310
328311
328312
328313
328314
328315
328316
328317
328318
328319
328320
328323
328324
328325
328326
328327
328329
328330
328331
328332
328333
328334
328335
328336
328337
328339
328341
328342
328344
328345
328346
328347
328348
328349
328350
328351
328352
328353
328354
328355
328356
328357
328358
328359
328360
328361
328362
328363
328364
328365
328366
328367
328370
328371
328372
328373
328374
328375
328376
328377
328379
328380
328381
328383
328384
328385
328386
328387
328388
328391
328392
328393
328394
328395
328397
328398
328399
328400
328401
328403
328404
328405
328406
328408
328409
328410
328411
328414
328415
328417
328418
328419
328420
328421
328422
328423
328424
328426
328427
328429
328430
328431
328432
328434
328435
328436
328437
328439
328440
328441
328442
328443
328444
328445
328446
328447
328448
328449
328450
328451
328452
328453
328454
328456
328457
328459
328460
328461
328462
328463
328464
328465
328466
328467
328468
328469
328470
328471
328472
328473
328474
328475
328476
328477
328478
328479
328480
328481
328482
328483
328484
328486
328487
328488
328489
328490
328491
328492
328493
328494
328496
328497
328498
328499
328500
328501
328502
328503
328504
328505
328506
328507
328509
328510
328511
328512
328513
328514
328516
328517
328518
328519
328521
328522
328523
328524
328526
328527
328528
328530
328531
328532
328533
328534
328535
328536
328537
328538
328539
328540
328541
328542
328543
328544
328545
328546
328547
328548
328549
328550
328551
328552
328553
328554
328555
328556
328557
328558
328561
328562
328563
328565
328566
328567
328568
328569
328570
328571
328574
328575
328576
328577
328578
328579
328580
328581
328583
328585
328586
328587
328589
328590
328591
328592
328594
328595
328596
328598
328599
328600
328601
328604
328605
328606
328607
328608
328609
328610
328611
328612
328613
328614
328615
328616
328617
328618
328619
328620
328622
328623
328624
328627
328628
328629
328630
328631
328632
328633
328634
328635
328636
328637
328638
328639
328640
328641
328643
328644
328645
328646
328647
328648
328650
328651
328652
328653
328654
328656
328657
328658
328659
328660
328661
328662
328663
328665
328666
328668
328669
328670
328671
328672
328674
328675
328676
328677
328679
328690
328691
328693
328694
328695
328696
328697
328698
328699
328700
328701
328702
328703
328704
328705
328706
328707
328708
328709
328710
328711
328712
328713
328714
328715
328716
328717
328718
328719
328720
328721
328722
328723
328724
328725
328727
328728
328729
328730
328732
328733
328734
328735
328736
328737
328738
328739
328742
328743
328744
328745
328746
328747
328748
328749
328750
328751
328752
328753
328754
328755
328757
328758
328760
328761
328762
328763
328764
328767
328769
328770
328772
328774
328775
328776
328777
328778
328779
328780
328782
328783
328784
328785
328786
328787
328788
328789
328790
328791
328792
328793
328794
328795
328796
328797
328798
328799
328800
328802
328803
328804
328805
328806
328807
328808
328809
328810
328811
328813
328815
328816
328817
328818
328819
328820
328821
328822
328823
328824
328825
328826
328827
328829
328830
328832
328833
328834
328835
328836
328837
328838
328839
328840
328841
328842
328843
328844
328845
328846
328847
328848
328849
328850
328853
328854
328855
328856
328857
328858
328859
328861
328862
328863
328864
328865
328866
328867
328868
328869
328870
328871
328872
328873
328874
328875
328876
328877
328878
328880
328881
328882
328883
328884
328885
328886
328887
328888
328889
328890
328891
328892
328893
328894
328895
328896
328897
328898
328899
328900
328902
328903
328904
328905
328906
328907
328908
328909
328910
328911
328912
328913
328915
328916
328917
328918
328919
328920
328921
328922
328923
328925
328926
328927
328928
328929
328930
328931
328933
328934
328935
328936
328937
328938
328939
328940
328941
328942
328943
328944
328945
328946
328947
328948
328949
328950
328951
328952
328953
328954
328956
328957
328958
328959
328960
328961
328962
328963
328964
328965
328966
328967
328968
328969
328970
328972
328973
328974
328975
328976
328977
328978
328979
328980
328981
328983
328984
328985
328986
328987
328988
328989
328991
328992
328993
328994
328995
328996
328997
328998
328999
329000
329001
329002
329003
329005
329006
329007
329009
329010
329011
329012
329013
329014
329015
329016
329017
329018
329019
329020
329021
329022
329023
329024
329025
329026
329027
329028
329029
329031
329032
329033
329034
329035
329036
329037
329038
329039
329040
329041
329042
329043
329044
329045
329046
329047
329048
329049
329050
329051
329052
329053
329054
329057
329058
329061
329062
329063
329064
329065
329066
329067
329068
329069
329070
329071
329072
329074
329075
329077
329078
329079
329080
329081
329082
329083
329084
329085
329086
329087
329089
329090
329091
329093
329094
329095
329096
329097
329098
329099
329101
329102
329103
329104
329105
329106
329107
329108
329109
329110
329111
329112
329113
329114
329115
329117
329118
329119
329120
329121
329122
329123
329124
329125
329126
329127
329128
329129
329130
329131
329132
329133
329134
329135
329136
329137
329138
329139
329140
329142
329143
329144
329145
329146
329147
329148
329149
329150
329151
329152
329153
329154
329155
329156
329157
329158
329159
329160
329161
329162
329163
329165
329166
329167
329168
329169
329170
329171
329172
329173
329174
329175
329176
329177
329178
329179
329180
329181
329182
329183
329184
329185
329186
329187
329188
329189
329190
329191
329192
329193
329194
329195
329196
329197
329198
329199
329201
329202
329203
329205
329206
329207
329208
329209
329210
329211
329212
329213
329214
329215
329216
329217
329218
329219
329220
329221
329222
329223
329224
329225
329226
329227
329228
329229
329230
329231
329232
329233
329234
329235
329236
329237
329238
329239
329240
329241
329242
329243
329244
329245
329246
329247
329248
329249
329250
329251
329252
329253
329254
329255
329256
329257
329258
329259
329260
329261
329262
329263
329264
329265
329266
329267
329268
329269
329270
329271
329272
329273
329274
329275
329276
329277
329278
329279
329280
329281
329282
329283
329284
329285
329286
329287
329288
329289
329290
329291
329292
329293
329294
329295
329296
329297
329298
329299
329300
329301
329302
329303
329304
329305
329306
329307
329308
329309
329310
329311
329312
329313
329314
329315
329316
329317
329318
329319
329322
329323
329324
329325
329326
329327
329328
329329
329330
329331
329332
329333
329334
329335
329336
329337
329338
329339
329340
329341
329342
329343
329344
329345
329346
329347
329348
329349
329350
329351
329352
329353
329354
329355
329356
329357
329358
329359
329360
329361
329362
329363
329364
329365
329366
329367
329368
329369
329370
329371
329372
329373
329374
329375
329376
329377
329378
329379
329380
329381
329382
329383
329384
329385
329386
329387
329388
329389
329390
329391
329392
329393
329394
329395
329396
329397
329398
329399
329400
329401
329402
329403
329404
329405
329406
329407
329408
329409
329410
329411
329412
329413
329414
329415
329416
329417
329418
329419
329420
329421
329422
329423
329424
329425
329426
329427
329428
329429
329430
329431
329432
329433
329434
329435
329436
329437
329438
329439
329440
329441
329442
329443
329444
329445
329446
329447
329448
329449
329450
329451
329452
329454
329455
329456
329457
329458
329459
329460
329461
329462
329463
329464
329465
329466
329467
329468
329469
329470
329471
329472
329473
329474
329475
329476
329477
329478
329479
329480
329481
329482
329483
329484
329485
329486
329487
329488
329489
329490
329491
329492
329493
329494
329495
329496
329497
329498
329499
329500
329501
329502
329503
329504
329505
329506
329507
329508
329509
329510
329511
329512
329513
329514
329515
329516
329517
329518
329519
329520
329521
329522
329523
329524
329525
329526
329527
329528
329529
329530
329531
329532
329533
329534
329535
329536
329537
329538
329539
329540
329541
329542
329543
329544
329545
329546
329547
329548
329549
329550
329551
329552
329553
329554
329555
329556
329557
329558
329559
329560
329561
329562
329563
329564
329565
329566
329567
329568
329569
329570
329571
329572
329573
329574
329575
329576
329577
329578
329579
329580
329581
329582
329583
329584
329585
329586
329587
329588
329589
329590
329591
329592
329593
329594
329595
329596
329597
329598
329599
329600
329601
329602
329603
329604
329605
329606
329607
329608
329609
329610
329611
329612
329613
329614
329615
329616
329617
329618
329619
393216
393217
393218
393219
393220
393221
393222
393223
393224
393225
393226
393227
393228
393229
393230
393231
393232
393233
393234
393235
393236
393237
393238
393239
393240
393241
393242
393243
393244
393245
393246
393247
393248
393249
393250
393251
393252
393253
393254
393255
393256
393257
393258
393259
393261
393262
393263
393264
393265
393267
393268
393269
393270
393271
393272
393273
393274
393275
393276
393277
393278
393279
393280
393281
393282
393283
393284
393285
393286
393287
393288
393289
393290
393291
393292
393293
393294
393296
393297
393298
393299
393300
393301
393302
393303
393304
393306
393307
393308
393309
393311
393312
393313
393314
393315
393316
393317
393318
393319
393320
393321
393322
393323
393324
393325
393326
393327
393328
393329
393330
393331
393332
393334
393335
393336
393337
393338
393339
393340
393341
393342
393343
393344
393345
393346
393347
393348
393349
393350
393351
393352
393353
393354
393355
393356
393357
393358
393359
393360
393361
393362
393363
393364
393365
393366
393367
393369
393370
393371
393372
393373
393374
393375
393376
393377
393378
393379
393380
393381
393382
393383
393384
393385
393386
393387
393388
393389
393390
393391
393392
393393
393394
393395
393396
393397
393398
393399
393400
393401
393403
393404
393405
393406
393407
393408
393409
393410
393411
393412
393413
393414
393415
393416
393417
393418
393419
393420
393421
393422
393423
393424
393425
393426
393427
393428
393429
393430
393431
393432
393433
393434
393435
393436
393437
393438
393439
393440
393441
393442
393443
393444
393445
393446
393447
393448
393449
393450
393452
393453
393454
393455
393456
393457
393458
393459
393460
393461
393462
393463
393464
393465
393466
393467
393468
393469
393470
393471
393472
393473
393474
393475
393477
393478
393479
393480
393481
393482
393483
393484
393485
393486
393487
393488
393489
393490
393491
393492
393493
393494
393495
393496
393497
393499
393500
393501
393502
393503
393504
393505
393506
393507
393508
393509
393510
393511
393512
393513
393514
393516
393517
393518
393519
393520
393521
393522
393523
393524
393525
393526
393527
393528
393529
393530
393531
393532
393533
393534
393535
393536
393537
393538
393539
393540
393541
393542
393543
393544
393545
393546
393547
393548
393549
393550
393551
393552
393553
393554
393555
393556
393557
393558
393559
393560
393561
393562
393563
393564
393565
393566
393567
393568
393569
393570
393571
393573
393574
393575
393576
393577
393578
393579
393580
393581
393582
393583
393584
393585
393586
393587
393588
393589
393590
393591
393592
393593
393594
393595
393596
393597
393598
393600
393601
393602
393603
393604
393605
393606
393607
393608
393609
393610
393611
393612
393613
393615
393616
393617
393618
393619
393620
393621
393622
393623
393624
393625
393626
393627
393628
393629
393630
393631
393632
393633
393634
393635
393636
393637
393638
393639
393640
393641
393642
393643
393644
393645
393646
393647
393648
393649
393650
393651
393652
393653
393654
393655
393656
393657
393658
393659
393660
393661
393662
393663
393664
393665
393666
393667
393668
393669
393670
393671
393672
393673
393674
393675
393676
393677
393678
393679
393680
393681
393682
393683
393684
393685
393686
393687
393688
393689
393690
393691
393692
393693
393694
393695
393696
393697
393698
393699
393700
393701
393702
393703
393704
393705
393706
393707
393708
393709
393710
393711
393712
393713
393714
393715
393716
393717
393718
393719
393720
393721
393722
393723
393724
393725
393726
393727
393728
393729
393730
393731
393732
393733
393734
393735
393736
393737
393738
393739
393740
393741
393742
393743
393744
393745
393746
393747
393748
393749
393750
393751
393752
393753
393754
393755
393756
393757
393758
393759
393760
393761
393762
393763
393764
393765
393766
393767
393768
393769
393770
393771
393772
393773
393774
393775
393776
393777
393778
393779
393780
393781
393782
393783
393784
393785
393786
393787
393788
393789
393790
393791
393792
393793
393794
393795
393796
393797
393798
393799
393800
393801
393802
393803
393804
393805
393806
393807
393809
393810
393811
393812
393813
393814
393815
393816
393817
393818
393819
393820
393821
393822
393823
393824
393825
393826
393827
393828
393830
393831
393832
393833
393834
393835
393836
393837
393838
393839
393840
393841
393842
393843
393844
393845
393846
393847
393848
393849
393850
393851
393852
393853
393854
393856
393857
393858
393859
393860
393861
393862
393863
393864
393865
393866
393867
393868
393869
393870
393871
393872
393873
393874
393875
393876
393877
393878
393879
393880
393881
393882
393883
393884
393885
393886
393887
393888
393889
393890
393891
393892
393893
393894
393895
393896
393897
393898
393899
393900
393901
393902
393903
393904
393905
393906
393907
393908
393909
393910
393911
393912
393913
393914
393915
393916
393917
393918
393919
393920
393921
393922
393923
393924
393925
393926
393927
393928
393929
393930
393931
393932
393933
393934
393935
393936
393937
393938
393939
393940
393941
393942
393943
393944
393945
393946
393947
393948
393949
393950
393951
393952
393953
393954
393955
393956
393957
393958
393959
393960
393961
393962
393963
393964
393965
393966
393967
393968
393969
393970
393971
393972
393973
393974
393975
393976
393977
393978
393979
393980
393981
393982
393983
393984
393985
393986
393987
393988
393989
393990
393991
393992
393993
393994
393995
393996
393997
393998
393999
394000
394001
394002
394003
394004
394005
394006
394007
394008
394009
394010
394011
394012
394013
394014
394015
394016
394017
394018
394019
394020
394021
394022
394023
394024
394025
394026
394027
394028
394029
394030
394031
394032
394033
394034
394035
394036
394037
394038
394039
394040
394041
394042
394043
394044
394045
394046
394047
394048
394049
394050
394051
394052
394053
394054
394055
394056
394057
394058
394059
394060
394061
394062
394063
394064
394065
394066
394067
394068
394069
394070
394071
394072
394073
394074
394075
394076
394077
394078
394079
394080
394081
394082
394083
394084
394085
394086
394087
394088
394089
394090
394091
394092
394093
394094
394095
394096
394097
394098
394099
394100
394101
394102
394103
394104
394105
394106
394107
394109
394110
394111
394112
394113
394114
394116
394117
394118
394119
394120
394121
394122
394123
394124
394125
394126
394127
394128
394129
394131
394132
394133
394134
394135
394136
394137
394138
394139
394140
394141
394142
394143
394144
394145
394146
394147
394148
394149
394150
394151
394152
394153
394154
394155
394157
394158
394159
394160
394161
394162
394163
394164
394165
394166
394167
394168
394169
394170
394171
394172
394173
394174
394175
394176
394177
394178
394179
394180
394181
394183
394184
394185
394186
394189
394190
394191
394192
394193
394194
394195
394196
394197
394198
394199
394200
394201
394202
394203
394204
394205
394206
394207
394209
394210
394211
394212
394213
394214
394215
394216
394217
394218
394219
394220
394221
394222
394223
394224
394225
394226
394227
394228
394229
394230
394231
394232
394233
394234
394235
394236
394237
394238
394239
394240
394241
394242
394243
394244
394245
394246
394247
394248
394249
394250
394251
394252
394253
394254
394255
394256
394257
394258
394259
394261
394262
394263
394264
394265
394266
394267
394268
394269
394270
394271
394272
394273
394274
394275
394276
394277
394278
394279
394280
394281
394282
394283
394284
394285
394286
394287
394288
394289
394290
394291
394292
394294
394295
394296
394297
394298
394299
394300
394301
394302
394303
394304
394305
394306
394307
394308
394309
394310
394311
394312
394313
394314
394315
394316
394318
394319
394320
394321
394322
394323
394324
394325
394326
394327
394328
394329
394330
394331
394332
394333
394334
394335
394336
394337
394338
394339
394340
394341
394342
394343
394344
394345
394346
394347
394348
394349
394350
394351
394352
394353
394354
394355
394356
394357
394358
394359
394360
394361
394362
394363
394364
394365
394366
394367
394369
394370
394371
394372
394373
394375
394376
394377
394378
394379
394380
394381
394382
394383
394384
394385
394386
394387
394388
394389
394391
394392
394393
394394
394395
394396
394397
394398
394399
394400
394401
394403
394404
394405
394406
394408
394409
394410
394411
394413
394414
394415
394416
394417
394418
394419
394420
394421
394422
394423
394424
394425
394426
394427
394428
394429
394430
394431
394432
394433
394434
394435
394436
394437
394438
394439
394440
394441
394442
394443
394444
394445
394446
394447
394448
394449
394450
394451
394452
394453
394454
394455
394456
394458
394459
394460
394461
394462
394463
394464
394465
394466
394467
394468
394469
394470
394471
394472
394473
394474
394475
394476
394477
394478
394479
394480
394481
394482
394483
394484
394485
394486
394487
394488
394489
394490
394491
394492
394493
394494
394495
394496
394497
394498
394499
394500
394501
394502
394504
394505
394506
394507
394508
394510
394511
394512
394513
394514
394515
394516
394517
394518
394519
394520
394521
394522
394523
394524
394525
394526
394527
394528
394529
394530
394531
394532
394533
394534
394535
394536
394537
394538
394540
394541
394542
394543
394544
394545
394546
394547
394548
394549
394550
394551
394552
394553
394554
394555
394556
394557
394558
394559
394560
394561
394562
394563
394564
394565
394566
394567
394568
394569
394570
394571
394572
394573
394574
394575
394576
394577
394578
394579
394580
394581
394582
394583
394584
394585
394586
394587
394588
394589
394590
394591
394592
394593
394594
394595
394596
394597
394598
394599
394600
394601
394602
394603
394604
394605
394606
394607
394608
394609
394610
394611
394612
394613
394614
394615
394616
394617
394618
394619
394620
394621
394622
394623
394624
394625
394626
394627
394628
394629
394630
394631
394632
394633
394636
394637
394638
394639
394640
394641
394642
394643
394644
394645
394646
394647
394648
394649
394650
394651
394652
394653
394654
394655
394656
394657
394658
394659
394660
394661
394662
394664
394665
394666
394667
394668
394669
394670
394671
394672
394673
394674
394675
394676
394677
394678
394679
394680
394681
394682
394683
394684
394685
394686
394687
394688
394689
394690
394691
394692
394693
394694
394695
394696
394697
394698
394699
394700
394701
394702
394703
394704
394705
394706
394707
394708
394709
394710
394712
394713
394714
394715
394716
394717
394718
394719
394720
394722
394723
394724
394725
394726
394727
394728
394729
394730
394731
394732
394733
394734
394735
394736
394737
394738
394739
394740
394741
394742
394743
394744
394745
394746
394747
394748
394749
394750
394751
394752
394753
394755
394756
394757
394758
394759
394760
394761
394762
394763
394764
394765
394766
394767
394768
394769
394770
394771
394772
394773
394774
394775
394776
394777
394778
394779
394780
394781
394782
394783
394784
394786
394787
394788
394789
394790
394791
394792
394793
394794
394795
394796
394797
394798
394799
394800
394802
394803
394805
394806
394808
394809
394810
394811
394812
394813
394814
394815
394816
394817
394818
394819
394820
394821
394822
394823
394824
394825
394826
394827
394828
394829
394830
394831
394832
394833
394834
394836
394837
394838
394839
394840
394841
394842
394843
394844
394845
394846
394847
394848
394849
394850
394851
394852
394853
394854
394855
394856
394857
394858
394859
394860
394861
394862
394863
394864
394865
394866
394867
394868
394869
394870
394871
394872
394873
394874
394875
394876
394877
394878
394879
394880
394881
394882
394883
394884
394885
394886
394887
394888
394889
394890
394891
394892
394893
394894
394895
394896
394897
394898
394899
394901
394902
394903
394904
394905
394906
394907
394908
394909
394910
394911
394912
394913
394914
394915
394916
394917
394918
394919
394920
394921
394922
394923
394924
394925
394926
394927
394928
394929
394930
394931
394932
394933
394934
394935
394937
394938
394940
394941
394942
394943
394944
394945
394946
394947
394948
394949
394950
394951
394952
394953
394954
394955
394956
394957
394958
394959
394960
394961
394962
394963
394964
394965
394966
394967
394968
394969
394970
394971
394972
394973
394974
394975
394976
394977
394978
394979
394980
394981
394982
394983
394984
394985
394986
394987
394988
394989
394990
394991
394992
394993
394994
394995
394996
394997
394998
394999
395000
395001
395002
395003
395004
395005
395006
395007
395008
395009
395010
395011
395012
395013
395014
395015
395016
395017
395018
395019
395020
395021
395022
395023
395024
395026
395027
395028
395029
395030
395031
395032
395033
395034
395035
395036
395037
395038
395039
395040
395041
395042
395043
395044
395045
395046
395047
395048
395049
395050
395051
395052
395053
395054
395055
395056
395057
395058
395059
395060
395061
395062
395063
395064
395065
395066
395067
395068
395069
395070
395071
395072
395073
395074
395075
395076
395077
395078
395079
395080
395081
395082
395083
395084
395085
395086
395087
395088
395089
395090
395091
395092
395093
395094
395095
395096
395097
395098
395099
395100
395101
395102
395103
395104
395105
395106
395108
395109
395110
395111
395112
395113
395114
395115
395116
395117
395118
395119
395120
395121
395122
395123
395124
395125
395126
395127
395128
395129
395130
395132
395133
395134
395135
395136
395137
395138
395139
395140
395141
395142
395143
395144
395145
395146
395147
395148
395149
395150
395151
395152
395153
395154
395155
395156
395157
395158
395159
395160
395161
395162
395163
395164
395165
395166
395167
395168
395169
395170
395171
395172
395173
395174
395175
395176
395177
395178
395179
395180
395181
395182
395183
395184
395185
395186
395187
395188
395189
395190
395191
395192
395193
395194
395196
395197
395198
395199
395200
395201
395202
395203
395204
395205
395206
395207
395208
395209
395210
395211
395212
395213
395214
395215
395216
395217
395218
395219
395220
395221
395223
395224
395225
395226
395227
395228
395229
395230
395231
395232
395233
395234
395235
395236
395237
395238
395239
395240
395241
395242
395243
395244
395245
395246
395247
395248
395249
395250
395251
395252
395253
395254
395255
395256
395257
395258
395259
395260
395261
395262
395263
395264
395265
395266
395267
395268
395269
395271
395272
395273
395274
395275
395277
395278
395279
395280
395281
395282
395283
395284
395285
395286
395287
395288
395289
395290
395291
395292
395294
395295
395296
395297
395298
395299
395300
395301
395302
395303
395304
395305
395306
395307
395308
395309
395310
395311
395313
395314
395315
395316
395317
395318
395319
395320
395321
395322
395323
395324
395325
395326
395327
395328
395329
395330
395331
395332
395333
395334
395335
395336
395337
395338
395339
395340
395341
395342
395343
395344
395345
395346
395347
395348
395349
395351
395352
395353
395354
395355
395356
395357
395358
395359
395360
395361
395362
395363
395364
395365
395366
395367
395368
395369
395370
395371
395372
395373
395374
395375
395378
395379
395380
395381
395382
395384
395385
395386
395387
395388
395389
395390
395391
395392
395393
395394
395395
395396
395397
395398
395399
395400
395401
395402
395403
395404
395405
395407
395408
395409
395410
395411
395412
395413
395414
395415
395416
395417
395418
395419
395420
395421
395422
395423
395424
395425
395426
395427
395428
395429
395430
395431
395432
395433
395434
395435
395436
395437
395439
395440
395441
395442
395443
395444
395445
395446
395447
395448
395449
395450
395451
395452
395453
395454
395455
395456
395457
395458
395459
395460
395461
395462
395463
395464
395465
395466
395467
395468
395471
395472
395473
395474
395475
395476
395477
395478
395479
395480
395481
395482
395483
395484
395485
395486
395487
395488
395489
395490
395491
395492
395493
395494
395495
395496
395497
395498
395499
395500
395501
395502
395503
395504
395505
395506
395507
395508
395509
395510
395511
395512
395513
395514
395515
395516
395517
395518
395519
395520
395522
395523
395524
395525
395526
395528
395529
395530
395532
395533
395534
395535
395536
395537
395538
395539
395540
395541
395542
395543
395544
395545
395546
395547
395548
395549
395550
395551
395552
395553
395554
395555
395556
395558
395559
395560
395561
395562
395563
395564
395565
395566
395567
395568
395569
395570
395571
395572
395573
395574
395575
395576
395577
395578
395579
395580
395581
395582
395583
395584
395585
395586
395587
395589
395590
395591
395592
395593
395594
395595
395596
395597
395598
395599
395600
395601
395602
395603
395604
395605
395606
395607
395608
395609
395610
395611
395612
395613
395614
395615
395616
395617
395618
395619
395620
395621
395622
395623
395624
395625
395626
395627
395628
395629
395630
395631
395632
395633
395634
395635
395636
395637
395638
395639
395640
395641
395642
395643
395644
395645
395646
395647
395648
395649
395650
395651
395652
395653
395654
395655
395656
395657
395658
395659
395660
395661
395662
395663
395664
395665
395666
395668
395669
395670
395671
395672
395673
395674
395675
395676
395677
395678
395679
395680
395681
395682
395683
395684
395685
395686
395687
395688
395689
395690
395691
395692
395693
395694
395695
395696
395698
395699
395700
395701
395702
395703
395704
395705
395706
395707
395708
395709
395710
395711
395712
395713
395714
395715
395716
395717
395718
395719
395720
395721
395722
395723
395724
395725
395726
395727
395728
395729
395730
395731
395732
395733
395734
395735
395736
395737
395738
395739
395740
395741
395742
395743
395744
395745
395746
395747
395748
395749
395750
395751
395752
395753
395754
395755
395756
395757
395758
395759
395760
395761
395762
395764
395766
395767
395768
395769
395770
395771
395772
395773
395774
395775
395776
395777
395778
395779
395780
395782
395783
395784
395785
395786
395787
395788
395789
395790
395791
395792
395793
395794
395795
395796
395797
395798
395799
395800
395801
395802
395803
395804
395805
395806
395807
395808
395809
395810
395811
395812
395813
395814
395815
395816
395817
395818
395819
395820
395821
395823
395824
395825
395826
395827
395828
395829
395830
395831
395832
395833
395834
395835
395836
395837
395838
395839
395840
395841
395842
395843
395844
395845
395846
395847
395848
395849
395850
395851
395852
395853
395854
395855
395856
395857
395858
395859
395860
395861
395862
395863
395864
395865
395866
395867
395868
395870
395871
395872
395873
395874
395875
395876
395877
395878
395879
395880
395881
395882
395883
395884
395885
395886
395887
395889
395890
395891
395892
395893
395894
395895
395896
395897
395898
395899
395900
395901
395902
395903
395905
395906
395907
395909
395910
395911
395912
395913
395914
395915
395916
395917
395918
395919
395920
395921
395922
395923
395924
395925
395926
395927
395928
395929
395931
395932
395933
395934
395935
395936
395937
395938
395939
395940
395941
395942
395943
395944
395945
395946
395947
395948
395949
395950
395951
395952
395953
395954
395955
395956
395957
395958
395959
395960
395961
395962
395963
395964
395965
395966
395967
395968
395969
395970
395971
395972
395973
395974
395975
395976
395977
395978
395979
395980
395981
395982
395983
395984
395986
395987
395988
395989
395990
395991
395992
395993
395994
395995
395996
395997
395998
395999
396000
396001
396002
396003
396004
396005
396006
396007
396008
396009
396010
396011
396012
396013
396014
396015
396016
396017
396018
396019
396020
396021
396022
396023
396024
396025
396026
396027
396028
396029
396030
396031
396032
396033
396034
396035
396036
396037
396038
396039
396040
396041
396042
396043
396044
396045
396046
396047
396048
396049
396050
396051
396052
396053
396054
396055
396056
396057
396058
396060
396061
396062
396063
396064
396065
396066
396067
396068
396069
396070
396071
396072
396073
396074
396075
396077
396078
396080
396081
396082
396083
396084
396085
396086
396087
396088
396089
396090
396091
396092
396093
396094
396095
396096
396097
396098
396099
396100
396101
396102
396103
396104
396105
396106
396107
396108
396109
396110
396111
396112
396113
396114
396115
396117
396118
396119
396121
396122
396123
396124
396125
396126
396127
396128
396129
396130
396131
396132
396133
396134
396135
396136
396137
396138
396139
396140
396141
396142
396143
396145
396147
396148
396149
396150
396151
396152
396153
396154
396155
396156
396157
396158
396159
396160
396161
396162
396163
396164
396165
396166
396167
396168
396169
396170
396171
396172
396173
396174
396175
396176
396177
396178
396179
396180
396181
396182
396183
396184
396185
396186
396187
396188
396189
396190
396191
396192
396193
396194
396195
396196
396197
396198
396199
396200
396201
396202
396203
396204
396205
396206
396207
396208
396209
396210
396211
396212
396213
396214
396215
396217
396218
396219
396220
396221
396222
396223
396224
396225
396226
396227
396228
396229
396230
396231
396232
396233
396235
396236
396237
396238
396239
396240
396241
396242
396243
396244
396245
396246
396247
396248
396249
396250
396251
396252
396253
396254
396255
396256
396257
396258
396259
396260
396261
396262
396263
396264
396265
396266
396267
396268
396269
396270
396271
396272
396273
396274
396275
396276
396277
396278
396279
396280
396281
396282
396283
396284
396285
396286
396287
396288
396289
396290
396291
396292
396294
396295
396296
396297
396298
396299
396300
396301
396302
396303
396304
396305
396306
396307
396308
396309
396310
396311
396312
396313
396315
396316
396317
396318
396319
396320
396321
396322
396323
396325
396326
396327
396328
396329
396331
396332
396333
396334
396335
396336
396337
396338
396339
396340
396341
396342
396343
396344
396345
396346
396347
396348
396349
396350
396351
396352
396353
396354
396355
396356
396357
396358
396359
396361
396362
396363
396364
396365
396367
396368
396369
396370
396371
396372
396373
396374
396375
396376
396377
396379
396380
396381
396382
396383
396384
396385
396386
396387
396388
396389
396390
396391
396392
396393
396394
396395
396396
396397
396398
396399
396400
396401
396402
396403
396404
396405
396406
396407
396408
396409
396410
396411
396412
396414
396415
396416
396417
396418
396419
396420
396421
396422
396423
396424
396425
396427
396428
396429
396430
396431
396432
396433
396434
396435
396436
396437
396438
396439
396440
396441
396442
396443
396444
396445
396446
396447
396448
396449
396450
396451
396452
396453
396454
396455
396456
396457
396458
396459
396460
396461
396462
396463
396464
396465
396466
396467
396468
396469
396470
396471
396472
396473
396474
396475
396476
396477
396478
396479
396480
396481
396482
396483
396484
396485
396486
396487
396488
396489
396490
396491
396492
396493
396494
396495
396496
396497
396498
396499
396500
396501
396502
396503
396504
396505
396506
396507
396508
396509
396510
396511
396512
396513
396514
396515
396516
396517
396518
396519
396520
396521
396522
396523
396524
396525
396526
396527
396528
396529
396530
396531
396532
396533
396534
396535
396536
396537
396538
396539
396829
396830
396832
396833
396834
396835
396836
396837
396838
396839
396840
396841
396842
396843
396844
396845
396846
396847
396848
396849
396850
396851
396852
396853
396855
396856
396857
396858
396859
396860
396861
396862
396863
396864
396865
396866
396867
396868
396869
396870
396871
396872
396873
396874
396875
396876
396877
396878
396879
396880
396881
396882
396883
396884
396885
396886
396887
396888
396889
396890
396891
396892
396893
396895
396896
396897
396898
396899
396900
396901
396902
396903
396904
396905
396906
396907
396908
396909
396910
396911
396912
396913
396914
396915
396916
396917
396918
396919
396920
396921
396922
396923
396924
396925
396926
396927
396928
396929
396930
396931
396932
396933
396934
396935
396936
396937
396938
396939
396940
396941
396942
396943
396944
396945
396946
396947
396948
396949
396950
396951
396952
396953
396954
396955
396956
396957
396958
396959
396960
396961
396962
396963
396964
396965
396966
396967
396968
396969
396970
396971
396972
396973
396974
396975
396976
396977
396979
396980
396981
396982
396983
396984
396985
396986
396987
396988
396989
396990
396991
396992
396993
396994
396995
396996
396997
396998
396999
397000
397001
397002
397003
397004
397005
397006
397007
397008
397009
397010
397011
397012
397013
397014
397016
397018
397019
397020
397021
397022
397023
397024
397026
397027
397028
397029
397030
397031
397032
397033
397034
397035
397036
397037
397038
397039
397040
397041
397042
397043
397044
397045
397046
397047
397048
397049
397050
397051
397052
397053
397054
397055
397056
397057
397058
397059
397060
397061
397062
397063
397064
397065
397066
397068
397069
397070
397071
397072
397073
397074
397075
397076
397077
397078
397079
397080
397081
397082
397083
397084
397085
397086
397087
397088
397089
397090
397091
397092
397093
397094
397095
397096
397097
397098
397099
397100
397101
397102
397103
397105
397106
397107
397108
397109
397110
397111
397112
397113
397114
397115
397116
397117
397118
397119
397120
397121
397122
397123
397124
397125
397126
397127
397128
397129
397130
397131
397132
397133
397134
397135
397136
397137
397138
397139
397140
397141
397142
397143
397144
397145
397146
397147
397148
397149
397150
397151
397152
397153
397154
397155
397156
397158
397159
397160
397161
397162
397163
397164
397165
397166
397167
397168
397169
397170
397171
397172
397173
397174
397175
397176
397177
397178
397179
397180
397181
397182
397183
397184
397185
397186
397187
397188
397189
397190
397191
397192
397193
397213
397244
397245
397246
397247
397248
397249
397250
397251
397252
397253
397254
397255
397256
397257
397258
397259
397260
397261
397262
397263
397264
397265
397266
397267
397268
397269
397270
397271
397272
397273
397274
397275
397276
397277
397278
397279
397280
397281
397282
397283
397284
397285
397286
397287
397288
397289
397290
397291
397292
397293
397294
397295
397296
397297
397298
397299
397300
397301
397302
397303
397304
397305
397306
397307
397308
397309
397310
397311
397312
397313
397314
397315
397316
397317
397318
397319
397320
397321
397322
397323
397324
397325
397326
397328
397329
397330
397331
397332
397333
397334
397335
397336
397337
397338
397339
397340
397341
397342
397343
397344
397345
397346
397347
397348
397349
397350
397351
397352
397353
397354
397355
397356
397357
397358
397359
397360
397361
397362
397363
397364
397365
397366
397367
397368
397369
397370
397371
397372
397373
397374
397375
397376
397377
397378
397379
397380
397381
397382
397383
397384
397385
397386
397387
397388
397389
397390
397391
397392
397393
397394
397395
397396
397397
397398
397399
397400
397401
397402
397403
397404
397405
397406
397407
397408
397409
397410
397411
397412
397413
397414
397415
397416
397417
397418
397419
397420
397421
397422
397423
397424
397425
397426
397427
397428
397429
397430
397431
397432
397433
397434
397435
397436
397437
397438
397439
397440
397441
397442
397443
397444
397445
397446
397447
397448
397449
397450
397451
397452
397453
397454
397455
397456
397457
397458
397459
397460
397462
397463
397464
397465
397466
397467
397468
397469
397470
397471
397472
397473
397474
397475
397476
397477
397478
397479
397480
397481
397482
397483
397484
397485
397486
397487
397488
397489
397491
397493
397494
397495
397496
397497
397498
397499
397501
397502
397503
397504
397505
397506
397507
397508
397509
397510
397511
397512
397513
397523
397524
397525
397526
397527
397528
397529
397530
397531
397532
397533
397534
397535
397536
397537
397538
397539
397540
397541
397542
397543
397544
397545
397546
397547
397548
397549
397550
397551
397552
397553
397554
397555
397556
397557
397558
397559
397560
397561
397562
397563
397564
397565
397566
397567
397568
397569
397570
397571
397572
397573
397574
397575
397576
397582
397583
397584
397585
397586
397587
397588
397589
397590
397591
397592
397593
397594
397595
397596
397597
397598
397599
397600
397601
397602
397603
397604
397605
397606
397607
397608
397609
397610
397611
397612
397613
397614
397615
397616
397617
397618
397619
397620
397621
397622
397623
397624
397625
397626
397627
397628
397629
397630
397631
397632
397633
397634
397635
397636
397637
397638
397639
397640
397641
397642
397643
397644
397645
397646
397647
397648
397649
397650
397651
397652
397653
397654
397655
397656
397657
397658
397659
397660
397661
397662
397663
397664
397665
397666
397667
397668
397669
397670
397671
397672
397673
397674
397675
397676
397677
397678
397679
397680
397681
397682
397683
397684
397685
397686
397687
397688
397689
397690
397691
397692
397693
397694
397695
397696
397697
397698
397699
397700
397701
397702
397703
397704
397705
397706
397707
397708
397709
397710
397711
397712
397713
397714
397715
397716
397717
397718
397719
397720
397721
397722
397723
397724
397725
397726
397727
397728
397729
397730
397731
397732
397733
397734
397735
397736
397737
397738
397739
397740
397741
397742
397743
397745
397746
397747
397748
397749
397750
397751
397753
397754
397755
397756
397757
397758
397759
397760
397761
397762
397763
397764
397765
397766
397767
397768
397769
397770
397771
397772
397773
397774
397775
397776
397777
397778
397779
397780
397781
397782
397783
397784
397785
397786
397787
397788
397789
397790
397791
397792
397793
397794
397795
397796
397797
397798
397799
397800
397801
397802
397803
397804
397805
397806
397807
397808
397809
397810
397811
397812
397813
397814
397815
397816
397817
397818
397819
397820
397821
397822
397823
397824
397825
397826
397827
397828
397829
397830
397831
397832
397833
397835
397836
397837
397838
397839
397840
397841
397842
397843
397844
397845
397846
397847
397848
397849
397850
397851
397852
397853
397854
397855
397856
397857
397858
397859
397860
397861
397862
397863
397864
397865
397866
397867
397868
397869
397870
397871
397872
397873
397874
397875
397876
397877
397878
397879
397880
397881
397882
397883
397884
397885
397886
397887
397888
397889
397890
397891
397892
397893
397894
397895
397896
397897
397898
397899
397900
397901
397902
397903
397904
397905
397906
397907
397908
397909
397910
397911
397912
397913
397914
397915
397916
397917
397918
397919
397920
397921
397922
397923
397924
397925
397926
397927
397928
397929
397930
397931
397932
397933
397934
397935
397936
397937
397938
397939
397940
397941
397942
397943
397944
397945
397946
397947
397948
397949
397950
397951
397952
397953
397954
397955
397956
397957
397958
397959
397960
397961
397962
397963
397964
397965
397966
397967
397968
397969
397970
397971
397972
397973
397974
397975
397976
397977
397978
397980
397981
397982
397983
397984
397985
397986
397987
397988
397989
397990
397991
397992
397993
397994
397995
397996
397997
397998
397999
398000
398001
398002
398003
398004
398005
398006
398007
398008
398009
398010
398011
398012
398013
398014
398015
398016
398017
398018
398019
398020
398021
398022
398023
398024
398025
398026
398027
398028
398029
398030
398031
398032
398033
398034
398035
398036
398037
398038
398039
398040
398041
398042
398043
398044
398045
398046
398047
398048
398049
398050
398051
398052
398053
398054
398055
398056
398057
398058
398059
398060
398061
398062
398063
398064
398065
398066
398067
398068
398069
398070
398071
398072
398073
398074
398075
398077
398078
398079
398080
398081
398082
398083
398084
398085
398086
398087
398088
398089
398090
398091
398092
398093
398094
398095
398097
398098
398099
398100
398101
398111
398112
398113
398114
398115
398116
398117
398118
398119
398121
398122
398123
398124
398125
398126
398127
398130
398131
398132
398133
398134
398135
398136
398137
398138
398140
398141
398142
398143
398144
398145
398146
398147
398148
398149
398151
398152
398153
398154
398155
398156
398157
398158
398159
398160
398161
398162
398163
398164
398165
398166
398167
398168
398169
398170
398171
398172
398173
398174
398175
398176
398177
398178
398179
398180
398181
398182
398183
398184
398185
398186
398187
398188
398189
398190
398191
398192
398193
398194
398195
398196
398197
398198
398199
398200
398201
398202
398203
398204
398205
398206
398207
398209
398210
398211
398212
398214
398215
398216
398217
398218
398219
398220
398221
398222
398223
398224
398226
398227
398228
398229
398230
398231
398232
398233
398234
398235
398236
398237
398238
398239
398240
398241
398242
398243
398244
398245
398246
398247
398248
398249
398250
398251
398252
398253
398254
398255
398256
398257
398258
398259
398260
398261
398262
398263
398264
398265
398266
398267
398268
398269
398270
398271
398272
398273
398274
398275
398276
398277
398278
398279
398280
398281
398283
398284
398285
398286
398287
398288
398289
398290
398291
398292
398293
398295
398296
398297
398298
398299
398300
398301
398302
398303
398304
398305
398306
398307
398308
398310
398311
398312
398313
398314
398315
398316
398317
398318
398319
398320
398321
398322
398323
398324
398325
398326
398327
398328
398329
398330
398331
398332
398333
398334
398335
398336
398337
398338
398339
398341
398342
398343
398344
398345
398346
398347
398348
398349
398350
398351
398352
398353
398354
398355
398356
398357
398358
398359
398360
398361
398362
398363
398364
398365
398366
398367
398368
398369
398370
398371
398372
398373
398374
398375
398376
398377
398378
398379
398380
398381
398382
398383
398384
398385
398386
398387
398388
398389
398390
398391
398392
398393
398394
398395
398396
398397
398398
398399
398400
398401
398402
398403
398404
398405
398406
398407
398408
398409
398410
398411
398412
398413
398414
398415
398416
398417
398418
398419
398420
398421
398422
398423
398424
398425
398426
398427
398428
398429
398430
398431
398432
398433
398434
398435
398436
398437
398438
398439
398440
398441
398442
398443
398444
398445
398446
398447
398448
398449
398450
398451
398452
398453
398454
398455
398456
398457
398458
398459
398460
398461
398462
398463
398464
398465
398466
398467
398468
398469
398470
398471
398472
398473
398474
398475
398476
398477
398478
398479
398480
398481
398482
398483
398484
398485
398486
398487
398488
398489
398490
398491
398492
398493
398494
398495
398496
398497
398498
398499
398500
398535
398536
398537
398538
398539
398540
398541
398542
398543
398544
398545
398546
398548
398549
398550
398551
398552
398553
398554
398555
398556
398557
398558
398559
398560
398561
398562
398563
398564
398565
398566
398567
398568
398569
398570
398571
398572
398573
398574
398575
398576
398577
398578
398579
398580
398581
398582
398635
398636
398637
398638
398639
398640
398641
398642
398643
398644
398645
398646
398647
398648
398649
398650
398651
398652
398653
398654
398655
398656
398662
398663
398664
398665
398666
398667
398668
398669
398670
398671
398672
398696
398697
398698
398699
398700
398701
398702
398703
398704
398705
398706
398707
398708
398709
398710
398711
398712
398713
398714
398715
398716
398717
398718
398719
398720
398721
398722
398723
398724
398725
398726
398727
398728
398729
398730
398731
398732
398733
398734
398736
398738
398739
398740
398741
398742
398743
398744
398745
398746
398747
398748
398749
398750
398751
398752
398753
398754
398755
398756
398757
398758
398759
398760
398761
398762
398763
398764
398765
398766
398767
398768
398769
398770
398771
398772
398773
398774
398775
398776
398777
398778
398779
398780
398781
398782
398783
398784
398785
398795
398796
398797
398798
398799
398800
398801
398802
398803
398804
398805
398806
398807
398808
398809
398810
398811
398812
398813
398814
398815
398816
398817
398818
398819
398820
398821
398822
398823
398824
398825
398826
398827
398828
398830
398831
398832
398833
398834
398835
398836
398837
398838
398839
398840
398841
398842
398843
398844
398845
398846
398847
398848
398849
398850
398851
398852
398854
398855
398856
398857
398858
398859
398860
398861
398862
398863
398864
398865
398866
398867
398868
398869
398870
398871
398872
398873
398874
398875
398876
398877
398878
398879
398880
398881
398882
398883
398885
398886
398887
398888
398889
398890
398891
398892
398893
398894
398895
398896
398897
398898
398899
398900
398901
398902
398903
398904
398905
398906
398907
398908
398909
398910
398911
398912
398913
398914
398915
398916
398917
398918
398919
398920
398921
398922
398923
398924
398926
398927
398928
398929
398931
398932
398933
398934
398936
398937
398938
398939
398940
398941
398942
398943
398944
398945
398946
398947
398949
398950
398951
398952
398953
398954
398955
398956
398957
398958
398959
398960
398961
398962
398963
398964
398965
398966
398967
398968
398969
398970
398971
398975
398976
398977
398978
398979
398980
398981
398982
398983
398984
398985
398986
398987
398988
398989
398990
398991
398992
398993
398994
398995
398996
398997
398998
398999
399000
399001
399002
399003
399004
399005
399006
399007
399008
399009
399011
399012
399013
399014
399015
399016
399017
399018
399019
399020
399022
399023
399024
399025
399026
399027
399028
399029
399030
399031
399032
399033
399034
399035
399036
399037
399038
399039
399040
399041
399042
399043
399044
399045
399046
399047
399048
399049
399050
399051
399052
399053
399054
399055
399056
399057
399058
399059
399060
399061
399062
399063
399064
399065
399066
399067
399068
399069
399070
399071
399072
399073
399074
399075
399076
399077
399078
399079
399081
399082
399083
399084
399085
399086
399087
399088
399089
399090
399091
399092
399093
399094
399096
399097
399098
399099
399100
399101
399102
399103
399104
399105
399106
399107
399108
399109
399110
399111
399112
399113
399114
399115
399116
399117
399118
399119
399120
399121
399122
399123
399124
399125
399126
399127
399128
399129
399130
399131
399132
399133
399134
399135
399136
399137
399138
399140
399141
399142
399143
399145
399146
399148
399149
399150
399151
399181
399182
399183
399184
399185
399186
399187
399188
399189
399190
399191
399192
399193
399194
399195
399196
399197
399198
399199
399200
399201
399202
399203
399204
399205
399206
399207
399208
399209
399210
399211
399212
399213
399214
399215
399216
399217
399218
399219
399220
399221
399222
399223
399224
399225
399226
399227
399228
399229
399230
399231
399232
399233
399234
399235
399237
399238
399239
399240
399241
399242
399243
399244
399245
399246
399247
399248
399249
399250
399251
399252
399253
399254
399255
399256
399257
399258
399259
399260
399261
399262
399265
399266
399267
399268
399269
399270
399271
399272
399273
399274
399275
399276
399277
399278
399279
399280
399281
399282
399283
399284
399285
399286
399287
399288
399289
399290
399291
399292
399293
399294
399295
399296
399298
399299
399300
399301
399302
399303
399304
399305
399306
399307
399308
399309
399310
399311
399313
399314
399315
399316
399317
399318
399319
399320
399321
399322
399323
399324
399325
399326
399327
399328
399329
399330
399331
399332
399333
399334
399335
399337
399338
399339
399340
399341
399342
399343
399344
399345
399346
399347
399348
399349
399350
399351
399352
399353
399354
399355
399356
399357
399358
399360
399361
399362
399363
399364
399365
399366
399367
399368
399369
399370
399371
399372
399373
399374
399375
399376
399377
399378
399380
399381
399383
399384
399385
399386
399387
399388
399389
399390
399391
399392
399393
399394
399395
399396
399397
399398
399399
399400
399401
399402
399403
399404
399405
399406
399407
399408
399409
399410
399411
399412
399413
399414
399415
399416
399417
399418
399419
399420
399421
399422
399423
399424
399425
399426
399427
399429
399430
399431
399432
399433
399434
399435
399436
399437
399439
399440
399441
399442
399443
399444
399445
399446
399447
399448
399449
399450
399451
399453
399454
399455
399456
399457
399458
399459
399462
399463
399464
399465
399466
399467
399469
399470
399471
399472
399473
399474
399475
399476
399477
399478
399479
399480
399482
399483
399484
399485
399486
399487
399488
399489
399490
399491
399492
399493
399494
399495
399496
399497
399498
399499
399500
399501
399502
399503
399504
399505
399506
399507
399508
399509
399510
399511
399512
399513
399514
399516
399518
399519
399520
399521
399522
399523
399524
399525
399526
399527
399528
399529
399530
399531
399532
399533
399534
399535
399536
399537
399538
399539
399540
399541
399542
399543
399544
399545
399546
399547
399548
399549
399550
399551
399552
399553
399554
399555
399556
399558
399559
399560
399561
399562
399563
399564
399566
399567
399568
399569
399570
399571
399572
399573
399574
399575
399576
399577
399578
399579
399580
399581
399582
399583
399584
399585
399586
399587
399588
399589
399590
399591
399592
399593
399594
399595
399596
399597
399598
399599
399600
399601
399602
399603
399604
399605
399606
399607
399608
399609
399610
399611
399612
399613
399614
399615
399616
399617
399619
399620
399621
399622
399623
399624
399625
399626
399627
399628
399629
399630
399632
399633
399634
399635
399636
399637
399638
399639
399640
399641
399642
399643
399644
399645
399646
399647
399648
399649
399650
399651
399652
399653
399654
399655
399656
399657
399658
399659
399660
399661
399662
399663
399664
399665
399666
399667
399668
399669
399670
399671
399672
399673
399674
399675
399676
399678
399679
399680
399681
399682
399683
399684
399685
399686
399687
399688
399689
399690
399691
399692
399693
399694
399695
399696
399697
399698
399699
399700
399701
399702
399703
399704
399705
399706
399707
399708
399709
399710
399711
399712
399713
399714
399715
399716
399717
399719
399720
399721
399723
399724
399725
399726
399727
399728
399729
399730
399731
399732
399733
399734
399735
399736
399737
399738
399740
399741
399742
399743
399744
399745
399746
399747
399748
399749
399750
399751
399752
399753
399754
399755
399756
399757
399758
399759
399760
399761
399762
399763
399764
399765
399766
399767
399768
399769
399770
399771
399772
399773
399774
399775
399776
399777
399778
399779
399780
399781
399782
399783
399784
399785
399786
399787
399788
399789
399790
399791
399792
399793
399794
399796
399797
399798
399799
399800
399801
399802
399803
399804
399805
399806
399807
399808
399809
399810
399811
399812
399813
399814
399815
399816
399817
399818
399819
399820
399821
399822
399823
399824
399825
399826
399827
399828
399829
399830
399831
399832
399833
399834
399835
399836
399837
399838
399839
399840
399841
399842
399843
399844
399845
399846
399847
399848
399849
399850
399851
399852
399853
399854
399855
399856
399857
399858
399859
399860
399861
399862
399863
399864
399865
399866
399867
399868
399869
399870
399871
399872
399873
399874
399876
399877
399878
399879
399880
399881
399882
399883
399885
399886
399887
399888
399889
399890
399891
399892
399893
399894
399895
399896
399897
399898
399899
399900
399901
399902
399904
399907
399908
399909
399910
399911
399912
399913
399914
399915
399916
399917
399918
399919
399920
399921
399922
399923
399924
399925
399926
399927
399928
399929
399930
399931
399932
399934
399935
399936
399937
399938
399939
399940
399941
399942
399943
399944
399945
399946
399947
399948
399949
399950
399951
399952
399953
399954
399956
399957
399958
399959
399960
399961
399962
399963
399964
399965
399966
399967
399968
399969
399970
399971
399972
399973
399974
399975
399976
399977
399978
399979
399980
399981
399982
399983
399984
399985
399986
399987
399988
399989
399990
399991
399992
399993
399994
399995
399996
399997
399998
399999
400000
400001
400002
400003
400004
400005
400006
400007
400008
400009
400011
400012
400013
400014
400015
400016
400017
400018
400019
400020
400021
400022
400023
400024
400025
400027
400028
400029
400030
400031
400032
400033
400034
400035
400036
400037
400038
400039
400040
400041
400042
400043
400044
400045
400046
400047
400048
400049
400050
400051
400052
400053
400054
400055
400056
400057
400058
400059
400060
400061
400062
400063
400064
400065
400066
400067
400068
400069
400070
400071
400072
400073
400074
400075
400076
400077
400078
400079
400080
400081
400082
400083
400084
400085
400086
400087
400088
400089
400090
400091
400092
400093
400094
400095
400096
400097
400098
400099
400100
400101
400102
400103
400104
400105
400106
400107
400108
400109
400110
400112
400113
400114
400115
400116
400117
400118
400119
400120
400121
400122
400123
400124
400125
400126
400127
400128
400129
400130
400131
400132
400133
400134
400135
400136
400137
400138
400139
400140
400141
400142
400143
400144
400145
400146
400147
400148
400149
400150
400151
400152
400153
400154
400155
400156
400157
400159
400160
400161
400162
400163
400164
400165
400166
400167
400168
400169
400170
400171
400172
400173
400174
400175
400176
400177
400178
400179
400180
400181
400182
400183
400185
400186
400187
400188
400189
400190
400191
400192
400193
400194
400195
400196
400197
400198
400199
400200
400201
400202
400203
400204
400205
400207
400208
400209
400210
400211
400212
400213
400214
400215
400216
400217
400218
400219
400220
400221
400222
400223
400224
400225
400226
400227
400228
400229
400230
400232
400233
400234
400235
400236
400237
400238
400239
400240
400241
400242
400243
400244
400245
400246
400247
400248
400249
400250
400251
400252
400253
400254
400255
400256
400257
400258
400259
400260
400261
400262
400263
400264
400265
400266
400267
400268
400270
400271
400272
400273
400275
400276
400277
400278
400279
400280
400281
400282
400283
400284
400285
400286
400287
400288
400289
400290
400291
400293
400294
400295
400296
400298
400299
400300
400301
400302
400303
400304
400305
400306
400307
400309
400310
400311
400312
400313
400314
400315
400316
400317
400318
400319
400320
400321
400322
400323
400324
400325
400326
400327
400328
400329
400330
400331
400332
400333
400334
400335
400336
400337
400338
400339
400340
400341
400342
400343
400344
400345
400346
400347
400348
400349
400350
400351
400352
400353
400354
400355
400356
400357
400358
400359
400360
400361
400362
400363
400364
400365
400366
400367
400368
400369
400370
400371
400372
400373
400374
400375
400376
400377
400378
400379
400380
400381
400382
400383
400384
400385
400386
400387
400388
400389
400390
400391
400392
400393
400394
400395
400396
400397
400398
400399
400400
400401
400402
400403
400404
400405
400406
400407
400408
400409
400410
400411
400412
400413
400414
400415
400416
400417
400418
400419
400420
400421
400422
400423
400424
400425
400426
400427
400428
400429
400430
400431
400432
400433
400434
400435
400436
400437
400438
400439
400440
400441
400442
400443
400444
400445
400446
400447
400448
400449
400450
400451
400452
400453
400454
400455
400456
400457
400458
400459
400460
400461
400462
400463
400464
400465
400466
400467
400469
400470
400471
400472
400473
400474
400475
400476
400477
400478
400479
400480
400481
400482
400483
400484
400485
400486
400487
400488
400489
400490
400491
400492
400493
400494
400496
400497
400498
400499
400500
400501
400502
400503
400504
400505
400506
400507
400508
400509
400510
400511
400512
400513
400514
400515
400516
400517
400518
400519
400520
400521
400522
400523
400524
400525
400526
400527
400528
400529
400530
400531
400532
400533
400534
400535
400536
400537
400538
400539
400540
400541
400542
400543
400544
400545
400546
400547
400548
400549
400550
400551
400552
400553
400554
400555
400556
400557
400558
400559
400560
400561
400562
400563
400564
400566
400567
400568
400569
400570
400571
400572
400583
400584
400585
400586
400587
400588
400589
400590
400591
400592
400593
400594
400595
400596
400597
400598
400599
400600
400601
400602
400603
400604
400605
400606
400607
400608
400609
400610
400611
400613
400614
400615
400616
400617
400618
400619
400621
400622
400623
400624
400625
400626
400627
400628
400629
400630
400631
400632
400633
400634
400635
400636
400637
400638
400639
400640
400641
400643
400644
400645
400646
400647
400648
400649
400650
400651
400652
400653
400654
400655
400656
400657
400658
400659
400660
400661
400662
400663
400664
400665
400668
400669
400670
400671
400672
400673
400674
400675
400676
400677
400678
400679
400680
400681
400682
400683
400684
400685
400686
400687
400688
400689
400690
400691
400692
400693
400694
400695
400696
400697
400698
400699
400700
400701
400702
400703
400704
400705
400706
400707
400708
400709
400710
400711
400712
400713
400714
400715
400716
400717
400718
400719
400720
400721
400722
400723
400724
400725
400726
400727
400728
400729
400730
400731
400732
400733
400734
400735
400736
400737
400738
400739
400740
400741
400742
400743
400744
400745
400746
400756
400757
400758
400759
400760
400761
400762
400763
400764
400765
400766
400767
400768
400769
400770
400771
400772
400773
400774
400775
400776
400777
400778
400779
400780
400781
400782
400783
400784
400786
400788
400789
400790
400791
400792
400793
400794
400795
400796
400797
400798
400799
400800
400801
400802
400803
400804
400805
400806
400807
400808
400809
400810
400811
400812
400813
400814
400815
400816
400817
400818
400819
400820
400821
400822
400823
400824
400825
400826
400827
400828
400829
400830
400831
400832
400833
400834
400835
400836
400837
400838
400839
400840
400841
400842
400843
400844
400845
400846
400847
400848
400849
400850
400851
400852
400853
400854
400855
400856
400857
400858
400859
400860
400861
400862
400863
400864
400865
400866
400867
400868
400869
400870
400882
400883
400884
400885
400886
400887
400888
400889
400890
400891
400892
400893
400894
400895
400896
400897
400898
400899
400900
400901
400902
400903
400904
400905
400908
400909
400910
400911
400912
400913
400914
400915
400916
400917
400918
400919
400920
400921
400922
400923
400924
400925
400926
400927
400928
400929
400930
400931
400932
400933
400934
400935
400936
400937
400938
400939
400940
400941
400942
400943
400944
400945
400946
400947
400948
400949
400950
400951
400952
400953
400956
400957
400958
400959
400960
400961
400962
400963
400964
400965
400966
400967
400969
400970
400972
400973
400974
400975
400976
400977
400979
400980
400981
400982
400983
400984
400985
400986
400987
400988
400989
400990
400991
400992
400993
400994
400995
400996
400997
400998
400999
401000
401001
401002
401004
401005
401006
401007
401008
401009
401010
401012
401013
401014
401015
401017
401018
401019
401020
401021
401022
401023
401024
401025
401026
401027
401028
401029
401030
401031
401032
401033
401034
401035
401036
401037
401038
401039
401040
401041
401042
401043
401044
401045
401046
401047
401048
401049
401050
401051
401052
401053
401054
401055
401056
401057
401058
401059
401060
401061
401062
401063
401064
401065
401066
401067
401068
401069
401070
401071
401072
401073
401074
401075
401076
401077
401078
401079
401080
401081
401082
401083
401085
401086
401087
401088
401089
401090
401091
401092
401093
401094
401095
401096
401097
401098
401099
401100
401101
401102
401103
401104
401105
401106
401108
401109
401110
401112
401113
401114
401115
401116
401117
401118
401119
401120
401121
401122
401123
401124
401125
401126
401127
401128
401129
401130
401131
401132
401133
401134
401135
401136
401137
401138
401139
401140
401141
401142
401143
401144
401145
401146
401147
401148
401149
401150
401151
401152
401153
401154
401155
401156
401157
401158
401159
401160
401161
401162
401163
401164
401165
401166
401167
401168
401169
401170
401171
401172
401173
401174
401175
401176
401177
401178
401179
401180
401181
401182
401183
401184
401185
401186
401187
401188
401189
401190
401191
401192
401193
401194
401195
401196
401197
401198
401199
401200
401201
401202
401203
401204
401205
401206
401207
401208
401209
401210
401211
401212
401213
401214
401215
401216
401217
401218
401219
401220
401221
401222
401223
401224
401225
401226
401227
401228
401229
401230
401231
401232
401233
401234
401235
401236
401237
401238
401239
401240
401241
401242
401243
401244
401245
401246
401247
401248
401249
401250
401251
401252
401253
401254
401255
401256
401258
401259
401260
401261
401262
401263
401264
401265
401266
401267
401268
401269
401270
401271
401272
401273
401274
401275
401276
401277
401278
401279
401280
401281
401282
401283
401284
401285
401286
401287
401288
401289
401290
401291
401292
401293
401294
401295
401296
401297
401298
401299
401300
401301
401302
401304
401305
401306
401307
401308
401309
401310
401311
401312
401313
401314
401315
401316
401317
401318
401319
401320
401321
401322
401323
401324
401325
401326
401327
401328
401329
401330
401331
401332
401333
401334
401335
401336
401337
401338
401339
401340
401341
401342
401343
401344
401345
401346
401347
401348
401349
401350
401351
401352
401353
401354
401355
401356
401357
401358
401359
401360
401361
401362
401363
401364
401365
401366
401367
401368
401370
401371
401372
401373
401374
401375
401377
401378
401379
401380
401381
401382
401383
401384
401385
401386
401387
401388
401389
401390
401391
401392
401393
401394
401395
401396
401397
401398
401399
401400
401401
401402
401403
401404
401405
401406
401407
401408
401409
401410
401411
401412
401413
401414
401415
401416
401417
401418
401419
401420
401421
401422
401423
401424
401425
401426
401427
401428
401429
401430
401431
401432
401433
401434
401435
401436
401437
401438
401439
401440
401441
401442
401443
401444
401445
401446
401447
401448
401449
401450
401451
401452
401453
401454
401455
401456
401457
401458
401459
401460
401461
401462
401463
401464
401465
401466
401467
401468
401469
401470
401471
401472
401473
401474
401475
401476
401477
401478
401479
401480
401481
401482
401483
401484
401485
401486
401487
401488
401489
401490
401491
401492
401493
401494
401495
401496
401497
401498
401499
401500
401501
401502
401503
401504
401505
401506
401507
401508
401509
401510
401511
401512
401513
401514
401515
401516
401517
401518
401519
401520
401521
401522
401523
401524
401525
401526
401527
401528
401529
401530
401531
401532
401533
401534
401535
401536
401537
401538
401539
401540
401541
401542
401543
401544
401545
401546
401547
401548
401549
401550
401551
401552
401553
401554
401555
401556
401557
401558
401559
401560
401561
401562
401563
401564
401565
401566
401567
401568
401569
401570
401571
401572
401573
401574
401575
401576
401577
401578
401579
401580
401581
401582
401583
401584
401585
401586
401587
401588
401589
401590
401591
401592
401593
401594
401595
401596
401597
401598
401599
401600
401601
401602
401603
401604
401605
401606
401607
401608
401609
401610
401611
401612
401613
401614
401615
401616
401617
401618
401619
401620
401621
401622
401623
401624
401625
401626
401627
401628
401629
401630
401631
401632
401633
401634
401635
401636
401637
401638
401639
401640
401641
401642
401643
401644
401645
401646
401647
401648
401649
401650
401651
401652
401653
401654
401655
401656
401657
401658
401659
401660
401661
401662
401663
401664
401665
401666
401667
401668
401669
401670
401671
401672
401673
401674
401675
401676
401677
401678
401679
401680
401681
401682
401683
401684
401685
401686
401687
401688
401689
401690
401691
401692
401693
401694
401695
401696
401697
401698
401699
401700
401701
401702
401703
401704
401705
401706
401707
401708
401709
401710
401711
401712
401713
401714
401715
401716
401718
401719
401720
401721
401722
401723
401724
401725
401726
401727
401728
401729
401730
401731
401732
401733
401734
401735
401736
401737
401738
401739
401740
401741
401742
401743
401744
401745
401746
401747
401748
401749
401750
401751
401752
401753
401754
401755
401756
401757
401758
401759
401760
401761
401762
401763
401764
401765
401766
401767
401768
401769
401770
401771
401772
401773
401774
401775
401776
401777
401778
401779
401780
401781
401782
401783
401784
401785
401786
401787
401788
401789
401790
401791
401792
401793
401794
401795
401796
401797
401798
401799
401800
401801
401802
401803
401804
401805
401806
401807
401808
401809
401810
401811
401812
401813
401814
401815
401816
401817
401818
401819
401820
401821
401822
401823
401824
401825
401826
401827
401828
401829
401830
401831
401832
401833
401834
401835
401836
401837
401838
401839
401840
401841
401842
401843
401844
401845
401846
401847
401848
401849
401850
401851
401852
401853
401854
401855
401856
401857
401858
401859
401860
401861
401862
401863
401864
401865
401866
401867
401868
401869
401870
401871
401872
401873
401874
401875
401876
401877
401878
401879
401880
401881
401882
401883
401884
401885
401886
401887
401888
401889
401890
401891
401892
401893
401894
401895
401896
401897
401898
401899
401900
401901
401902
401903
401904
401905
401906
401907
401908
401909
401910
401911
401912
401913
401914
401915
401916
401917
401918
401919
401920
401921
401922
401923
401924
401925
401926
401927
401928
401929
401930
401931
401932
401933
401934
401935
401936
401937
401938
401939
401940
401941
401942
401943
401944
401945
401946
401947
401948
401949
401950
401951
401952
401953
401954
401955
401956
401957
401958
401959
401960
401961
401962
401963
401964
401965
401966
401967
401968
401969
401970
401971
401972
401973
401974
401975
401976
401977
401978
401979
401980
401981
401982
401983
401984
401985
401986
401987
401988
401989
401990
401991
401992
401993
401994
401995
401996
401997
401998
401999
402000
402001
402331
402332